[15:50:40] [main/INFO] (cpw.mods.modlauncher.Launcher) ModLauncher running: args [--launchTarget, forgeclientuserdev, --version, 21.0.167, --assetIndex, 1.21-17, --assetsDir, D:\.gradle\caches\fabric-loom\assets, --gameDir, ., --fml.neoForgeVersion, 21.0.167, --fml.fmlVersion, 4.0.23, --fml.mcVersion, 1.21, --fml.neoFormVersion, 20240613.152323]
[15:50:40] [main/INFO] (cpw.mods.modlauncher.Launcher) JVM identified as Oracle Corporation OpenJDK 64-Bit Server VM 21.0.2+13-58
[15:50:40] [main/INFO] (cpw.mods.modlauncher.Launcher) ModLauncher 11.0.4+main.d2e20e43 starting: java version 21.0.2 by Oracle Corporation; OS Windows 11 arch amd64 version 10.0
[15:50:40] [main/DEBUG] (cpw.mods.modlauncher.LaunchServiceHandler) Found launch services [minecraft,forgeclient,forgedatauserdev,testharness,forgeserverdev,forgeserveruserdev,forgejunitdev,forgeclientdev,forgeclientuserdev,forgeserver,forgejunituserdev,forgedatadev]
[15:50:40] [main/INFO] (unprotect) Initializing Unprotect using ModLauncher backend, target: Minecraft and loader classes (minecraft+forge)
[15:50:40] [main/DEBUG] (cpw.mods.modlauncher.LaunchPluginHandler) Found launch plugins: [mixin,slf4jfixer,runtime_enum_extender,unprotect,accesstransformer,runtimedistcleaner]
[15:50:40] [main/DEBUG] (cpw.mods.modlauncher.TransformationServicesHandler) Discovering transformation services
[15:50:40] [main/DEBUG] (net.neoforged.fml.loading.FMLPaths) Path GAMEDIR is D:\MixinRuntime121\run
[15:50:40] [main/DEBUG] (net.neoforged.fml.loading.FMLPaths) Path MODSDIR is D:\MixinRuntime121\run\mods
[15:50:40] [main/DEBUG] (net.neoforged.fml.loading.FMLPaths) Path CONFIGDIR is D:\MixinRuntime121\run\config
[15:50:40] [main/DEBUG] (net.neoforged.fml.loading.FMLPaths) Path FMLCONFIG is D:\MixinRuntime121\run\config\fml.toml
[15:50:40] [main/DEBUG] (net.neoforged.fml.loading.targets.CommonLaunchHandler) Got mod coordinates main%%D:\MixinRuntime121\build\resources\main;main%%D:\MixinRuntime121\build\classes\java\main;main%%D:\MixinRuntime121\out\production\classes;main%%D:\MixinRuntime121\out\production\resources from env
[15:50:40] [main/DEBUG] (net.neoforged.fml.loading.targets.CommonLaunchHandler) Found supplied mod coordinates [{main=[D:\MixinRuntime121\build\resources\main, D:\MixinRuntime121\build\classes\java\main, D:\MixinRuntime121\out\production\classes, D:\MixinRuntime121\out\production\resources]}]
[15:50:40] [main/DEBUG] (cpw.mods.modlauncher.TransformationServicesHandler) Found additional transformation services from discovery services: 
[15:50:40] [main/INFO] (net.neoforged.fml.loading.ImmediateWindowHandler) Loading ImmediateWindowProvider fmlearlywindow
[15:50:40] [main/INFO] (EARLYDISPLAY) Trying GL version 4.6
[15:50:41] [main/INFO] (EARLYDISPLAY) Requested GL version 4.6 got version 4.6
[15:50:41] [main/DEBUG] (cpw.mods.modlauncher.TransformationServicesHandler) Found transformer services : [mixin,fml]
[15:50:41] [main/DEBUG] (cpw.mods.modlauncher.TransformationServicesHandler) Transformation services loading
[15:50:41] [main/DEBUG] (cpw.mods.modlauncher.TransformationServiceDecorator) Loading service mixin
[15:50:41] [main/DEBUG] (cpw.mods.modlauncher.TransformationServiceDecorator) Loaded service mixin
[15:50:41] [main/DEBUG] (cpw.mods.modlauncher.TransformationServiceDecorator) Loading service fml
[15:50:41] [main/DEBUG] (net.neoforged.fml.loading.FMLLoader) FML 4.0.23 loading
[15:50:41] [main/DEBUG] (net.neoforged.fml.loading.FMLLoader) FML found ModLauncher version : 11.0.4+main.d2e20e43
[15:50:41] [main/DEBUG] (net.neoforged.fml.loading.FMLLoader) FML found AccessTransformer version : 10.0.1+139da711
[15:50:41] [main/DEBUG] (net.neoforged.fml.loading.FMLLoader) FML found EventBus version : null
[15:50:41] [main/DEBUG] (net.neoforged.fml.loading.FMLLoader) Found Runtime Dist Cleaner
[15:50:41] [main/DEBUG] (cpw.mods.modlauncher.TransformationServiceDecorator) Loaded service fml
[15:50:41] [main/DEBUG] (cpw.mods.modlauncher.TransformationServicesHandler) Configuring option handling for services
[15:50:41] [main/DEBUG] (net.neoforged.fml.loading.FMLServiceProvider) Received command line version data  : VersionInfo[neoForgeVersion=21.0.167, fmlVersion=4.0.23, mcVersion=1.21, neoFormVersion=20240613.152323]
[15:50:41] [main/DEBUG] (cpw.mods.modlauncher.TransformationServicesHandler) Transformation services initializing
[15:50:41] [main/DEBUG] (cpw.mods.modlauncher.TransformationServiceDecorator) Initializing transformation service mixin
[15:50:41] [main/DEBUG] (mixin) MixinService [ModLauncher] was successfully booted in cpw.mods.cl.ModuleClassLoader@78ac1102
[15:50:41] [main/INFO] (mixin) SpongePowered MIXIN Subsystem Version=0.8.6 Source=union:/D:/.gradle/caches/modules-2/files-2.1/net.fabricmc/sponge-mixin/0.14.0+mixin.0.8.6/c265173c84346e9e5d42a2384b2b02bd39a4a899/sponge-mixin-0.14.0+mixin.0.8.6.jar%23122!/ Service=ModLauncher Env=CLIENT
[15:50:41] [main/DEBUG] (mixin) Initialising Mixin Platform Manager
[15:50:41] [main/DEBUG] (mixin) Adding mixin platform agents for container ModLauncher Root Container(ModLauncher:4f56a0a2)
[15:50:41] [main/DEBUG] (mixin) Instancing new MixinPlatformAgentMinecraftForge for ModLauncher Root Container(ModLauncher:4f56a0a2)
[15:50:41] [main/DEBUG] (mixin) MixinPlatformAgentMinecraftForge rejected container ModLauncher Root Container(ModLauncher:4f56a0a2)
[15:50:41] [main/DEBUG] (mixin) Instancing new MixinPlatformAgentDefault for ModLauncher Root Container(ModLauncher:4f56a0a2)
[15:50:41] [main/DEBUG] (mixin) MixinPlatformAgentDefault accepted container ModLauncher Root Container(ModLauncher:4f56a0a2)
[15:50:41] [main/DEBUG] (cpw.mods.modlauncher.TransformationServiceDecorator) Initialized transformation service mixin
[15:50:41] [main/DEBUG] (cpw.mods.modlauncher.TransformationServiceDecorator) Initializing transformation service fml
[15:50:41] [main/DEBUG] (net.neoforged.fml.loading.FMLServiceProvider) Setting up basic FML game directories
[15:50:41] [main/DEBUG] (net.neoforged.fml.loading.FMLPaths) Path GAMEDIR is D:\MixinRuntime121\run
[15:50:41] [main/DEBUG] (net.neoforged.fml.loading.FMLPaths) Path MODSDIR is D:\MixinRuntime121\run\mods
[15:50:41] [main/DEBUG] (net.neoforged.fml.loading.FMLPaths) Path CONFIGDIR is D:\MixinRuntime121\run\config
[15:50:41] [main/DEBUG] (net.neoforged.fml.loading.FMLPaths) Path FMLCONFIG is D:\MixinRuntime121\run\config\fml.toml
[15:50:41] [main/DEBUG] (net.neoforged.fml.loading.FMLServiceProvider) Loading configuration
[15:50:41] [main/DEBUG] (net.neoforged.fml.loading.LaunchContext) Located paths when launch context was created: [D:\.gradle\caches\modules-2\files-2.1\com.google.guava\failureaccess\1.0.1\1dcf1de382a0bf95a3d8b0849546c88bac1292c9\failureaccess-1.0.1.jar, D:\.gradle\caches\modules-2\files-2.1\org.lwjgl\lwjgl-tinyfd\3.3.3\a6697981b0449a5087c1d546fc08b4f73e8f98c9\lwjgl-tinyfd-3.3.3-natives-windows.jar, D:\.gradle\caches\modules-2\files-2.1\com.google.guava\guava\32.1.2-jre\5e64ec7e056456bef3a4bc4c6fdaef71e8ab6318\guava-32.1.2-jre.jar, D:\.gradle\caches\modules-2\files-2.1\org.lwjgl\lwjgl-stb\3.3.3\25dd6161988d7e65f71d5065c99902402ee32746\lwjgl-stb-3.3.3.jar, D:\.gradle\caches\modules-2\files-2.1\com.mojang\datafixerupper\8.0.16\67d4de6d7f95d89bcf5862995fb854ebaec02a34\datafixerupper-8.0.16.jar, D:\.gradle\caches\modules-2\files-2.1\commons-io\commons-io\2.15.1\f11560da189ab563a5c8e351941415430e9304ea\commons-io-2.15.1.jar, D:\.gradle\caches\modules-2\files-2.1\org.apache.logging.log4j\log4j-core\2.22.1\7183a25510a02ad00cc6a95d3b3d2a7d3c5a8dc4\log4j-core-2.22.1.jar, D:\.gradle\caches\modules-2\files-2.1\org.apache.commons\commons-compress\1.26.0\659feffdd12280201c8aacb8f7be94f9a883c824\commons-compress-1.26.0.jar, D:\.gradle\caches\modules-2\files-2.1\org.apache.httpcomponents\httpcore\4.4.16\51cf043c87253c9f58b539c9f7e44c8894223850\httpcore-4.4.16.jar, D:\.gradle\caches\modules-2\files-2.1\net.neoforged\bus\8.0.1\9df0ed904cec279eb33ca6df420f6f82706ebb4c\bus-8.0.1.jar, D:\.gradle\caches\modules-2\files-2.1\net.neoforged.accesstransformers\at-modlauncher\10.0.1\5aba50202aceead086bc09fbc2751c9f05cb4890\at-modlauncher-10.0.1.jar, D:\.gradle\caches\modules-2\files-2.1\com.mojang\authlib\6.0.54\de8bc95660e1b2fe8793fd427a7a10dcec5b3ea7\authlib-6.0.54.jar, D:\.gradle\caches\modules-2\files-2.1\org.lwjgl\lwjgl\3.3.3\a5ed18a2b82fc91b81f40d717cb1f64c9dcb0540\lwjgl-3.3.3-natives-windows.jar, D:\.gradle\caches\modules-2\files-2.1\com.mojang\patchy\2.2.10\da05971b07cbb379d002cf7eaec6a2048211fefc\patchy-2.2.10.jar, D:\.gradle\caches\modules-2\files-2.1\net.neoforged\neoform\1.21-20240613.152323\6293c1a6b9b053ea4e41ac2fe03a3342486d45b1\neoform-1.21-20240613.152323.zip, D:\.gradle\caches\modules-2\files-2.1\com.google.errorprone\error_prone_annotations\2.18.0\89b684257096f548fa39a7df9fdaa409d4d4df91\error_prone_annotations-2.18.0.jar, D:\.gradle\caches\modules-2\files-2.1\io.netty\netty-transport-classes-epoll\4.1.97.Final\795da37ded759e862457a82d9d92c4d39ce8ecee\netty-transport-classes-epoll-4.1.97.Final.jar, D:\.gradle\caches\modules-2\files-2.1\org.checkerframework\checker-qual\3.33.0\de2b60b62da487644fc11f734e73c8b0b431238f\checker-qual-3.33.0.jar, D:\.gradle\caches\modules-2\files-2.1\org.apache.logging.log4j\log4j-slf4j2-impl\2.22.1\d7e6693c2606cb7e7335047d7bb96dec52db5665\log4j-slf4j2-impl-2.22.1.jar, D:\.gradle\caches\modules-2\files-2.1\net.jodah\typetools\0.6.3\a01aaa6ddaea9ec07ec4f209487b7a46a526283a\typetools-0.6.3.jar, D:\.gradle\caches\modules-2\files-2.1\org.jline\jline-reader\3.20.0\8f15415b022a25b473e8e16c28ae913186ffb9c4\jline-reader-3.20.0.jar, D:\.gradle\caches\modules-2\files-2.1\commons-logging\commons-logging\1.2\4bfc12adfe4842bf07b657f0369c4cb522955686\commons-logging-1.2.jar, D:\.gradle\caches\modules-2\files-2.1\net.minecraftforge\srgutils\0.4.15\ca408b131759478f164e010fae0d73997e125fb5\srgutils-0.4.15.jar, D:\.gradle\caches\modules-2\files-2.1\net.fabricmc\dev-launch-injector\0.2.1+build.8\da8bef7e6e2f952da707f282bdb46882a0fce5e3\dev-launch-injector-0.2.1+build.8.jar, D:\.gradle\caches\modules-2\files-2.1\com.google.j2objc\j2objc-annotations\2.8\c85270e307e7b822f1086b93689124b89768e273\j2objc-annotations-2.8.jar, D:\.gradle\caches\modules-2\files-2.1\org.lwjgl\lwjgl-openal\3.3.3\daada81ceb5fc0c291fbfdd4433cb8d9423577f2\lwjgl-openal-3.3.3.jar, D:\.gradle\caches\modules-2\files-2.1\io.netty\netty-transport-native-epoll\4.1.97.Final\54188f271e388e7f313aea995e82f58ce2cdb809\netty-transport-native-epoll-4.1.97.Final-linux-x86_64.jar, D:\.gradle\caches\modules-2\files-2.1\org.openjdk.nashorn\nashorn-core\15.4\f67f5ffaa5f5130cf6fb9b133da00c7df3b532a5\nashorn-core-15.4.jar, D:\.gradle\caches\modules-2\files-2.1\org.lwjgl\lwjgl-stb\3.3.3\1d9facdf6541de114b0f963be33505b7679c78cb\lwjgl-stb-3.3.3-natives-windows.jar, D:\.gradle\caches\modules-2\files-2.1\io.netty\netty-resolver\4.1.97.Final\cec8348108dc76c47cf87c669d514be52c922144\netty-resolver-4.1.97.Final.jar, D:\.gradle\caches\modules-2\files-2.1\net.neoforged\JarJarSelector\0.4.1\fb3cc7a58af22ad2880adb98af6d518128c47dae\JarJarSelector-0.4.1.jar, D:\.gradle\caches\modules-2\files-2.1\org.lwjgl\lwjgl-freetype\3.3.3\81091b006dbb43fab04c8c638e9ac87c51b4096d\lwjgl-freetype-3.3.3-natives-windows.jar, D:\.gradle\caches\modules-2\files-2.1\org.joml\joml\1.10.5\22566d58af70ad3d72308bab63b8339906deb649\joml-1.10.5.jar, D:\.gradle\caches\modules-2\files-2.1\org.lwjgl\lwjgl-glfw\3.3.3\efa1eb78c5ccd840e9f329717109b5e892d72f8e\lwjgl-glfw-3.3.3.jar, D:\.gradle\caches\modules-2\files-2.1\org.codehaus.plexus\plexus-utils\3.3.0\cf43b5391de623b36fe066a21127baef82c64022\plexus-utils-3.3.0.jar, D:\.gradle\caches\modules-2\files-2.1\org.lwjgl\lwjgl-freetype\3.3.3\a0db6c84a8becc8ca05f9dbfa985edc348a824c7\lwjgl-freetype-3.3.3.jar, D:\.gradle\caches\modules-2\files-2.1\net.java.dev.jna\jna-platform\5.14.0\28934d48aed814f11e4c584da55c49fa7032b31b\jna-platform-5.14.0.jar, D:\.gradle\caches\modules-2\files-2.1\org.antlr\antlr4-runtime\4.13.1\17125bae1d965624e265ef49552f6465a2bfa307\antlr4-runtime-4.13.1.jar, D:\.gradle\caches\modules-2\files-2.1\io.netty\netty-common\4.1.97.Final\7cceacaf11df8dc63f23d0fb58e9d4640fc88404\netty-common-4.1.97.Final.jar, D:\.gradle\caches\modules-2\files-2.1\org.apache.commons\commons-lang3\3.14.0\1ed471194b02f2c6cb734a0cd6f6f107c673afae\commons-lang3-3.14.0.jar, D:\.gradle\caches\modules-2\files-2.1\net.neoforged\coremods\7.0.3\9147e6f638b4272b3bd5fc8f92ad37802512c6c\coremods-7.0.3.jar, D:\.gradle\caches\fabric-loom\forge\transformed-dependencies-v1\net\neoforged\fancymodloader\835a7e39018918183996f7b884c6615cba3587b5a82be6623ac21de3f9879b62\loader\4.0.23\loader-4.0.23.jar, D:\.gradle\caches\modules-2\files-2.1\org.lz4\lz4-java\1.8.0\4b986a99445e49ea5fbf5d149c4b63f6ed6c6780\lz4-java-1.8.0.jar, D:\.gradle\caches\modules-2\files-2.1\io.netty\netty-handler\4.1.97.Final\abb86c6906bf512bf2b797a41cd7d2e8d3cd7c36\netty-handler-4.1.97.Final.jar, D:\.gradle\caches\modules-2\files-2.1\io.github.juuxel\unprotect\2.0.2\d79e894ec170237a02281b45e3203df6306675d6\unprotect-2.0.2.jar, D:\.gradle\caches\modules-2\files-2.1\com.mojang\blocklist\1.0.10\5c685c5ffa94c4cd39496c7184c1d122e515ecef\blocklist-1.0.10.jar, D:\.gradle\caches\modules-2\files-2.1\com.mojang\text2speech\1.17.9\3cad216e3a7f0c19b4b394388bc9ffc446f13b14\text2speech-1.17.9.jar, D:\.gradle\caches\modules-2\files-2.1\com.google.guava\listenablefuture\9999.0-empty-to-avoid-conflict-with-guava\b421526c5f297295adef1c886e5246c39d4ac629\listenablefuture-9999.0-empty-to-avoid-conflict-with-guava.jar, D:\.gradle\caches\modules-2\files-2.1\org.lwjgl\lwjgl-opengl\3.3.3\2f6b0147078396a58979125a4c947664e98293a\lwjgl-opengl-3.3.3.jar, D:\.gradle\caches\modules-2\files-2.1\com.electronwill.night-config\core\3.8.0\2498dd2b3120dd49e963e2feab8fa5d0c5f80e0a\core-3.8.0.jar, D:\.gradle\caches\modules-2\files-2.1\com.github.oshi\oshi-core\6.4.10\b1d8ab82d11d92fd639b56d639f8f46f739dd5fa\oshi-core-6.4.10.jar, D:\.gradle\caches\modules-2\files-2.1\org.lwjgl\lwjgl\3.3.3\29589b5f87ed335a6c7e7ee6a5775f81f97ecb84\lwjgl-3.3.3.jar, D:\.gradle\caches\modules-2\files-2.1\com.google.code.findbugs\jsr305\3.0.2\25ea2e8b0c338a877313bd4672d3fe056ea78f0d\jsr305-3.0.2.jar, D:\.gradle\caches\modules-2\files-2.1\com.google.code.gson\gson\2.10.1\b3add478d4382b78ea20b1671390a858002feb6c\gson-2.10.1.jar, D:\.gradle\caches\modules-2\files-2.1\com.ibm.icu\icu4j\73.2\61ad4ef7f9131fcf6d25c34b817f90d6da06c9e9\icu4j-73.2.jar, D:\.gradle\caches\modules-2\files-2.1\net.java.dev.jna\jna\5.14.0\67bf3eaea4f0718cb376a181a629e5f88fa1c9dd\jna-5.14.0.jar, D:\.gradle\caches\modules-2\files-2.1\net.fabricmc\sponge-mixin\0.14.0+mixin.0.8.6\c265173c84346e9e5d42a2384b2b02bd39a4a899\sponge-mixin-0.14.0+mixin.0.8.6.jar, D:\.gradle\caches\modules-2\files-2.1\org.apache.maven\maven-artifact\3.8.5\4433f50c07debefaed0553bd0068f4f48d449313\maven-artifact-3.8.5.jar, D:\.gradle\caches\modules-2\files-2.1\org.lwjgl\lwjgl-tinyfd\3.3.3\82d755ca94b102e9ca77283b9e2dc46d1b15fbe5\lwjgl-tinyfd-3.3.3.jar, D:\.gradle\caches\modules-2\files-2.1\org.apache.logging.log4j\log4j-api\2.22.1\bea6fede6328fabafd7e68363161a7ea6605abd1\log4j-api-2.22.1.jar, D:\.gradle\caches\modules-2\files-2.1\com.mojang\brigadier\1.2.9\73e324f2ee541493a5179abf367237faa782ed21\brigadier-1.2.9.jar, D:\.gradle\caches\modules-2\files-2.1\com.mojang\logging\1.2.7\24cb95ffb0e3433fd6e844c04e68009e504ca1c0\logging-1.2.7.jar, D:\.gradle\caches\modules-2\files-2.1\io.netty\netty-transport\4.1.97.Final\f37380d23c9bb079bc702910833b2fd532c9abd0\netty-transport-4.1.97.Final.jar, D:\.gradle\caches\modules-2\files-2.1\com.electronwill.night-config\toml\3.8.0\861dbcf2757dd6701c98b3949198549ccb5f62ff\toml-3.8.0.jar, D:\.gradle\caches\modules-2\files-2.1\io.github.juuxel\unprotect-modlauncher\2.0.2\20d36922d7bb84c3185c213e935150584d6c7166\unprotect-modlauncher-2.0.2.jar, D:\.gradle\caches\modules-2\files-2.1\org.jline\jline-terminal\3.20.0\d0ddcc708ddf527a3454c941b7b9225cc83a15ff\jline-terminal-3.20.0.jar, D:\.gradle\caches\modules-2\files-2.1\cpw.mods\modlauncher\11.0.4\6619d4812a3c092310d521ebc4c9503727563df7\modlauncher-11.0.4.jar, D:\.gradle\caches\modules-2\files-2.1\org.slf4j\slf4j-api\2.0.9\7cf2726fdcfbc8610f9a71fb3ed639871f315340\slf4j-api-2.0.9.jar, D:\.gradle\caches\modules-2\files-2.1\org.lwjgl\lwjgl-jemalloc\3.3.3\b543467b7ff3c6920539a88ee602d34098628be5\lwjgl-jemalloc-3.3.3.jar, D:\.gradle\caches\modules-2\files-2.1\org.lwjgl\lwjgl-opengl\3.3.3\e6c1eec8be8a71951b830a4d69efc01c6531900c\lwjgl-opengl-3.3.3-natives-windows.jar, D:\.gradle\caches\modules-2\files-2.1\org.lwjgl\lwjgl-jemalloc\3.3.3\426222fc027602a5f21b9c0fe79cde6a4c7a011f\lwjgl-jemalloc-3.3.3-natives-windows.jar, D:\.gradle\caches\modules-2\files-2.1\net.minecrell\terminalconsoleappender\1.3.0\b562e9bb61235c9520e26282cdee71f8f802d1fc\terminalconsoleappender-1.3.0.jar, D:\.gradle\caches\modules-2\files-2.1\com.machinezoo.noexception\noexception\1.7.1\b65330c98e38a1f915fa54a6e5eca496505e3f0a\noexception-1.7.1.jar, D:\.gradle\caches\modules-2\files-2.1\io.netty\netty-buffer\4.1.97.Final\f8f3d8644afa5e6e1a40a3a6aeb9d9aa970ecb4f\netty-buffer-4.1.97.Final.jar, D:\.gradle\caches\modules-2\files-2.1\net.neoforged\mergetool\2.0.3\1275202cbbb248f49345cf6787ce299afd9a02fb\mergetool-2.0.3-api.jar, D:\.gradle\caches\modules-2\files-2.1\net.neoforged.fancymodloader\earlydisplay\4.0.23\c9491ed7df998cf229eae9c7364ee9ab6f26bcfe\earlydisplay-4.0.23.jar, D:\.gradle\caches\modules-2\files-2.1\org.jcraft\jorbis\0.0.17\8872d22b293e8f5d7d56ff92be966e6dc28ebdc6\jorbis-0.0.17.jar, D:\.gradle\caches\modules-2\files-2.1\io.netty\netty-transport-native-unix-common\4.1.97.Final\d469d84265ab70095b01b40886cabdd433b6e664\netty-transport-native-unix-common-4.1.97.Final.jar, D:\.gradle\caches\modules-2\files-2.1\net.neoforged\accesstransformers\10.0.1\fd83b5725f76eae9115e9355fa1c456a6a441400\accesstransformers-10.0.1.jar, D:\.gradle\caches\modules-2\files-2.1\org.apache.httpcomponents\httpclient\4.5.13\e5f6cae5ca7ecaac1ec2827a9e2d65ae2869cada\httpclient-4.5.13.jar, D:\.gradle\caches\modules-2\files-2.1\net.sf.jopt-simple\jopt-simple\5.0.4\4fdac2fbe92dfad86aa6e9301736f6b4342a3f5c\jopt-simple-5.0.4.jar, D:\.gradle\caches\modules-2\files-2.1\net.neoforged\JarJarMetadata\0.4.1\f8da03683dc81694556dc3e177c5e3bb77ae6fcb\JarJarMetadata-0.4.1.jar, D:\.gradle\caches\modules-2\files-2.1\org.lwjgl\lwjgl-glfw\3.3.3\e449e28b4891fc423c54c85fbc5bb0b9efece67a\lwjgl-glfw-3.3.3-natives-windows.jar, D:\.gradle\caches\modules-2\files-2.1\io.netty\netty-transport-native-epoll\4.1.97.Final\5514744c588190ffda076b35a9b8c9f24946a960\netty-transport-native-epoll-4.1.97.Final-linux-aarch_64.jar, D:\.gradle\caches\modules-2\files-2.1\io.netty\netty-codec\4.1.97.Final\384ba4d75670befbedb45c4d3b497a93639c206d\netty-codec-4.1.97.Final.jar, D:\.gradle\caches\modules-2\files-2.1\it.unimi.dsi\fastutil\8.5.12\c24946d46824bd528054bface3231d2ecb7e95e8\fastutil-8.5.12.jar, D:\.gradle\caches\modules-2\files-2.1\org.lwjgl\lwjgl-openal\3.3.3\cf83862ae95d98496b26915024c7e666d8ab1c8f\lwjgl-openal-3.3.3-natives-windows.jar, D:\.gradle\caches\modules-2\files-2.1\commons-codec\commons-codec\1.16.0\4e3eb3d79888d76b54e28b350915b5dc3919c9de\commons-codec-1.16.0.jar]
[15:50:41] [main/DEBUG] (net.neoforged.fml.loading.FMLServiceProvider) Preparing launch handler
[15:50:41] [main/DEBUG] (net.neoforged.fml.loading.FMLLoader) Using forgeclientuserdev as launch service
[15:50:41] [main/DEBUG] (net.neoforged.fml.common.asm.RuntimeDistCleaner) Configuring for Dist CLIENT
[15:50:41] [main/DEBUG] (cpw.mods.modlauncher.TransformationServiceDecorator) Initialized transformation service fml
[15:50:41] [main/DEBUG] (cpw.mods.modlauncher.TransformationServicesHandler) Transformation services begin scanning
[15:50:41] [main/DEBUG] (cpw.mods.modlauncher.TransformationServiceDecorator) Beginning scan trigger - transformation service mixin
[15:50:41] [main/DEBUG] (cpw.mods.modlauncher.TransformationServiceDecorator) End scan trigger - transformation service mixin
[15:50:41] [main/DEBUG] (cpw.mods.modlauncher.TransformationServiceDecorator) Beginning scan trigger - transformation service fml
[15:50:41] [main/DEBUG] (net.neoforged.fml.loading.FMLServiceProvider) Initiating mod scan
[15:50:41] [main/DEBUG] (net.neoforged.fml.loading.targets.CommonLaunchHandler) Got mod coordinates main%%D:\MixinRuntime121\build\resources\main;main%%D:\MixinRuntime121\build\classes\java\main;main%%D:\MixinRuntime121\out\production\classes;main%%D:\MixinRuntime121\out\production\resources from env
[15:50:41] [main/DEBUG] (net.neoforged.fml.loading.targets.CommonLaunchHandler) Found supplied mod coordinates [{main=[D:\MixinRuntime121\build\resources\main, D:\MixinRuntime121\build\classes\java\main, D:\MixinRuntime121\out\production\classes, D:\MixinRuntime121\out\production\resources]}]
[15:50:41] [main/DEBUG] (net.neoforged.fml.util.ServiceLoaderUtil) Found 4 implementations of IModFileCandidateLocator:
[15:50:41] [main/DEBUG] (net.neoforged.fml.util.ServiceLoaderUtil) 	       0 - [built-in] net.neoforged.fml.loading.moddiscovery.locators.NeoForgeDevProvider from loader-4.0.23.jar
[15:50:41] [main/DEBUG] (net.neoforged.fml.util.ServiceLoaderUtil) 	       0 - net.neoforged.fml.loading.moddiscovery.locators.ModsFolderLocator from loader-4.0.23.jar
[15:50:41] [main/DEBUG] (net.neoforged.fml.util.ServiceLoaderUtil) 	       0 - net.neoforged.fml.loading.moddiscovery.locators.MavenDirectoryLocator from loader-4.0.23.jar
[15:50:41] [main/DEBUG] (net.neoforged.fml.util.ServiceLoaderUtil) 	   -1000 - [built-in] net.neoforged.fml.loading.moddiscovery.locators.UserdevLocator from loader-4.0.23.jar
[15:50:41] [main/DEBUG] (net.neoforged.fml.util.ServiceLoaderUtil) Found 2 implementations of IModFileReader:
[15:50:41] [main/DEBUG] (net.neoforged.fml.util.ServiceLoaderUtil) 	       0 - net.neoforged.fml.loading.moddiscovery.readers.JarModsDotTomlModFileReader from loader-4.0.23.jar
[15:50:41] [main/DEBUG] (net.neoforged.fml.util.ServiceLoaderUtil) 	   -1000 - net.neoforged.fml.loading.moddiscovery.readers.NestedLibraryModReader from loader-4.0.23.jar
[15:50:41] [main/DEBUG] (net.neoforged.fml.util.ServiceLoaderUtil) Found 1 implementations of IDependencyLocator:
[15:50:41] [main/DEBUG] (net.neoforged.fml.util.ServiceLoaderUtil) 	       0 - net.neoforged.fml.loading.moddiscovery.locators.JarInJarDependencyLocator from loader-4.0.23.jar
[15:50:41] [main/DEBUG] (net.neoforged.fml.loading.moddiscovery.ModDiscoverer) Scanning for mods and other resources to load. We know 4 ways to find mods
[15:50:41] [main/DEBUG] (net.neoforged.fml.loading.moddiscovery.ModDiscoverer) Trying locator neoforge devenv provider ([D:\.gradle\caches\fabric-loom\minecraftMaven\net\minecraft\neoforge-21.0.167-minecraft-merged\1.21-loom.mappings.1_21.layered+hash.40359-v2-neoforge-21.0.167\neoforge-21.0.167-minecraft-merged-1.21-loom.mappings.1_21.layered+hash.40359-v2-neoforge-21.0.167.jar])
[15:50:41] [main/DEBUG] (net.neoforged.fml.loading.moddiscovery.ModFileInfo) Found valid mod file neoforge-21.0.167-minecraft-merged-1.21-loom.mappings.1_21.layered+hash.40359-v2-neoforge-21.0.167.jar with {minecraft} mods - versions {1.21}
[15:50:41] [main/INFO] (net.neoforged.fml.loading.moddiscovery.ModDiscoverer) Found mod file "neoforge-21.0.167-minecraft-merged-1.21-loom.mappings.1_21.layered+hash.40359-v2-neoforge-21.0.167.jar" [locator: neoforge devenv provider ([D:\.gradle\caches\fabric-loom\minecraftMaven\net\minecraft\neoforge-21.0.167-minecraft-merged\1.21-loom.mappings.1_21.layered+hash.40359-v2-neoforge-21.0.167\neoforge-21.0.167-minecraft-merged-1.21-loom.mappings.1_21.layered+hash.40359-v2-neoforge-21.0.167.jar])]
[15:50:41] [main/DEBUG] (net.neoforged.fml.loading.moddiscovery.readers.JarModsDotTomlModFileReader) Found META-INF/neoforge.mods.toml mod of type null: D:\.gradle\caches\fabric-loom\minecraftMaven\net\minecraft\neoforge-21.0.167-minecraft-merged\1.21-loom.mappings.1_21.layered+hash.40359-v2-neoforge-21.0.167\neoforge-21.0.167-minecraft-merged-1.21-loom.mappings.1_21.layered+hash.40359-v2-neoforge-21.0.167.jar
[15:50:41] [main/DEBUG] (net.neoforged.fml.loading.moddiscovery.ModFileParser) Considering mod file candidate D:\.gradle\caches\fabric-loom\minecraftMaven\net\minecraft\neoforge-21.0.167-minecraft-merged\1.21-loom.mappings.1_21.layered+hash.40359-v2-neoforge-21.0.167\neoforge-21.0.167-minecraft-merged-1.21-loom.mappings.1_21.layered+hash.40359-v2-neoforge-21.0.167.jar
[15:50:41] [pool-2-thread-1/INFO] (EARLYDISPLAY) GL info: Intel(R) Iris(R) Xe Graphics GL version 4.6.0 - Build 31.0.101.4502, Intel
[15:50:41] [main/DEBUG] (net.neoforged.fml.loading.moddiscovery.ModFileInfo) Found valid mod file neoforge-21.0.167-minecraft-merged-1.21-loom.mappings.1_21.layered+hash.40359-v2-neoforge-21.0.167.jar with {neoforge} mods - versions {21.0.167}
[15:50:41] [main/INFO] (net.neoforged.fml.loading.moddiscovery.ModDiscoverer) Found mod file "neoforge-21.0.167-minecraft-merged-1.21-loom.mappings.1_21.layered+hash.40359-v2-neoforge-21.0.167.jar" [locator: neoforge devenv provider ([D:\.gradle\caches\fabric-loom\minecraftMaven\net\minecraft\neoforge-21.0.167-minecraft-merged\1.21-loom.mappings.1_21.layered+hash.40359-v2-neoforge-21.0.167\neoforge-21.0.167-minecraft-merged-1.21-loom.mappings.1_21.layered+hash.40359-v2-neoforge-21.0.167.jar])]
[15:50:41] [main/DEBUG] (net.neoforged.fml.loading.moddiscovery.ModDiscoverer) Locator neoforge devenv provider ([D:\.gradle\caches\fabric-loom\minecraftMaven\net\minecraft\neoforge-21.0.167-minecraft-merged\1.21-loom.mappings.1_21.layered+hash.40359-v2-neoforge-21.0.167\neoforge-21.0.167-minecraft-merged-1.21-loom.mappings.1_21.layered+hash.40359-v2-neoforge-21.0.167.jar]) found 2 mods, 0 warnings, 0 errors and skipped 0 candidates
[15:50:41] [main/DEBUG] (net.neoforged.fml.loading.moddiscovery.ModDiscoverer) Trying locator {mods folder locator at D:\MixinRuntime121\run\mods}
[15:50:41] [main/DEBUG] (net.neoforged.fml.loading.moddiscovery.locators.ModsFolderLocator) Scanning mods dir D:\MixinRuntime121\run\mods for mods
[15:50:41] [main/DEBUG] (net.neoforged.fml.loading.moddiscovery.ModDiscoverer) Locator {mods folder locator at D:\MixinRuntime121\run\mods} found 0 mods, 0 warnings, 0 errors and skipped 0 candidates
[15:50:41] [main/DEBUG] (net.neoforged.fml.loading.moddiscovery.ModDiscoverer) Trying locator maven libs
[15:50:41] [main/DEBUG] (net.neoforged.fml.loading.moddiscovery.ModListHandler) Found mod coordinates from lists: []
[15:50:41] [main/DEBUG] (net.neoforged.fml.loading.moddiscovery.ModDiscoverer) Locator maven libs found 0 mods, 0 warnings, 0 errors and skipped 0 candidates
[15:50:41] [main/DEBUG] (net.neoforged.fml.loading.moddiscovery.ModDiscoverer) Trying locator userdev mods and services
[15:50:41] [main/DEBUG] (net.neoforged.fml.loading.moddiscovery.readers.JarModsDotTomlModFileReader) Found META-INF/neoforge.mods.toml mod of type null: D:\MixinRuntime121\build\resources\main
[15:50:41] [main/DEBUG] (net.neoforged.fml.loading.moddiscovery.ModFileParser) Considering mod file candidate D:\MixinRuntime121\build\resources\main
[15:50:41] [main/DEBUG] (net.neoforged.fml.loading.moddiscovery.ModFileInfo) Found valid mod file main with {mr} mods - versions {1.0.0-mc1.21}
[15:50:41] [main/INFO] (net.neoforged.fml.loading.moddiscovery.ModDiscoverer) Found mod file "main" [locator: userdev mods and services, reader: mod manifest]
[15:50:42] [main/DEBUG] (net.neoforged.fml.loading.moddiscovery.readers.JarModsDotTomlModFileReader) Found META-INF/neoforge.mods.toml mod of type null: D:\.gradle\caches\fabric-loom\minecraftMaven\net\minecraft\neoforge-21.0.167-minecraft-merged\1.21-loom.mappings.1_21.layered+hash.40359-v2-neoforge-21.0.167\neoforge-21.0.167-minecraft-merged-1.21-loom.mappings.1_21.layered+hash.40359-v2-neoforge-21.0.167.jar
[15:50:42] [main/DEBUG] (net.neoforged.fml.loading.moddiscovery.ModFileParser) Considering mod file candidate D:\.gradle\caches\fabric-loom\minecraftMaven\net\minecraft\neoforge-21.0.167-minecraft-merged\1.21-loom.mappings.1_21.layered+hash.40359-v2-neoforge-21.0.167\neoforge-21.0.167-minecraft-merged-1.21-loom.mappings.1_21.layered+hash.40359-v2-neoforge-21.0.167.jar
[15:50:42] [main/DEBUG] (net.neoforged.fml.loading.moddiscovery.ModFileInfo) Found valid mod file neoforge-21.0.167-minecraft-merged-1.21-loom.mappings.1_21.layered+hash.40359-v2-neoforge-21.0.167.jar with {neoforge} mods - versions {21.0.167}
[15:50:42] [main/INFO] (net.neoforged.fml.loading.moddiscovery.ModDiscoverer) Found mod file "neoforge-21.0.167-minecraft-merged-1.21-loom.mappings.1_21.layered+hash.40359-v2-neoforge-21.0.167.jar" [locator: userdev mods and services, reader: mod manifest]
[15:50:42] [main/DEBUG] (net.neoforged.fml.loading.moddiscovery.ModDiscoverer) Skipping D:\.gradle\caches\modules-2\files-2.1\net.neoforged.fancymodloader\earlydisplay\4.0.23\c9491ed7df998cf229eae9c7364ee9ab6f26bcfe\earlydisplay-4.0.23.jar because it was already located earlier
[15:50:42] [main/DEBUG] (net.neoforged.fml.loading.moddiscovery.ModDiscoverer) Skipping D:\.gradle\caches\fabric-loom\forge\transformed-dependencies-v1\net\neoforged\fancymodloader\835a7e39018918183996f7b884c6615cba3587b5a82be6623ac21de3f9879b62\loader\4.0.23\loader-4.0.23.jar because it was already located earlier
[15:50:42] [main/DEBUG] (net.neoforged.fml.loading.moddiscovery.ModDiscoverer) Skipping D:\.gradle\caches\modules-2\files-2.1\net.neoforged\coremods\7.0.3\9147e6f638b4272b3bd5fc8f92ad37802512c6c\coremods-7.0.3.jar because it was already located earlier
[15:50:42] [main/DEBUG] (net.neoforged.fml.loading.moddiscovery.ModDiscoverer) Skipping D:\.gradle\caches\modules-2\files-2.1\cpw.mods\modlauncher\11.0.4\6619d4812a3c092310d521ebc4c9503727563df7\modlauncher-11.0.4.jar because it was already located earlier
[15:50:42] [main/DEBUG] (net.neoforged.fml.loading.moddiscovery.ModDiscoverer) Skipping D:\.gradle\caches\modules-2\files-2.1\net.neoforged.accesstransformers\at-modlauncher\10.0.1\5aba50202aceead086bc09fbc2751c9f05cb4890\at-modlauncher-10.0.1.jar because it was already located earlier
[15:50:42] [main/DEBUG] (net.neoforged.fml.loading.moddiscovery.ModDiscoverer) Skipping D:\.gradle\caches\modules-2\files-2.1\net.neoforged\accesstransformers\10.0.1\fd83b5725f76eae9115e9355fa1c456a6a441400\accesstransformers-10.0.1.jar because it was already located earlier
[15:50:42] [main/DEBUG] (net.neoforged.fml.loading.moddiscovery.ModDiscoverer) Skipping D:\.gradle\caches\modules-2\files-2.1\org.openjdk.nashorn\nashorn-core\15.4\f67f5ffaa5f5130cf6fb9b133da00c7df3b532a5\nashorn-core-15.4.jar because it was already located earlier
[15:50:42] [main/DEBUG] (net.neoforged.fml.loading.moddiscovery.ModDiscoverer) Skipping D:\.gradle\caches\modules-2\files-2.1\net.neoforged\mergetool\2.0.3\1275202cbbb248f49345cf6787ce299afd9a02fb\mergetool-2.0.3-api.jar because it was already located earlier
[15:50:42] [main/DEBUG] (net.neoforged.fml.loading.moddiscovery.ModDiscoverer) Skipping D:\.gradle\caches\modules-2\files-2.1\io.github.juuxel\unprotect-modlauncher\2.0.2\20d36922d7bb84c3185c213e935150584d6c7166\unprotect-modlauncher-2.0.2.jar because it was already located earlier
[15:50:42] [main/DEBUG] (net.neoforged.fml.loading.moddiscovery.ModDiscoverer) Skipping D:\.gradle\caches\modules-2\files-2.1\io.github.juuxel\unprotect\2.0.2\d79e894ec170237a02281b45e3203df6306675d6\unprotect-2.0.2.jar because it was already located earlier
[15:50:42] [main/DEBUG] (net.neoforged.fml.loading.moddiscovery.ModDiscoverer) Skipping D:\.gradle\caches\modules-2\files-2.1\net.neoforged\bus\8.0.1\9df0ed904cec279eb33ca6df420f6f82706ebb4c\bus-8.0.1.jar because it was already located earlier
[15:50:42] [main/DEBUG] (net.neoforged.fml.loading.moddiscovery.ModDiscoverer) Skipping D:\.gradle\caches\modules-2\files-2.1\com.electronwill.night-config\toml\3.8.0\861dbcf2757dd6701c98b3949198549ccb5f62ff\toml-3.8.0.jar because it was already located earlier
[15:50:42] [main/DEBUG] (net.neoforged.fml.loading.moddiscovery.ModDiscoverer) Skipping D:\.gradle\caches\modules-2\files-2.1\com.electronwill.night-config\core\3.8.0\2498dd2b3120dd49e963e2feab8fa5d0c5f80e0a\core-3.8.0.jar because it was already located earlier
[15:50:42] [main/DEBUG] (net.neoforged.fml.loading.moddiscovery.ModDiscoverer) Skipping D:\.gradle\caches\modules-2\files-2.1\net.neoforged\JarJarSelector\0.4.1\fb3cc7a58af22ad2880adb98af6d518128c47dae\JarJarSelector-0.4.1.jar because it was already located earlier
[15:50:42] [main/DEBUG] (net.neoforged.fml.loading.moddiscovery.ModDiscoverer) Skipping D:\.gradle\caches\modules-2\files-2.1\net.neoforged\JarJarMetadata\0.4.1\f8da03683dc81694556dc3e177c5e3bb77ae6fcb\JarJarMetadata-0.4.1.jar because it was already located earlier
[15:50:42] [main/DEBUG] (net.neoforged.fml.loading.moddiscovery.ModDiscoverer) Skipping D:\.gradle\caches\modules-2\files-2.1\org.apache.maven\maven-artifact\3.8.5\4433f50c07debefaed0553bd0068f4f48d449313\maven-artifact-3.8.5.jar because it was already located earlier
[15:50:42] [main/DEBUG] (net.neoforged.fml.loading.moddiscovery.ModDiscoverer) Skipping D:\.gradle\caches\modules-2\files-2.1\net.jodah\typetools\0.6.3\a01aaa6ddaea9ec07ec4f209487b7a46a526283a\typetools-0.6.3.jar because it was already located earlier
[15:50:42] [main/DEBUG] (net.neoforged.fml.loading.moddiscovery.ModDiscoverer) Skipping D:\.gradle\caches\modules-2\files-2.1\net.minecrell\terminalconsoleappender\1.3.0\b562e9bb61235c9520e26282cdee71f8f802d1fc\terminalconsoleappender-1.3.0.jar because it was already located earlier
[15:50:42] [main/DEBUG] (net.neoforged.fml.loading.moddiscovery.ModDiscoverer) Skipping D:\.gradle\caches\modules-2\files-2.1\net.fabricmc\sponge-mixin\0.14.0+mixin.0.8.6\c265173c84346e9e5d42a2384b2b02bd39a4a899\sponge-mixin-0.14.0+mixin.0.8.6.jar because it was already located earlier
[15:50:42] [main/DEBUG] (net.neoforged.fml.loading.moddiscovery.ModDiscoverer) Skipping D:\.gradle\caches\modules-2\files-2.1\org.apache.commons\commons-lang3\3.14.0\1ed471194b02f2c6cb734a0cd6f6f107c673afae\commons-lang3-3.14.0.jar because it was already located earlier
[15:50:42] [main/DEBUG] (net.neoforged.fml.loading.moddiscovery.ModDiscoverer) Skipping D:\.gradle\caches\modules-2\files-2.1\com.mojang\logging\1.2.7\24cb95ffb0e3433fd6e844c04e68009e504ca1c0\logging-1.2.7.jar because it was already located earlier
[15:50:42] [main/DEBUG] (net.neoforged.fml.loading.moddiscovery.ModDiscoverer) Skipping D:\.gradle\caches\modules-2\files-2.1\org.apache.logging.log4j\log4j-slf4j2-impl\2.22.1\d7e6693c2606cb7e7335047d7bb96dec52db5665\log4j-slf4j2-impl-2.22.1.jar because it was already located earlier
[15:50:42] [main/DEBUG] (net.neoforged.fml.loading.moddiscovery.ModDiscoverer) Skipping D:\.gradle\caches\modules-2\files-2.1\org.apache.logging.log4j\log4j-core\2.22.1\7183a25510a02ad00cc6a95d3b3d2a7d3c5a8dc4\log4j-core-2.22.1.jar because it was already located earlier
[15:50:42] [main/DEBUG] (net.neoforged.fml.loading.moddiscovery.ModDiscoverer) Skipping D:\.gradle\caches\modules-2\files-2.1\org.apache.logging.log4j\log4j-api\2.22.1\bea6fede6328fabafd7e68363161a7ea6605abd1\log4j-api-2.22.1.jar because it was already located earlier
[15:50:42] [main/DEBUG] (net.neoforged.fml.loading.moddiscovery.readers.JarModsDotTomlModFileReader) Found META-INF/MANIFEST.MF mod of type GAMELIBRARY: D:\.gradle\caches\modules-2\files-2.1\io.github.llamalad7\mixinextras-neoforge\0.3.5\ef3ffcf309dae656517b2f120189b1c9b21737dd\mixinextras-neoforge-0.3.5.jar
[15:50:42] [main/INFO] (net.neoforged.fml.loading.moddiscovery.ModDiscoverer) Found gamelibrary file "mixinextras-neoforge-0.3.5.jar" [locator: userdev mods and services, reader: mod manifest]
[15:50:42] [main/DEBUG] (net.neoforged.fml.loading.moddiscovery.ModDiscoverer) Skipping D:\.gradle\caches\modules-2\files-2.1\org.slf4j\slf4j-api\2.0.9\7cf2726fdcfbc8610f9a71fb3ed639871f315340\slf4j-api-2.0.9.jar because it was already located earlier
[15:50:42] [main/DEBUG] (net.neoforged.fml.loading.moddiscovery.ModDiscoverer) Skipping D:\.gradle\caches\modules-2\files-2.1\com.google.code.gson\gson\2.10.1\b3add478d4382b78ea20b1671390a858002feb6c\gson-2.10.1.jar because it was already located earlier
[15:50:42] [main/DEBUG] (net.neoforged.fml.loading.moddiscovery.ModDiscoverer) Skipping D:\.gradle\caches\modules-2\files-2.1\com.google.guava\guava\32.1.2-jre\5e64ec7e056456bef3a4bc4c6fdaef71e8ab6318\guava-32.1.2-jre.jar because it was already located earlier
[15:50:42] [main/DEBUG] (net.neoforged.fml.loading.moddiscovery.ModDiscoverer) Skipping D:\.gradle\caches\modules-2\files-2.1\com.google.guava\failureaccess\1.0.1\1dcf1de382a0bf95a3d8b0849546c88bac1292c9\failureaccess-1.0.1.jar because it was already located earlier
[15:50:42] [main/DEBUG] (net.neoforged.fml.loading.moddiscovery.ModDiscoverer) Skipping D:\.gradle\caches\modules-2\files-2.1\com.google.guava\listenablefuture\9999.0-empty-to-avoid-conflict-with-guava\b421526c5f297295adef1c886e5246c39d4ac629\listenablefuture-9999.0-empty-to-avoid-conflict-with-guava.jar because it was already located earlier
[15:50:42] [main/DEBUG] (net.neoforged.fml.loading.moddiscovery.ModDiscoverer) Skipping D:\.gradle\caches\modules-2\files-2.1\com.google.code.findbugs\jsr305\3.0.2\25ea2e8b0c338a877313bd4672d3fe056ea78f0d\jsr305-3.0.2.jar because it was already located earlier
[15:50:42] [main/DEBUG] (net.neoforged.fml.loading.moddiscovery.ModDiscoverer) Skipping D:\.gradle\caches\modules-2\files-2.1\org.checkerframework\checker-qual\3.33.0\de2b60b62da487644fc11f734e73c8b0b431238f\checker-qual-3.33.0.jar because it was already located earlier
[15:50:42] [main/DEBUG] (net.neoforged.fml.loading.moddiscovery.ModDiscoverer) Skipping D:\.gradle\caches\modules-2\files-2.1\com.google.errorprone\error_prone_annotations\2.18.0\89b684257096f548fa39a7df9fdaa409d4d4df91\error_prone_annotations-2.18.0.jar because it was already located earlier
[15:50:42] [main/DEBUG] (net.neoforged.fml.loading.moddiscovery.ModDiscoverer) Skipping D:\.gradle\caches\modules-2\files-2.1\com.google.j2objc\j2objc-annotations\2.8\c85270e307e7b822f1086b93689124b89768e273\j2objc-annotations-2.8.jar because it was already located earlier
[15:50:42] [main/DEBUG] (net.neoforged.fml.loading.moddiscovery.ModDiscoverer) Skipping D:\.gradle\caches\modules-2\files-2.1\commons-io\commons-io\2.15.1\f11560da189ab563a5c8e351941415430e9304ea\commons-io-2.15.1.jar because it was already located earlier
[15:50:42] [main/DEBUG] (net.neoforged.fml.loading.moddiscovery.ModDiscoverer) Skipping D:\.gradle\caches\modules-2\files-2.1\net.sf.jopt-simple\jopt-simple\5.0.4\4fdac2fbe92dfad86aa6e9301736f6b4342a3f5c\jopt-simple-5.0.4.jar because it was already located earlier
[15:50:42] [main/DEBUG] (net.neoforged.fml.loading.moddiscovery.ModDiscoverer) Skipping D:\.gradle\caches\modules-2\files-2.1\net.minecraftforge\srgutils\0.4.15\ca408b131759478f164e010fae0d73997e125fb5\srgutils-0.4.15.jar because it was already located earlier
[15:50:42] [main/DEBUG] (net.neoforged.fml.loading.moddiscovery.ModDiscoverer) Skipping D:\.gradle\caches\modules-2\files-2.1\org.antlr\antlr4-runtime\4.13.1\17125bae1d965624e265ef49552f6465a2bfa307\antlr4-runtime-4.13.1.jar because it was already located earlier
[15:50:42] [main/DEBUG] (net.neoforged.fml.loading.moddiscovery.ModDiscoverer) Skipping D:\.gradle\caches\modules-2\files-2.1\org.jline\jline-reader\3.20.0\8f15415b022a25b473e8e16c28ae913186ffb9c4\jline-reader-3.20.0.jar because it was already located earlier
[15:50:42] [main/DEBUG] (net.neoforged.fml.loading.moddiscovery.ModDiscoverer) Skipping D:\.gradle\caches\modules-2\files-2.1\org.jline\jline-terminal\3.20.0\d0ddcc708ddf527a3454c941b7b9225cc83a15ff\jline-terminal-3.20.0.jar because it was already located earlier
[15:50:42] [main/DEBUG] (net.neoforged.fml.loading.moddiscovery.ModDiscoverer) Skipping D:\.gradle\caches\modules-2\files-2.1\org.codehaus.plexus\plexus-utils\3.3.0\cf43b5391de623b36fe066a21127baef82c64022\plexus-utils-3.3.0.jar because it was already located earlier
[15:50:42] [main/DEBUG] (net.neoforged.fml.loading.moddiscovery.ModDiscoverer) Skipping D:\.gradle\caches\modules-2\files-2.1\com.machinezoo.noexception\noexception\1.7.1\b65330c98e38a1f915fa54a6e5eca496505e3f0a\noexception-1.7.1.jar because it was already located earlier
[15:50:42] [main/DEBUG] (net.neoforged.fml.loading.moddiscovery.ModDiscoverer) Skipping D:\.gradle\caches\modules-2\files-2.1\net.fabricmc\dev-launch-injector\0.2.1+build.8\da8bef7e6e2f952da707f282bdb46882a0fce5e3\dev-launch-injector-0.2.1+build.8.jar because it was already located earlier
[15:50:42] [main/DEBUG] (net.neoforged.fml.loading.moddiscovery.ModDiscoverer) Skipping D:\.gradle\caches\modules-2\files-2.1\com.github.oshi\oshi-core\6.4.10\b1d8ab82d11d92fd639b56d639f8f46f739dd5fa\oshi-core-6.4.10.jar because it was already located earlier
[15:50:42] [main/DEBUG] (net.neoforged.fml.loading.moddiscovery.ModDiscoverer) Skipping D:\.gradle\caches\modules-2\files-2.1\com.ibm.icu\icu4j\73.2\61ad4ef7f9131fcf6d25c34b817f90d6da06c9e9\icu4j-73.2.jar because it was already located earlier
[15:50:42] [main/DEBUG] (net.neoforged.fml.loading.moddiscovery.ModDiscoverer) Skipping D:\.gradle\caches\modules-2\files-2.1\com.mojang\authlib\6.0.54\de8bc95660e1b2fe8793fd427a7a10dcec5b3ea7\authlib-6.0.54.jar because it was already located earlier
[15:50:42] [main/DEBUG] (net.neoforged.fml.loading.moddiscovery.ModDiscoverer) Skipping D:\.gradle\caches\modules-2\files-2.1\com.mojang\blocklist\1.0.10\5c685c5ffa94c4cd39496c7184c1d122e515ecef\blocklist-1.0.10.jar because it was already located earlier
[15:50:42] [main/DEBUG] (net.neoforged.fml.loading.moddiscovery.ModDiscoverer) Skipping D:\.gradle\caches\modules-2\files-2.1\com.mojang\brigadier\1.2.9\73e324f2ee541493a5179abf367237faa782ed21\brigadier-1.2.9.jar because it was already located earlier
[15:50:42] [main/DEBUG] (net.neoforged.fml.loading.moddiscovery.ModDiscoverer) Skipping D:\.gradle\caches\modules-2\files-2.1\com.mojang\datafixerupper\8.0.16\67d4de6d7f95d89bcf5862995fb854ebaec02a34\datafixerupper-8.0.16.jar because it was already located earlier
[15:50:42] [main/DEBUG] (net.neoforged.fml.loading.moddiscovery.ModDiscoverer) Skipping D:\.gradle\caches\modules-2\files-2.1\com.mojang\patchy\2.2.10\da05971b07cbb379d002cf7eaec6a2048211fefc\patchy-2.2.10.jar because it was already located earlier
[15:50:42] [main/DEBUG] (net.neoforged.fml.loading.moddiscovery.ModDiscoverer) Skipping D:\.gradle\caches\modules-2\files-2.1\com.mojang\text2speech\1.17.9\3cad216e3a7f0c19b4b394388bc9ffc446f13b14\text2speech-1.17.9.jar because it was already located earlier
[15:50:42] [main/DEBUG] (net.neoforged.fml.loading.moddiscovery.ModDiscoverer) Skipping D:\.gradle\caches\modules-2\files-2.1\commons-codec\commons-codec\1.16.0\4e3eb3d79888d76b54e28b350915b5dc3919c9de\commons-codec-1.16.0.jar because it was already located earlier
[15:50:42] [main/DEBUG] (net.neoforged.fml.loading.moddiscovery.ModDiscoverer) Skipping D:\.gradle\caches\modules-2\files-2.1\commons-logging\commons-logging\1.2\4bfc12adfe4842bf07b657f0369c4cb522955686\commons-logging-1.2.jar because it was already located earlier
[15:50:42] [main/DEBUG] (net.neoforged.fml.loading.moddiscovery.ModDiscoverer) Skipping D:\.gradle\caches\modules-2\files-2.1\io.netty\netty-buffer\4.1.97.Final\f8f3d8644afa5e6e1a40a3a6aeb9d9aa970ecb4f\netty-buffer-4.1.97.Final.jar because it was already located earlier
[15:50:42] [main/DEBUG] (net.neoforged.fml.loading.moddiscovery.ModDiscoverer) Skipping D:\.gradle\caches\modules-2\files-2.1\io.netty\netty-codec\4.1.97.Final\384ba4d75670befbedb45c4d3b497a93639c206d\netty-codec-4.1.97.Final.jar because it was already located earlier
[15:50:42] [main/DEBUG] (net.neoforged.fml.loading.moddiscovery.ModDiscoverer) Skipping D:\.gradle\caches\modules-2\files-2.1\io.netty\netty-common\4.1.97.Final\7cceacaf11df8dc63f23d0fb58e9d4640fc88404\netty-common-4.1.97.Final.jar because it was already located earlier
[15:50:42] [main/DEBUG] (net.neoforged.fml.loading.moddiscovery.ModDiscoverer) Skipping D:\.gradle\caches\modules-2\files-2.1\io.netty\netty-handler\4.1.97.Final\abb86c6906bf512bf2b797a41cd7d2e8d3cd7c36\netty-handler-4.1.97.Final.jar because it was already located earlier
[15:50:42] [main/DEBUG] (net.neoforged.fml.loading.moddiscovery.ModDiscoverer) Skipping D:\.gradle\caches\modules-2\files-2.1\io.netty\netty-resolver\4.1.97.Final\cec8348108dc76c47cf87c669d514be52c922144\netty-resolver-4.1.97.Final.jar because it was already located earlier
[15:50:42] [main/DEBUG] (net.neoforged.fml.loading.moddiscovery.ModDiscoverer) Skipping D:\.gradle\caches\modules-2\files-2.1\io.netty\netty-transport-classes-epoll\4.1.97.Final\795da37ded759e862457a82d9d92c4d39ce8ecee\netty-transport-classes-epoll-4.1.97.Final.jar because it was already located earlier
[15:50:42] [main/DEBUG] (net.neoforged.fml.loading.moddiscovery.ModDiscoverer) Skipping D:\.gradle\caches\modules-2\files-2.1\io.netty\netty-transport-native-unix-common\4.1.97.Final\d469d84265ab70095b01b40886cabdd433b6e664\netty-transport-native-unix-common-4.1.97.Final.jar because it was already located earlier
[15:50:42] [main/DEBUG] (net.neoforged.fml.loading.moddiscovery.ModDiscoverer) Skipping D:\.gradle\caches\modules-2\files-2.1\io.netty\netty-transport\4.1.97.Final\f37380d23c9bb079bc702910833b2fd532c9abd0\netty-transport-4.1.97.Final.jar because it was already located earlier
[15:50:42] [main/DEBUG] (net.neoforged.fml.loading.moddiscovery.ModDiscoverer) Skipping D:\.gradle\caches\modules-2\files-2.1\it.unimi.dsi\fastutil\8.5.12\c24946d46824bd528054bface3231d2ecb7e95e8\fastutil-8.5.12.jar because it was already located earlier
[15:50:42] [main/DEBUG] (net.neoforged.fml.loading.moddiscovery.ModDiscoverer) Skipping D:\.gradle\caches\modules-2\files-2.1\net.java.dev.jna\jna-platform\5.14.0\28934d48aed814f11e4c584da55c49fa7032b31b\jna-platform-5.14.0.jar because it was already located earlier
[15:50:42] [main/DEBUG] (net.neoforged.fml.loading.moddiscovery.ModDiscoverer) Skipping D:\.gradle\caches\modules-2\files-2.1\net.java.dev.jna\jna\5.14.0\67bf3eaea4f0718cb376a181a629e5f88fa1c9dd\jna-5.14.0.jar because it was already located earlier
[15:50:42] [main/DEBUG] (net.neoforged.fml.loading.moddiscovery.ModDiscoverer) Skipping D:\.gradle\caches\modules-2\files-2.1\org.apache.commons\commons-compress\1.26.0\659feffdd12280201c8aacb8f7be94f9a883c824\commons-compress-1.26.0.jar because it was already located earlier
[15:50:42] [main/DEBUG] (net.neoforged.fml.loading.moddiscovery.ModDiscoverer) Skipping D:\.gradle\caches\modules-2\files-2.1\org.apache.httpcomponents\httpclient\4.5.13\e5f6cae5ca7ecaac1ec2827a9e2d65ae2869cada\httpclient-4.5.13.jar because it was already located earlier
[15:50:42] [main/DEBUG] (net.neoforged.fml.loading.moddiscovery.ModDiscoverer) Skipping D:\.gradle\caches\modules-2\files-2.1\org.apache.httpcomponents\httpcore\4.4.16\51cf043c87253c9f58b539c9f7e44c8894223850\httpcore-4.4.16.jar because it was already located earlier
[15:50:42] [main/DEBUG] (net.neoforged.fml.loading.moddiscovery.ModDiscoverer) Skipping D:\.gradle\caches\modules-2\files-2.1\org.jcraft\jorbis\0.0.17\8872d22b293e8f5d7d56ff92be966e6dc28ebdc6\jorbis-0.0.17.jar because it was already located earlier
[15:50:42] [main/DEBUG] (net.neoforged.fml.loading.moddiscovery.ModDiscoverer) Skipping D:\.gradle\caches\modules-2\files-2.1\org.joml\joml\1.10.5\22566d58af70ad3d72308bab63b8339906deb649\joml-1.10.5.jar because it was already located earlier
[15:50:42] [main/DEBUG] (net.neoforged.fml.loading.moddiscovery.ModDiscoverer) Skipping D:\.gradle\caches\modules-2\files-2.1\org.lwjgl\lwjgl-freetype\3.3.3\a0db6c84a8becc8ca05f9dbfa985edc348a824c7\lwjgl-freetype-3.3.3.jar because it was already located earlier
[15:50:42] [main/DEBUG] (net.neoforged.fml.loading.moddiscovery.ModDiscoverer) Skipping D:\.gradle\caches\modules-2\files-2.1\org.lwjgl\lwjgl-freetype\3.3.3\81091b006dbb43fab04c8c638e9ac87c51b4096d\lwjgl-freetype-3.3.3-natives-windows.jar because it was already located earlier
[15:50:42] [main/DEBUG] (net.neoforged.fml.loading.moddiscovery.ModDiscoverer) Skipping D:\.gradle\caches\modules-2\files-2.1\org.lwjgl\lwjgl-glfw\3.3.3\efa1eb78c5ccd840e9f329717109b5e892d72f8e\lwjgl-glfw-3.3.3.jar because it was already located earlier
[15:50:42] [main/DEBUG] (net.neoforged.fml.loading.moddiscovery.ModDiscoverer) Skipping D:\.gradle\caches\modules-2\files-2.1\org.lwjgl\lwjgl-glfw\3.3.3\e449e28b4891fc423c54c85fbc5bb0b9efece67a\lwjgl-glfw-3.3.3-natives-windows.jar because it was already located earlier
[15:50:42] [main/DEBUG] (net.neoforged.fml.loading.moddiscovery.ModDiscoverer) Skipping D:\.gradle\caches\modules-2\files-2.1\org.lwjgl\lwjgl-jemalloc\3.3.3\b543467b7ff3c6920539a88ee602d34098628be5\lwjgl-jemalloc-3.3.3.jar because it was already located earlier
[15:50:42] [main/DEBUG] (net.neoforged.fml.loading.moddiscovery.ModDiscoverer) Skipping D:\.gradle\caches\modules-2\files-2.1\org.lwjgl\lwjgl-jemalloc\3.3.3\426222fc027602a5f21b9c0fe79cde6a4c7a011f\lwjgl-jemalloc-3.3.3-natives-windows.jar because it was already located earlier
[15:50:42] [main/DEBUG] (net.neoforged.fml.loading.moddiscovery.ModDiscoverer) Skipping D:\.gradle\caches\modules-2\files-2.1\org.lwjgl\lwjgl-openal\3.3.3\daada81ceb5fc0c291fbfdd4433cb8d9423577f2\lwjgl-openal-3.3.3.jar because it was already located earlier
[15:50:42] [main/DEBUG] (net.neoforged.fml.loading.moddiscovery.ModDiscoverer) Skipping D:\.gradle\caches\modules-2\files-2.1\org.lwjgl\lwjgl-openal\3.3.3\cf83862ae95d98496b26915024c7e666d8ab1c8f\lwjgl-openal-3.3.3-natives-windows.jar because it was already located earlier
[15:50:42] [main/DEBUG] (net.neoforged.fml.loading.moddiscovery.ModDiscoverer) Skipping D:\.gradle\caches\modules-2\files-2.1\org.lwjgl\lwjgl-opengl\3.3.3\2f6b0147078396a58979125a4c947664e98293a\lwjgl-opengl-3.3.3.jar because it was already located earlier
[15:50:42] [main/DEBUG] (net.neoforged.fml.loading.moddiscovery.ModDiscoverer) Skipping D:\.gradle\caches\modules-2\files-2.1\org.lwjgl\lwjgl-opengl\3.3.3\e6c1eec8be8a71951b830a4d69efc01c6531900c\lwjgl-opengl-3.3.3-natives-windows.jar because it was already located earlier
[15:50:42] [main/DEBUG] (net.neoforged.fml.loading.moddiscovery.ModDiscoverer) Skipping D:\.gradle\caches\modules-2\files-2.1\org.lwjgl\lwjgl-stb\3.3.3\25dd6161988d7e65f71d5065c99902402ee32746\lwjgl-stb-3.3.3.jar because it was already located earlier
[15:50:42] [main/DEBUG] (net.neoforged.fml.loading.moddiscovery.ModDiscoverer) Skipping D:\.gradle\caches\modules-2\files-2.1\org.lwjgl\lwjgl-stb\3.3.3\1d9facdf6541de114b0f963be33505b7679c78cb\lwjgl-stb-3.3.3-natives-windows.jar because it was already located earlier
[15:50:42] [main/DEBUG] (net.neoforged.fml.loading.moddiscovery.ModDiscoverer) Skipping D:\.gradle\caches\modules-2\files-2.1\org.lwjgl\lwjgl-tinyfd\3.3.3\82d755ca94b102e9ca77283b9e2dc46d1b15fbe5\lwjgl-tinyfd-3.3.3.jar because it was already located earlier
[15:50:42] [main/DEBUG] (net.neoforged.fml.loading.moddiscovery.ModDiscoverer) Skipping D:\.gradle\caches\modules-2\files-2.1\org.lwjgl\lwjgl-tinyfd\3.3.3\a6697981b0449a5087c1d546fc08b4f73e8f98c9\lwjgl-tinyfd-3.3.3-natives-windows.jar because it was already located earlier
[15:50:42] [main/DEBUG] (net.neoforged.fml.loading.moddiscovery.ModDiscoverer) Skipping D:\.gradle\caches\modules-2\files-2.1\org.lwjgl\lwjgl\3.3.3\29589b5f87ed335a6c7e7ee6a5775f81f97ecb84\lwjgl-3.3.3.jar because it was already located earlier
[15:50:42] [main/DEBUG] (net.neoforged.fml.loading.moddiscovery.ModDiscoverer) Skipping D:\.gradle\caches\modules-2\files-2.1\org.lwjgl\lwjgl\3.3.3\a5ed18a2b82fc91b81f40d717cb1f64c9dcb0540\lwjgl-3.3.3-natives-windows.jar because it was already located earlier
[15:50:42] [main/DEBUG] (net.neoforged.fml.loading.moddiscovery.ModDiscoverer) Skipping D:\.gradle\caches\modules-2\files-2.1\org.lz4\lz4-java\1.8.0\4b986a99445e49ea5fbf5d149c4b63f6ed6c6780\lz4-java-1.8.0.jar because it was already located earlier
[15:50:42] [main/DEBUG] (net.neoforged.fml.loading.moddiscovery.ModDiscoverer) Skipping D:\.gradle\caches\modules-2\files-2.1\io.netty\netty-transport-native-epoll\4.1.97.Final\54188f271e388e7f313aea995e82f58ce2cdb809\netty-transport-native-epoll-4.1.97.Final-linux-x86_64.jar because it was already located earlier
[15:50:42] [main/DEBUG] (net.neoforged.fml.loading.moddiscovery.ModDiscoverer) Skipping D:\.gradle\caches\modules-2\files-2.1\io.netty\netty-transport-native-epoll\4.1.97.Final\5514744c588190ffda076b35a9b8c9f24946a960\netty-transport-native-epoll-4.1.97.Final-linux-aarch_64.jar because it was already located earlier
[15:50:42] [main/DEBUG] (net.neoforged.fml.loading.moddiscovery.ModDiscoverer) Locator userdev mods and services found 3 mods, 0 warnings, 0 errors and skipped 87 candidates
[15:50:42] [main/DEBUG] (net.neoforged.fml.loading.UniqueModListBuilder) Found 2 mods for first modid neoforge, selecting most recent based on version data
[15:50:42] [main/DEBUG] (net.neoforged.fml.loading.UniqueModListBuilder) Selected file neoforge-21.0.167-minecraft-merged-1.21-loom.mappings.1_21.layered+hash.40359-v2-neoforge-21.0.167.jar for modid neoforge with version 21.0.167
[15:50:42] [main/DEBUG] (net.neoforged.fml.loading.moddiscovery.ModDiscoverer) Successfully Loaded 4 mods. Attempting to load dependencies...
[15:50:42] [main/DEBUG] (net.neoforged.fml.loading.moddiscovery.ModDiscoverer) Trying locator jarinjar
[15:50:42] [main/DEBUG] (net.neoforged.fml.loading.moddiscovery.readers.JarModsDotTomlModFileReader) Found META-INF/MANIFEST.MF mod of type GAMELIBRARY: 
[15:50:42] [main/DEBUG] (net.neoforged.fml.loading.moddiscovery.readers.JarModsDotTomlModFileReader) Found META-INF/MANIFEST.MF mod of type GAMELIBRARY: 
[15:50:42] [main/WARN] (net.neoforged.jarjar.selection.JarSelector) Attempted to select a dependency jar for JarJar which was passed in as source: mixinextras-neoforge-0.3.5.jar. Using Mod File: D:\.gradle\caches\modules-2\files-2.1\io.github.llamalad7\mixinextras-neoforge\0.3.5\ef3ffcf309dae656517b2f120189b1c9b21737dd\mixinextras-neoforge-0.3.5.jar
[15:50:42] [main/INFO] (net.neoforged.fml.loading.moddiscovery.locators.JarInJarDependencyLocator) No dependencies to load found. Skipping!
[15:50:42] [main/DEBUG] (net.neoforged.fml.loading.moddiscovery.ModFileInfo) Found valid mod file neoforge-21.0.167-minecraft-merged-1.21-loom.mappings.1_21.layered+hash.40359-v2-neoforge-21.0.167.jar with {minecraft} mods - versions {1.21}
[15:50:42] [main/DEBUG] (net.neoforged.fml.loading.moddiscovery.ModFile) Loading mod file D:\.gradle\caches\fabric-loom\minecraftMaven\net\minecraft\neoforge-21.0.167-minecraft-merged\1.21-loom.mappings.1_21.layered+hash.40359-v2-neoforge-21.0.167\neoforge-21.0.167-minecraft-merged-1.21-loom.mappings.1_21.layered+hash.40359-v2-neoforge-21.0.167.jar with languages [LanguageSpec[languageName=minecraft, acceptedVersions=1]]
[15:50:42] [main/DEBUG] (net.neoforged.fml.loading.moddiscovery.ModFileParser) Considering mod file candidate D:\MixinRuntime121\build\resources\main
[15:50:42] [main/DEBUG] (net.neoforged.fml.loading.moddiscovery.ModFileInfo) Found valid mod file main with {mr} mods - versions {1.0.0-mc1.21}
[15:50:42] [main/DEBUG] (net.neoforged.fml.loading.moddiscovery.ModFile) Loading mod file D:\MixinRuntime121\build\resources\main with languages [LanguageSpec[languageName=javafml, acceptedVersions=[4,)]]
[15:50:42] [main/DEBUG] (net.neoforged.fml.loading.moddiscovery.ModFile) Found mixin config mr.mixins.json
[15:50:42] [main/DEBUG] (net.neoforged.fml.loading.moddiscovery.ModFileParser) Considering mod file candidate D:\.gradle\caches\fabric-loom\minecraftMaven\net\minecraft\neoforge-21.0.167-minecraft-merged\1.21-loom.mappings.1_21.layered+hash.40359-v2-neoforge-21.0.167\neoforge-21.0.167-minecraft-merged-1.21-loom.mappings.1_21.layered+hash.40359-v2-neoforge-21.0.167.jar
[15:50:42] [main/DEBUG] (net.neoforged.fml.loading.moddiscovery.ModFileInfo) Found valid mod file neoforge-21.0.167-minecraft-merged-1.21-loom.mappings.1_21.layered+hash.40359-v2-neoforge-21.0.167.jar with {neoforge} mods - versions {21.0.167}
[15:50:42] [main/DEBUG] (net.neoforged.fml.loading.moddiscovery.ModFile) Loading mod file D:\.gradle\caches\fabric-loom\minecraftMaven\net\minecraft\neoforge-21.0.167-minecraft-merged\1.21-loom.mappings.1_21.layered+hash.40359-v2-neoforge-21.0.167\neoforge-21.0.167-minecraft-merged-1.21-loom.mappings.1_21.layered+hash.40359-v2-neoforge-21.0.167.jar with languages [LanguageSpec[languageName=javafml, acceptedVersions=[3,]]]
[15:50:42] [main/DEBUG] (net.neoforged.fml.loading.moddiscovery.ModFileParser) Found coremod field_to_method with Javascript path coremods/field_to_method.js
[15:50:42] [main/DEBUG] (net.neoforged.fml.loading.moddiscovery.ModFileParser) Found coremod field_to_instanceof with Javascript path coremods/field_to_instanceof.js
[15:50:42] [main/DEBUG] (net.neoforged.fml.loading.moddiscovery.ModFileParser) Found coremod add_bouncer_method with Javascript path coremods/add_bouncer_method.js
[15:50:42] [main/DEBUG] (net.neoforged.fml.loading.moddiscovery.ModFileParser) Found coremod method_redirector with Javascript path coremods/method_redirector.js
[15:50:42] [main/DEBUG] (net.neoforged.fml.loading.moddiscovery.ModFile) Found mixin config neoforge.mixins.json
[15:50:42] [main/DEBUG] (net.neoforged.fml.loading.moddiscovery.ModFile) Loading mod file D:\.gradle\caches\modules-2\files-2.1\io.github.llamalad7\mixinextras-neoforge\0.3.5\ef3ffcf309dae656517b2f120189b1c9b21737dd\mixinextras-neoforge-0.3.5.jar with languages []
[15:50:42] [main/DEBUG] (net.neoforged.fml.loading.moddiscovery.ModValidator) Found 4 mod files with 3 mods
[15:50:42] [main/DEBUG] (cpw.mods.modlauncher.TransformationServiceDecorator) End scan trigger - transformation service fml
[15:50:42] [main/DEBUG] (net.neoforged.fml.util.ServiceLoaderUtil) Found 3 implementations of IModLanguageLoader:
[15:50:42] [main/DEBUG] (net.neoforged.fml.util.ServiceLoaderUtil) 	net.neoforged.fml.javafmlmod.FMLJavaModLanguageProvider from loader-4.0.23.jar
[15:50:42] [main/DEBUG] (net.neoforged.fml.util.ServiceLoaderUtil) 	net.neoforged.fml.lowcodemod.LowCodeModLanguageProvider from loader-4.0.23.jar
[15:50:42] [main/DEBUG] (net.neoforged.fml.util.ServiceLoaderUtil) 	net.neoforged.fml.mclanguageprovider.MinecraftModLanguageProvider from loader-4.0.23.jar
[15:50:42] [main/DEBUG] (net.neoforged.fml.loading.LanguageProviderLoader) Found language provider javafml, version 4.0.23
[15:50:42] [main/DEBUG] (net.neoforged.fml.loading.LanguageProviderLoader) Found language provider lowcodefml, version 4.0.23
[15:50:42] [main/DEBUG] (net.neoforged.fml.loading.LanguageProviderLoader) Found language provider minecraft, version 4.0.23
[15:50:42] [main/DEBUG] (net.neoforged.fml.loading.ModSorter) Configured system mods: [minecraft, neoforge]
[15:50:42] [main/DEBUG] (net.neoforged.fml.loading.ModSorter) Found system mod: minecraft
[15:50:42] [main/DEBUG] (net.neoforged.fml.loading.ModSorter) Found system mod: neoforge
[15:50:42] [main/DEBUG] (net.neoforged.fml.loading.ModSorter) Found 2 mod requirements (2 mandatory, 0 optional)
[15:50:42] [main/DEBUG] (net.neoforged.fml.loading.ModSorter) Found 0 mod requirements missing (0 mandatory, 0 optional)
[15:50:42] [main/DEBUG] (net.neoforged.fml.loading.FMLLoader) Adding Access Transformer in D:\.gradle\caches\fabric-loom\minecraftMaven\net\minecraft\neoforge-21.0.167-minecraft-merged\1.21-loom.mappings.1_21.layered+hash.40359-v2-neoforge-21.0.167\neoforge-21.0.167-minecraft-merged-1.21-loom.mappings.1_21.layered+hash.40359-v2-neoforge-21.0.167.jar
[15:50:42] [main/DEBUG] (AXFORM) Loading access transformer accesstransformer.cfg
[15:50:42] [main/DEBUG] (AXFORM) Loaded access transformer accesstransformer.cfg
[15:50:42] [main/DEBUG] (mixin) Adding mixin platform agents for container net.neoforged.fml.loading.mixin.FMLMixinContainerHandle@4a0df195
[15:50:42] [main/DEBUG] (mixin) Instancing new MixinPlatformAgentMinecraftForge for net.neoforged.fml.loading.mixin.FMLMixinContainerHandle@4a0df195
[15:50:42] [main/DEBUG] (mixin) MixinPlatformAgentMinecraftForge rejected container net.neoforged.fml.loading.mixin.FMLMixinContainerHandle@4a0df195
[15:50:42] [main/DEBUG] (mixin) Instancing new MixinPlatformAgentDefault for net.neoforged.fml.loading.mixin.FMLMixinContainerHandle@4a0df195
[15:50:42] [main/DEBUG] (mixin) MixinPlatformAgentDefault accepted container net.neoforged.fml.loading.mixin.FMLMixinContainerHandle@4a0df195
[15:50:42] [main/DEBUG] (mixin) Instancing new FMLMixinPlatformAgent for net.neoforged.fml.loading.mixin.FMLMixinContainerHandle@4a0df195
[15:50:42] [main/DEBUG] (mixin) FMLMixinPlatformAgent accepted container net.neoforged.fml.loading.mixin.FMLMixinContainerHandle@4a0df195
[15:50:43] [main/DEBUG] (cpw.mods.modlauncher.TransformationServicesHandler) Transformation services loading transformers
[15:50:43] [main/DEBUG] (cpw.mods.modlauncher.TransformationServiceDecorator) Initializing transformers for transformation service mixin
[15:50:43] [main/DEBUG] (cpw.mods.modlauncher.TransformationServiceDecorator) Initialized transformers for transformation service mixin
[15:50:43] [main/DEBUG] (cpw.mods.modlauncher.TransformationServiceDecorator) Initializing transformers for transformation service fml
[15:50:43] [main/DEBUG] (net.neoforged.fml.loading.FMLServiceProvider) Loading coremod transformers
[15:50:43] [main/INFO] (net.neoforged.fml.loading.FMLServiceProvider) Loading coremod script-engine for [neoforge]
[15:50:43] [main/DEBUG] (net.neoforged.fml.loading.CoreModScriptLoader) Loading coremod scripts
[15:50:45] [main/DEBUG] (net.neoforged.coremod.CoreModScriptingEngine) Loading CoreMod from coremods/field_to_method.js
[15:50:45] [main/DEBUG] (net.neoforged.coremod.CoreModScriptingEngine) CoreMod loaded successfully
[15:50:45] [main/DEBUG] (net.neoforged.coremod.CoreModScriptingEngine) Loading CoreMod from coremods/field_to_instanceof.js
[15:50:46] [main/DEBUG] (net.neoforged.coremod.CoreModScriptingEngine) CoreMod loaded successfully
[15:50:46] [main/DEBUG] (net.neoforged.coremod.CoreModScriptingEngine) Loading CoreMod from coremods/add_bouncer_method.js
[15:50:46] [main/DEBUG] (net.neoforged.coremod.CoreModScriptingEngine) CoreMod loaded successfully
[15:50:46] [main/DEBUG] (net.neoforged.coremod.CoreModScriptingEngine) Loading CoreMod from coremods/method_redirector.js
[15:50:46] [main/DEBUG] (net.neoforged.coremod.CoreModScriptingEngine) CoreMod loaded successfully
[15:50:46] [main/DEBUG] (net.neoforged.fml.util.ServiceLoaderUtil) Found 0 implementations of ICoreMod:
[15:50:46] [main/DEBUG] (cpw.mods.modlauncher.TransformStore) Adding transformer net.neoforged.coremod.transformer.CoreModClassTransformer@37496720 to Target : cpw.mods.modlauncher.api.TargetType@3700ec9c {Lnet/minecraft/world/level/biome/Biome;} {} {V}
[15:50:46] [main/DEBUG] (cpw.mods.modlauncher.TransformStore) Adding transformer net.neoforged.coremod.transformer.CoreModClassTransformer@1a0c5e9 to Target : cpw.mods.modlauncher.api.TargetType@3700ec9c {Lnet/minecraft/world/level/levelgen/structure/Structure;} {} {V}
[15:50:46] [main/DEBUG] (cpw.mods.modlauncher.TransformStore) Adding transformer net.neoforged.coremod.transformer.CoreModClassTransformer@123d7057 to Target : cpw.mods.modlauncher.api.TargetType@3700ec9c {Lnet/minecraft/world/level/block/FlowerPotBlock;} {} {V}
[15:50:46] [main/DEBUG] (cpw.mods.modlauncher.TransformStore) Adding transformer net.neoforged.coremod.transformer.CoreModClassTransformer@1d247525 to Target : cpw.mods.modlauncher.api.TargetType@3700ec9c {Lnet/minecraft/network/play/client/CClientSettingsPacket;} {} {V}
[15:50:46] [main/DEBUG] (cpw.mods.modlauncher.TransformStore) Adding transformer net.neoforged.coremod.transformer.CoreModClassTransformer@35ee466f to Target : cpw.mods.modlauncher.api.TargetType@3700ec9c {Lnet/minecraft/world/entity/ai/village/VillageSiege;} {} {V}
[15:50:46] [main/DEBUG] (cpw.mods.modlauncher.TransformStore) Adding transformer net.neoforged.coremod.transformer.CoreModClassTransformer@35ee466f to Target : cpw.mods.modlauncher.api.TargetType@3700ec9c {Lnet/minecraft/world/level/NaturalSpawner;} {} {V}
[15:50:46] [main/DEBUG] (cpw.mods.modlauncher.TransformStore) Adding transformer net.neoforged.coremod.transformer.CoreModClassTransformer@35ee466f to Target : cpw.mods.modlauncher.api.TargetType@3700ec9c {Lnet/minecraft/world/level/levelgen/PatrolSpawner;} {} {V}
[15:50:46] [main/DEBUG] (cpw.mods.modlauncher.TransformStore) Adding transformer net.neoforged.coremod.transformer.CoreModClassTransformer@35ee466f to Target : cpw.mods.modlauncher.api.TargetType@3700ec9c {Lnet/minecraft/world/entity/monster/ZombieVillager;} {} {V}
[15:50:46] [main/DEBUG] (cpw.mods.modlauncher.TransformStore) Adding transformer net.neoforged.coremod.transformer.CoreModClassTransformer@35ee466f to Target : cpw.mods.modlauncher.api.TargetType@3700ec9c {Lnet/minecraft/world/entity/npc/Villager;} {} {V}
[15:50:46] [main/DEBUG] (cpw.mods.modlauncher.TransformStore) Adding transformer net.neoforged.coremod.transformer.CoreModClassTransformer@35ee466f to Target : cpw.mods.modlauncher.api.TargetType@3700ec9c {Lnet/minecraft/world/level/levelgen/structure/structures/OceanRuinPieces$OceanRuinPiece;} {} {V}
[15:50:46] [main/DEBUG] (cpw.mods.modlauncher.TransformStore) Adding transformer net.neoforged.coremod.transformer.CoreModClassTransformer@35ee466f to Target : cpw.mods.modlauncher.api.TargetType@3700ec9c {Lnet/minecraft/world/level/levelgen/PhantomSpawner;} {} {V}
[15:50:46] [main/DEBUG] (cpw.mods.modlauncher.TransformStore) Adding transformer net.neoforged.coremod.transformer.CoreModClassTransformer@35ee466f to Target : cpw.mods.modlauncher.api.TargetType@3700ec9c {Lnet/minecraft/world/entity/animal/frog/Tadpole;} {} {V}
[15:50:46] [main/DEBUG] (cpw.mods.modlauncher.TransformStore) Adding transformer net.neoforged.coremod.transformer.CoreModClassTransformer@35ee466f to Target : cpw.mods.modlauncher.api.TargetType@3700ec9c {Lnet/minecraft/world/entity/monster/Evoker$EvokerSummonSpellGoal;} {} {V}
[15:50:46] [main/DEBUG] (cpw.mods.modlauncher.TransformStore) Adding transformer net.neoforged.coremod.transformer.CoreModClassTransformer@35ee466f to Target : cpw.mods.modlauncher.api.TargetType@3700ec9c {Lnet/minecraft/world/entity/raid/Raid;} {} {V}
[15:50:46] [main/DEBUG] (cpw.mods.modlauncher.TransformStore) Adding transformer net.neoforged.coremod.transformer.CoreModClassTransformer@35ee466f to Target : cpw.mods.modlauncher.api.TargetType@3700ec9c {Lnet/minecraft/world/level/levelgen/structure/structures/SwampHutPiece;} {} {V}
[15:50:46] [main/DEBUG] (cpw.mods.modlauncher.TransformStore) Adding transformer net.neoforged.coremod.transformer.CoreModClassTransformer@35ee466f to Target : cpw.mods.modlauncher.api.TargetType@3700ec9c {Lnet/minecraft/world/level/levelgen/structure/templatesystem/StructureTemplate;} {} {V}
[15:50:46] [main/DEBUG] (cpw.mods.modlauncher.TransformStore) Adding transformer net.neoforged.coremod.transformer.CoreModClassTransformer@35ee466f to Target : cpw.mods.modlauncher.api.TargetType@3700ec9c {Lnet/minecraft/world/level/levelgen/structure/structures/OceanMonumentPieces$OceanMonumentPiece;} {} {V}
[15:50:46] [main/DEBUG] (cpw.mods.modlauncher.TransformStore) Adding transformer net.neoforged.coremod.transformer.CoreModClassTransformer@35ee466f to Target : cpw.mods.modlauncher.api.TargetType@3700ec9c {Lnet/minecraft/world/entity/monster/Zombie;} {} {V}
[15:50:46] [main/DEBUG] (cpw.mods.modlauncher.TransformStore) Adding transformer net.neoforged.coremod.transformer.CoreModClassTransformer@35ee466f to Target : cpw.mods.modlauncher.api.TargetType@3700ec9c {Lnet/minecraft/server/commands/RaidCommand;} {} {V}
[15:50:46] [main/DEBUG] (cpw.mods.modlauncher.TransformStore) Adding transformer net.neoforged.coremod.transformer.CoreModClassTransformer@35ee466f to Target : cpw.mods.modlauncher.api.TargetType@3700ec9c {Lnet/minecraft/world/entity/monster/Spider;} {} {V}
[15:50:46] [main/DEBUG] (cpw.mods.modlauncher.TransformStore) Adding transformer net.neoforged.coremod.transformer.CoreModClassTransformer@35ee466f to Target : cpw.mods.modlauncher.api.TargetType@3700ec9c {Lnet/minecraft/world/entity/monster/Strider;} {} {V}
[15:50:46] [main/DEBUG] (cpw.mods.modlauncher.TransformStore) Adding transformer net.neoforged.coremod.transformer.CoreModClassTransformer@35ee466f to Target : cpw.mods.modlauncher.api.TargetType@3700ec9c {Lnet/minecraft/world/entity/EntityType;} {} {V}
[15:50:46] [main/DEBUG] (cpw.mods.modlauncher.TransformStore) Adding transformer net.neoforged.coremod.transformer.CoreModClassTransformer@35ee466f to Target : cpw.mods.modlauncher.api.TargetType@3700ec9c {Lnet/minecraft/world/entity/animal/horse/SkeletonTrapGoal;} {} {V}
[15:50:46] [main/DEBUG] (cpw.mods.modlauncher.TransformStore) Adding transformer net.neoforged.coremod.transformer.CoreModClassTransformer@35ee466f to Target : cpw.mods.modlauncher.api.TargetType@3700ec9c {Lnet/minecraft/world/entity/npc/CatSpawner;} {} {V}
[15:50:46] [main/DEBUG] (cpw.mods.modlauncher.TransformStore) Adding transformer net.neoforged.coremod.transformer.CoreModClassTransformer@35ee466f to Target : cpw.mods.modlauncher.api.TargetType@3700ec9c {Lnet/minecraft/server/commands/SummonCommand;} {} {V}
[15:50:46] [main/DEBUG] (cpw.mods.modlauncher.TransformStore) Adding transformer net.neoforged.coremod.transformer.CoreModClassTransformer@35ee466f to Target : cpw.mods.modlauncher.api.TargetType@3700ec9c {Lnet/minecraft/world/level/levelgen/structure/structures/WoodlandMansionPieces$WoodlandMansionPiece;} {} {V}
[15:50:46] [main/DEBUG] (cpw.mods.modlauncher.TransformationServiceDecorator) Initialized transformers for transformation service fml
[15:50:46] [main/DEBUG] (mixin) Processing prepare() for PlatformAgent[MixinPlatformAgentDefault:ModLauncher Root Container(ModLauncher:4f56a0a2)]
[15:50:46] [main/DEBUG] (mixin) Processing prepare() for PlatformAgent[MixinPlatformAgentDefault:net.neoforged.fml.loading.mixin.FMLMixinContainerHandle@4a0df195]
[15:50:46] [main/DEBUG] (mixin) Processing prepare() for PlatformAgent[FMLMixinPlatformAgent:null]
[15:50:47] [main/DEBUG] (mixin) Compatibility level JAVA_21 specified by mr.mixins.json is higher than the maximum level supported by this version of mixin (JAVA_13).
[15:50:47] [main/INFO] (mixin) Compatibility level set to JAVA_21
[15:50:47] [main/DEBUG] (mixin) Processing launch tasks for PlatformAgent[MixinPlatformAgentDefault:ModLauncher Root Container(ModLauncher:4f56a0a2)]
[15:50:47] [main/DEBUG] (mixin) Adding mixin platform agents for container SecureJarResource(mixin_synthetic)
[15:50:47] [main/DEBUG] (mixin) Instancing new MixinPlatformAgentMinecraftForge for SecureJarResource(mixin_synthetic)
[15:50:47] [main/DEBUG] (mixin) MixinPlatformAgentMinecraftForge rejected container SecureJarResource(mixin_synthetic)
[15:50:47] [main/DEBUG] (mixin) Instancing new MixinPlatformAgentDefault for SecureJarResource(mixin_synthetic)
[15:50:47] [main/DEBUG] (mixin) MixinPlatformAgentDefault accepted container SecureJarResource(mixin_synthetic)
[15:50:47] [main/DEBUG] (mixin) Instancing new FMLMixinPlatformAgent for SecureJarResource(mixin_synthetic)
[15:50:47] [main/DEBUG] (mixin) FMLMixinPlatformAgent rejected container SecureJarResource(mixin_synthetic)
[15:50:47] [main/DEBUG] (mixin) Processing prepare() for PlatformAgent[MixinPlatformAgentDefault:SecureJarResource(mixin_synthetic)]
[15:50:47] [main/DEBUG] (mixin) Adding mixin platform agents for container SecureJarResource(minecraft)
[15:50:47] [main/DEBUG] (mixin) Instancing new MixinPlatformAgentMinecraftForge for SecureJarResource(minecraft)
[15:50:47] [main/DEBUG] (mixin) MixinPlatformAgentMinecraftForge rejected container SecureJarResource(minecraft)
[15:50:47] [main/DEBUG] (mixin) Instancing new MixinPlatformAgentDefault for SecureJarResource(minecraft)
[15:50:47] [main/DEBUG] (mixin) MixinPlatformAgentDefault accepted container SecureJarResource(minecraft)
[15:50:47] [main/DEBUG] (mixin) Instancing new FMLMixinPlatformAgent for SecureJarResource(minecraft)
[15:50:47] [main/DEBUG] (mixin) FMLMixinPlatformAgent rejected container SecureJarResource(minecraft)
[15:50:47] [main/DEBUG] (mixin) Processing prepare() for PlatformAgent[MixinPlatformAgentDefault:SecureJarResource(minecraft)]
[15:50:47] [main/DEBUG] (mixin) Adding mixin platform agents for container SecureJarResource(mr)
[15:50:47] [main/DEBUG] (mixin) Instancing new MixinPlatformAgentMinecraftForge for SecureJarResource(mr)
[15:50:47] [main/DEBUG] (mixin) MixinPlatformAgentMinecraftForge rejected container SecureJarResource(mr)
[15:50:47] [main/DEBUG] (mixin) Instancing new MixinPlatformAgentDefault for SecureJarResource(mr)
[15:50:47] [main/DEBUG] (mixin) MixinPlatformAgentDefault accepted container SecureJarResource(mr)
[15:50:47] [main/DEBUG] (mixin) Instancing new FMLMixinPlatformAgent for SecureJarResource(mr)
[15:50:47] [main/DEBUG] (mixin) FMLMixinPlatformAgent rejected container SecureJarResource(mr)
[15:50:47] [main/DEBUG] (mixin) Processing prepare() for PlatformAgent[MixinPlatformAgentDefault:SecureJarResource(mr)]
[15:50:47] [main/DEBUG] (mixin) Adding mixin platform agents for container SecureJarResource(mixinextras.neoforge)
[15:50:47] [main/DEBUG] (mixin) Instancing new MixinPlatformAgentMinecraftForge for SecureJarResource(mixinextras.neoforge)
[15:50:47] [main/DEBUG] (mixin) MixinPlatformAgentMinecraftForge rejected container SecureJarResource(mixinextras.neoforge)
[15:50:47] [main/DEBUG] (mixin) Instancing new MixinPlatformAgentDefault for SecureJarResource(mixinextras.neoforge)
[15:50:47] [main/DEBUG] (mixin) MixinPlatformAgentDefault accepted container SecureJarResource(mixinextras.neoforge)
[15:50:47] [main/DEBUG] (mixin) Instancing new FMLMixinPlatformAgent for SecureJarResource(mixinextras.neoforge)
[15:50:47] [main/DEBUG] (mixin) FMLMixinPlatformAgent rejected container SecureJarResource(mixinextras.neoforge)
[15:50:47] [main/DEBUG] (mixin) Processing prepare() for PlatformAgent[MixinPlatformAgentDefault:SecureJarResource(mixinextras.neoforge)]
[15:50:47] [main/DEBUG] (mixin) Registering mixin config: mixinextras.init.mixins.json source=SecureJarResource(mixinextras.neoforge)
[15:50:47] [main/DEBUG] (mixin) inject() running with 6 agents
[15:50:47] [main/DEBUG] (mixin) Processing inject() for PlatformAgent[MixinPlatformAgentDefault:ModLauncher Root Container(ModLauncher:4f56a0a2)]
[15:50:47] [main/DEBUG] (mixin) Processing inject() for PlatformAgent[MixinPlatformAgentDefault:net.neoforged.fml.loading.mixin.FMLMixinContainerHandle@4a0df195]
[15:50:47] [main/DEBUG] (mixin) Processing inject() for PlatformAgent[FMLMixinPlatformAgent:null]
[15:50:47] [main/DEBUG] (mixin) Processing inject() for PlatformAgent[MixinPlatformAgentDefault:SecureJarResource(mixin_synthetic)]
[15:50:47] [main/DEBUG] (mixin) Processing inject() for PlatformAgent[MixinPlatformAgentDefault:SecureJarResource(minecraft)]
[15:50:47] [main/DEBUG] (mixin) Processing inject() for PlatformAgent[MixinPlatformAgentDefault:SecureJarResource(mr)]
[15:50:47] [main/DEBUG] (mixin) Processing inject() for PlatformAgent[MixinPlatformAgentDefault:SecureJarResource(mixinextras.neoforge)]
[15:50:47] [main/INFO] (cpw.mods.modlauncher.LaunchServiceHandler) Launching target 'forgeclientuserdev' with arguments [--version, 21.0.167, --gameDir, ., --assetsDir, D:\.gradle\caches\fabric-loom\assets, --assetIndex, 1.21-17]
[15:50:47] [main/INFO] (unprotect) Found 8254 Minecraft classes
[15:50:47] [main/DEBUG] (cpw.mods.modlauncher.LaunchPluginHandler) LaunchPluginService {AFTER=[org.spongepowered.asm.launch.MixinLaunchPlugin@7ce85af2, net.neoforged.fml.common.asm.RuntimeDistCleaner@41b13f3d]}
[15:50:47] [main/DEBUG] (cpw.mods.modlauncher.LaunchPluginHandler) Final flags state for net.neoforged.neoforge.client.loading.NeoForgeLoadingOverlay is 0
[15:50:47] [main/DEBUG] (cpw.mods.modlauncher.LaunchPluginHandler) LauncherPluginService mixin offering transform net.neoforged.neoforge.client.loading.NeoForgeLoadingOverlay
[15:50:47] [main/DEBUG] (mixin) Preparing mixins for MixinEnvironment[DEFAULT]
[15:50:47] [main/DEBUG] (mixin) Selecting config mr.mixins.json
[15:50:47] [main/DEBUG] (cpw.mods.modlauncher.LaunchPluginHandler) LaunchPluginService {AFTER=[org.spongepowered.asm.launch.MixinLaunchPlugin@7ce85af2, net.neoforged.fml.common.asm.RuntimeDistCleaner@41b13f3d]}
[15:50:47] [main/DEBUG] (cpw.mods.modlauncher.LaunchPluginHandler) Final flags state for cn.ksmcbrigade.mr.mixin.MixinRuntimePlugin is 0
[15:50:47] [main/DEBUG] (cpw.mods.modlauncher.LaunchPluginHandler) LauncherPluginService mixin offering transform cn.ksmcbrigade.mr.mixin.MixinRuntimePlugin
[15:50:47] [main/DEBUG] (cpw.mods.modlauncher.LaunchPluginHandler) LauncherPluginService runtimedistcleaner offering transform cn.ksmcbrigade.mr.mixin.MixinRuntimePlugin
[15:50:47] [main/DEBUG] (cpw.mods.modlauncher.LaunchPluginHandler) Final flags state for cn.ksmcbrigade.mr.mixin.MixinRuntimePlugin is 0
[15:50:47] [main/DEBUG] (cpw.mods.modlauncher.LaunchPluginHandler) LaunchPluginService {AFTER=[org.spongepowered.asm.launch.MixinLaunchPlugin@7ce85af2, net.neoforged.fml.common.asm.RuntimeDistCleaner@41b13f3d]}
[15:50:47] [main/DEBUG] (cpw.mods.modlauncher.LaunchPluginHandler) Final flags state for cn.ksmcbrigade.mr.Constants is 0
[15:50:47] [main/DEBUG] (cpw.mods.modlauncher.LaunchPluginHandler) LauncherPluginService mixin offering transform cn.ksmcbrigade.mr.Constants
[15:50:47] [main/DEBUG] (cpw.mods.modlauncher.LaunchPluginHandler) LauncherPluginService runtimedistcleaner offering transform cn.ksmcbrigade.mr.Constants
[15:50:47] [main/DEBUG] (cpw.mods.modlauncher.LaunchPluginHandler) Final flags state for cn.ksmcbrigade.mr.Constants is 0
[15:50:47] [main/DEBUG] (cpw.mods.modlauncher.LaunchPluginHandler) LaunchPluginService {AFTER=[org.spongepowered.asm.launch.MixinLaunchPlugin@7ce85af2, net.neoforged.fml.common.asm.RuntimeDistCleaner@41b13f3d]}
[15:50:47] [main/DEBUG] (cpw.mods.modlauncher.LaunchPluginHandler) Final flags state for cn.ksmcbrigade.mr.MixinRuntimeMod is 0
[15:50:47] [main/DEBUG] (cpw.mods.modlauncher.LaunchPluginHandler) LauncherPluginService mixin offering transform cn.ksmcbrigade.mr.MixinRuntimeMod
[15:50:47] [main/DEBUG] (cpw.mods.modlauncher.LaunchPluginHandler) LauncherPluginService runtimedistcleaner offering transform cn.ksmcbrigade.mr.MixinRuntimeMod
[15:50:47] [main/DEBUG] (cpw.mods.modlauncher.LaunchPluginHandler) Final flags state for cn.ksmcbrigade.mr.MixinRuntimeMod is 0
[15:50:47] [main/INFO] (cn.ksmcbrigade.mr.MixinRuntimeMod) MixinRuntimePlugin Loading...
[15:50:47] [main/DEBUG] (cpw.mods.modlauncher.LaunchPluginHandler) LaunchPluginService {AFTER=[org.spongepowered.asm.launch.MixinLaunchPlugin@7ce85af2, net.neoforged.fml.common.asm.RuntimeDistCleaner@41b13f3d]}
[15:50:47] [main/DEBUG] (cpw.mods.modlauncher.LaunchPluginHandler) Final flags state for cn.ksmcbrigade.mr.utils.UnsafeUtils is 0
[15:50:47] [main/DEBUG] (cpw.mods.modlauncher.LaunchPluginHandler) LauncherPluginService mixin offering transform cn.ksmcbrigade.mr.utils.UnsafeUtils
[15:50:47] [main/DEBUG] (cpw.mods.modlauncher.LaunchPluginHandler) LauncherPluginService runtimedistcleaner offering transform cn.ksmcbrigade.mr.utils.UnsafeUtils
[15:50:47] [main/DEBUG] (cpw.mods.modlauncher.LaunchPluginHandler) Final flags state for cn.ksmcbrigade.mr.utils.UnsafeUtils is 0
[15:50:48] [main/INFO] (cn.ksmcbrigade.mr.MixinRuntimeMod) Opening modules...
[15:50:48] [main/DEBUG] (cpw.mods.modlauncher.LaunchPluginHandler) LaunchPluginService {AFTER=[org.spongepowered.asm.launch.MixinLaunchPlugin@7ce85af2, net.neoforged.fml.common.asm.RuntimeDistCleaner@41b13f3d]}
[15:50:48] [main/DEBUG] (cpw.mods.modlauncher.LaunchPluginHandler) Final flags state for cn.ksmcbrigade.mr.utils.ModuleUtils is 0
[15:50:48] [main/DEBUG] (cpw.mods.modlauncher.LaunchPluginHandler) LauncherPluginService mixin offering transform cn.ksmcbrigade.mr.utils.ModuleUtils
[15:50:48] [main/DEBUG] (cpw.mods.modlauncher.LaunchPluginHandler) LauncherPluginService runtimedistcleaner offering transform cn.ksmcbrigade.mr.utils.ModuleUtils
[15:50:48] [main/DEBUG] (cpw.mods.modlauncher.LaunchPluginHandler) Final flags state for cn.ksmcbrigade.mr.utils.ModuleUtils is 0
[15:50:48] [main/DEBUG] (cpw.mods.modlauncher.LaunchPluginHandler) LaunchPluginService {AFTER=[org.spongepowered.asm.launch.MixinLaunchPlugin@7ce85af2, net.neoforged.fml.common.asm.RuntimeDistCleaner@41b13f3d]}
[15:50:48] [main/DEBUG] (cpw.mods.modlauncher.LaunchPluginHandler) Final flags state for cn.ksmcbrigade.mr.utils.mixin.MixinAgentUtils is 0
[15:50:48] [main/DEBUG] (cpw.mods.modlauncher.LaunchPluginHandler) LauncherPluginService mixin offering transform cn.ksmcbrigade.mr.utils.mixin.MixinAgentUtils
[15:50:48] [main/DEBUG] (cpw.mods.modlauncher.LaunchPluginHandler) LauncherPluginService runtimedistcleaner offering transform cn.ksmcbrigade.mr.utils.mixin.MixinAgentUtils
[15:50:48] [main/DEBUG] (cpw.mods.modlauncher.LaunchPluginHandler) Final flags state for cn.ksmcbrigade.mr.utils.mixin.MixinAgentUtils is 0
[15:50:48] [main/DEBUG] (cpw.mods.modlauncher.LaunchPluginHandler) LaunchPluginService {AFTER=[org.spongepowered.asm.launch.MixinLaunchPlugin@7ce85af2, net.neoforged.fml.common.asm.RuntimeDistCleaner@41b13f3d]}
[15:50:48] [main/DEBUG] (cpw.mods.modlauncher.LaunchPluginHandler) Final flags state for cn.ksmcbrigade.mr.utils.mixin.MixinServiceUtils is 0
[15:50:48] [main/DEBUG] (cpw.mods.modlauncher.LaunchPluginHandler) LauncherPluginService mixin offering transform cn.ksmcbrigade.mr.utils.mixin.MixinServiceUtils
[15:50:48] [main/DEBUG] (cpw.mods.modlauncher.LaunchPluginHandler) LauncherPluginService runtimedistcleaner offering transform cn.ksmcbrigade.mr.utils.mixin.MixinServiceUtils
[15:50:48] [main/DEBUG] (cpw.mods.modlauncher.LaunchPluginHandler) Final flags state for cn.ksmcbrigade.mr.utils.mixin.MixinServiceUtils is 0
[15:50:48] [main/DEBUG] (cpw.mods.modlauncher.LaunchPluginHandler) LaunchPluginService {AFTER=[org.spongepowered.asm.launch.MixinLaunchPlugin@7ce85af2, net.neoforged.fml.common.asm.RuntimeDistCleaner@41b13f3d]}
[15:50:48] [main/DEBUG] (cpw.mods.modlauncher.LaunchPluginHandler) Final flags state for cn.ksmcbrigade.mr.utils.mixin.MixinUtils is 0
[15:50:48] [main/DEBUG] (cpw.mods.modlauncher.LaunchPluginHandler) LauncherPluginService mixin offering transform cn.ksmcbrigade.mr.utils.mixin.MixinUtils
[15:50:48] [main/DEBUG] (cpw.mods.modlauncher.LaunchPluginHandler) LauncherPluginService runtimedistcleaner offering transform cn.ksmcbrigade.mr.utils.mixin.MixinUtils
[15:50:48] [main/DEBUG] (cpw.mods.modlauncher.LaunchPluginHandler) Final flags state for cn.ksmcbrigade.mr.utils.mixin.MixinUtils is 0
[15:50:48] [main/DEBUG] (cpw.mods.modlauncher.LaunchPluginHandler) LaunchPluginService {AFTER=[org.spongepowered.asm.launch.MixinLaunchPlugin@7ce85af2, net.neoforged.fml.common.asm.RuntimeDistCleaner@41b13f3d]}
[15:50:48] [main/DEBUG] (cpw.mods.modlauncher.LaunchPluginHandler) Final flags state for cn.ksmcbrigade.mr.transformers.debug.ModuleClassLoaderTransformer is 0
[15:50:48] [main/DEBUG] (cpw.mods.modlauncher.LaunchPluginHandler) LauncherPluginService mixin offering transform cn.ksmcbrigade.mr.transformers.debug.ModuleClassLoaderTransformer
[15:50:48] [main/DEBUG] (cpw.mods.modlauncher.LaunchPluginHandler) LauncherPluginService runtimedistcleaner offering transform cn.ksmcbrigade.mr.transformers.debug.ModuleClassLoaderTransformer
[15:50:48] [main/DEBUG] (cpw.mods.modlauncher.LaunchPluginHandler) Final flags state for cn.ksmcbrigade.mr.transformers.debug.ModuleClassLoaderTransformer is 0
[15:50:48] [main/DEBUG] (cpw.mods.modlauncher.LaunchPluginHandler) LaunchPluginService {AFTER=[org.spongepowered.asm.launch.MixinLaunchPlugin@7ce85af2, net.neoforged.fml.common.asm.RuntimeDistCleaner@41b13f3d]}
[15:50:48] [main/DEBUG] (cpw.mods.modlauncher.LaunchPluginHandler) Final flags state for cn.ksmcbrigade.mr.transformers.debug.ModuleClassLoaderTransformer$1 is 0
[15:50:48] [main/DEBUG] (cpw.mods.modlauncher.LaunchPluginHandler) LauncherPluginService mixin offering transform cn.ksmcbrigade.mr.transformers.debug.ModuleClassLoaderTransformer$1
[15:50:48] [main/DEBUG] (cpw.mods.modlauncher.LaunchPluginHandler) LauncherPluginService runtimedistcleaner offering transform cn.ksmcbrigade.mr.transformers.debug.ModuleClassLoaderTransformer$1
[15:50:48] [main/DEBUG] (cpw.mods.modlauncher.LaunchPluginHandler) Final flags state for cn.ksmcbrigade.mr.transformers.debug.ModuleClassLoaderTransformer$1 is 0
[15:50:48] [main/DEBUG] (cpw.mods.modlauncher.LaunchPluginHandler) LaunchPluginService {AFTER=[org.spongepowered.asm.launch.MixinLaunchPlugin@7ce85af2, net.neoforged.fml.common.asm.RuntimeDistCleaner@41b13f3d]}
[15:50:48] [main/DEBUG] (cpw.mods.modlauncher.LaunchPluginHandler) Final flags state for cn.ksmcbrigade.mr.transformers.ModLauncherClassTrackerTransformer is 0
[15:50:48] [main/DEBUG] (cpw.mods.modlauncher.LaunchPluginHandler) LauncherPluginService mixin offering transform cn.ksmcbrigade.mr.transformers.ModLauncherClassTrackerTransformer
[15:50:48] [main/DEBUG] (cpw.mods.modlauncher.LaunchPluginHandler) LauncherPluginService runtimedistcleaner offering transform cn.ksmcbrigade.mr.transformers.ModLauncherClassTrackerTransformer
[15:50:48] [main/DEBUG] (cpw.mods.modlauncher.LaunchPluginHandler) Final flags state for cn.ksmcbrigade.mr.transformers.ModLauncherClassTrackerTransformer is 0
[15:50:48] [main/DEBUG] (cpw.mods.modlauncher.LaunchPluginHandler) LaunchPluginService {AFTER=[org.spongepowered.asm.launch.MixinLaunchPlugin@7ce85af2, net.neoforged.fml.common.asm.RuntimeDistCleaner@41b13f3d]}
[15:50:48] [main/DEBUG] (cpw.mods.modlauncher.LaunchPluginHandler) Final flags state for cn.ksmcbrigade.mr.transformers.ModLauncherClassTrackerTransformer$1 is 0
[15:50:48] [main/DEBUG] (cpw.mods.modlauncher.LaunchPluginHandler) LauncherPluginService mixin offering transform cn.ksmcbrigade.mr.transformers.ModLauncherClassTrackerTransformer$1
[15:50:48] [main/DEBUG] (cpw.mods.modlauncher.LaunchPluginHandler) LauncherPluginService runtimedistcleaner offering transform cn.ksmcbrigade.mr.transformers.ModLauncherClassTrackerTransformer$1
[15:50:48] [main/DEBUG] (cpw.mods.modlauncher.LaunchPluginHandler) Final flags state for cn.ksmcbrigade.mr.transformers.ModLauncherClassTrackerTransformer$1 is 0
[15:50:48] [main/DEBUG] (cpw.mods.modlauncher.LaunchPluginHandler) LaunchPluginService {AFTER=[org.spongepowered.asm.launch.MixinLaunchPlugin@7ce85af2, net.neoforged.fml.common.asm.RuntimeDistCleaner@41b13f3d]}
[15:50:48] [main/DEBUG] (cpw.mods.modlauncher.LaunchPluginHandler) Final flags state for cn.ksmcbrigade.mr.transformers.MixinProcessorTransformer is 0
[15:50:48] [main/DEBUG] (cpw.mods.modlauncher.LaunchPluginHandler) LauncherPluginService mixin offering transform cn.ksmcbrigade.mr.transformers.MixinProcessorTransformer
[15:50:48] [main/DEBUG] (cpw.mods.modlauncher.LaunchPluginHandler) LauncherPluginService runtimedistcleaner offering transform cn.ksmcbrigade.mr.transformers.MixinProcessorTransformer
[15:50:48] [main/DEBUG] (cpw.mods.modlauncher.LaunchPluginHandler) Final flags state for cn.ksmcbrigade.mr.transformers.MixinProcessorTransformer is 0
[15:50:48] [main/DEBUG] (cpw.mods.modlauncher.LaunchPluginHandler) LaunchPluginService {AFTER=[org.spongepowered.asm.launch.MixinLaunchPlugin@7ce85af2, net.neoforged.fml.common.asm.RuntimeDistCleaner@41b13f3d]}
[15:50:48] [main/DEBUG] (cpw.mods.modlauncher.LaunchPluginHandler) Final flags state for cn.ksmcbrigade.mr.transformers.MixinProcessorTransformer$1 is 0
[15:50:48] [main/DEBUG] (cpw.mods.modlauncher.LaunchPluginHandler) LauncherPluginService mixin offering transform cn.ksmcbrigade.mr.transformers.MixinProcessorTransformer$1
[15:50:48] [main/DEBUG] (cpw.mods.modlauncher.LaunchPluginHandler) LauncherPluginService runtimedistcleaner offering transform cn.ksmcbrigade.mr.transformers.MixinProcessorTransformer$1
[15:50:48] [main/DEBUG] (cpw.mods.modlauncher.LaunchPluginHandler) Final flags state for cn.ksmcbrigade.mr.transformers.MixinProcessorTransformer$1 is 0
[15:50:48] [main/INFO] (mixin.agent) Redefining class cpw/mods/cl/ModuleClassLoader
[15:50:48] [main/INFO] (mixin.agent) Redefining class org/spongepowered/asm/service/modlauncher/ModLauncherClassTracker
[15:50:48] [main/INFO] (mixin.agent) Redefining class org/spongepowered/asm/mixin/transformer/MixinProcessor
[15:50:48] [main/DEBUG] (cpw.mods.modlauncher.LaunchPluginHandler) LaunchPluginService {AFTER=[org.spongepowered.asm.launch.MixinLaunchPlugin@7ce85af2, net.neoforged.fml.common.asm.RuntimeDistCleaner@41b13f3d]}
[15:50:48] [main/DEBUG] (cpw.mods.modlauncher.LaunchPluginHandler) Final flags state for cn.ksmcbrigade.mr.transformers.MixinProcessorTransformer$1$1 is 0
[15:50:48] [main/DEBUG] (cpw.mods.modlauncher.LaunchPluginHandler) LauncherPluginService mixin offering transform cn.ksmcbrigade.mr.transformers.MixinProcessorTransformer$1$1
[15:50:48] [main/DEBUG] (cpw.mods.modlauncher.LaunchPluginHandler) LauncherPluginService runtimedistcleaner offering transform cn.ksmcbrigade.mr.transformers.MixinProcessorTransformer$1$1
[15:50:48] [main/DEBUG] (cpw.mods.modlauncher.LaunchPluginHandler) Final flags state for cn.ksmcbrigade.mr.transformers.MixinProcessorTransformer$1$1 is 0
[15:50:48] [main/DEBUG] (cpw.mods.modlauncher.LaunchPluginHandler) LaunchPluginService {AFTER=[org.spongepowered.asm.launch.MixinLaunchPlugin@7ce85af2, net.neoforged.fml.common.asm.RuntimeDistCleaner@41b13f3d]}
[15:50:48] [main/DEBUG] (cpw.mods.modlauncher.LaunchPluginHandler) Final flags state for cn.ksmcbrigade.mr.utils.InstUtils is 0
[15:50:48] [main/DEBUG] (cpw.mods.modlauncher.LaunchPluginHandler) LauncherPluginService mixin offering transform cn.ksmcbrigade.mr.utils.InstUtils
[15:50:48] [main/DEBUG] (cpw.mods.modlauncher.LaunchPluginHandler) LauncherPluginService runtimedistcleaner offering transform cn.ksmcbrigade.mr.utils.InstUtils
[15:50:48] [main/DEBUG] (cpw.mods.modlauncher.LaunchPluginHandler) Final flags state for cn.ksmcbrigade.mr.utils.InstUtils is 0
[15:50:48] [main/DEBUG] (cpw.mods.modlauncher.LaunchPluginHandler) LaunchPluginService {AFTER=[org.spongepowered.asm.launch.MixinLaunchPlugin@7ce85af2, net.neoforged.fml.common.asm.RuntimeDistCleaner@41b13f3d]}
[15:50:48] [main/DEBUG] (cpw.mods.modlauncher.LaunchPluginHandler) Final flags state for cn.ksmcbrigade.mr.utils.InstUtils$ClassFileTransformerInfo is 0
[15:50:48] [main/DEBUG] (cpw.mods.modlauncher.LaunchPluginHandler) LauncherPluginService mixin offering transform cn.ksmcbrigade.mr.utils.InstUtils$ClassFileTransformerInfo
[15:50:48] [main/DEBUG] (cpw.mods.modlauncher.LaunchPluginHandler) LauncherPluginService runtimedistcleaner offering transform cn.ksmcbrigade.mr.utils.InstUtils$ClassFileTransformerInfo
[15:50:48] [main/DEBUG] (cpw.mods.modlauncher.LaunchPluginHandler) Final flags state for cn.ksmcbrigade.mr.utils.InstUtils$ClassFileTransformerInfo is 0
[15:50:48] [main/DEBUG] (cn.ksmcbrigade.mr.MixinRuntimeMod) Transformers: [org.spongepowered.tools.agent.MixinAgent$Transformer@14c93774, cn.ksmcbrigade.mr.transformers.debug.ModuleClassLoaderTransformer@62a68bcb, cn.ksmcbrigade.mr.transformers.ModLauncherClassTrackerTransformer@18b74ea, cn.ksmcbrigade.mr.transformers.MixinProcessorTransformer@14924f41]
[15:50:48] [main/INFO] (cn.ksmcbrigade.mr.MixinRuntimeMod) MixinRuntimePlugin Loaded.
[15:50:48] [main/DEBUG] (cpw.mods.modlauncher.LaunchPluginHandler) LaunchPluginService {AFTER=[org.spongepowered.asm.launch.MixinLaunchPlugin@7ce85af2, net.neoforged.fml.common.asm.RuntimeDistCleaner@41b13f3d]}
[15:50:48] [main/DEBUG] (cpw.mods.modlauncher.LaunchPluginHandler) Final flags state for org.spongepowered.asm.mixin.refmap.ReferenceMapper is 0
[15:50:48] [main/DEBUG] (cpw.mods.modlauncher.LaunchPluginHandler) LauncherPluginService mixin offering transform org.spongepowered.asm.mixin.refmap.ReferenceMapper
[15:50:48] [main/DEBUG] (cpw.mods.modlauncher.LaunchPluginHandler) LauncherPluginService runtimedistcleaner offering transform org.spongepowered.asm.mixin.refmap.ReferenceMapper
[15:50:48] [main/DEBUG] (cpw.mods.modlauncher.LaunchPluginHandler) Final flags state for org.spongepowered.asm.mixin.refmap.ReferenceMapper is 0
[15:50:48] [main/DEBUG] (cpw.mods.modlauncher.LaunchPluginHandler) LaunchPluginService {AFTER=[org.spongepowered.asm.launch.MixinLaunchPlugin@7ce85af2, net.neoforged.fml.common.asm.RuntimeDistCleaner@41b13f3d]}
[15:50:48] [main/DEBUG] (cpw.mods.modlauncher.LaunchPluginHandler) Final flags state for org.spongepowered.include.com.google.common.collect.Maps is 0
[15:50:48] [main/DEBUG] (cpw.mods.modlauncher.LaunchPluginHandler) LauncherPluginService mixin offering transform org.spongepowered.include.com.google.common.collect.Maps
[15:50:48] [main/DEBUG] (cpw.mods.modlauncher.LaunchPluginHandler) LauncherPluginService runtimedistcleaner offering transform org.spongepowered.include.com.google.common.collect.Maps
[15:50:48] [main/DEBUG] (cpw.mods.modlauncher.LaunchPluginHandler) Final flags state for org.spongepowered.include.com.google.common.collect.Maps is 0
[15:50:48] [main/DEBUG] (cpw.mods.modlauncher.LaunchPluginHandler) LaunchPluginService {AFTER=[org.spongepowered.asm.launch.MixinLaunchPlugin@7ce85af2, net.neoforged.fml.common.asm.RuntimeDistCleaner@41b13f3d]}
[15:50:48] [main/DEBUG] (cpw.mods.modlauncher.LaunchPluginHandler) Final flags state for org.spongepowered.include.com.google.common.base.Function is 0
[15:50:48] [main/DEBUG] (cpw.mods.modlauncher.LaunchPluginHandler) LauncherPluginService mixin offering transform org.spongepowered.include.com.google.common.base.Function
[15:50:48] [main/DEBUG] (cpw.mods.modlauncher.LaunchPluginHandler) LauncherPluginService runtimedistcleaner offering transform org.spongepowered.include.com.google.common.base.Function
[15:50:48] [main/DEBUG] (cpw.mods.modlauncher.LaunchPluginHandler) Final flags state for org.spongepowered.include.com.google.common.base.Function is 0
[15:50:48] [main/DEBUG] (cpw.mods.modlauncher.LaunchPluginHandler) LaunchPluginService {AFTER=[org.spongepowered.asm.launch.MixinLaunchPlugin@7ce85af2, net.neoforged.fml.common.asm.RuntimeDistCleaner@41b13f3d]}
[15:50:48] [main/DEBUG] (cpw.mods.modlauncher.LaunchPluginHandler) Final flags state for org.spongepowered.include.com.google.common.collect.Collections2 is 0
[15:50:48] [main/DEBUG] (cpw.mods.modlauncher.LaunchPluginHandler) LauncherPluginService mixin offering transform org.spongepowered.include.com.google.common.collect.Collections2
[15:50:48] [main/DEBUG] (cpw.mods.modlauncher.LaunchPluginHandler) LauncherPluginService runtimedistcleaner offering transform org.spongepowered.include.com.google.common.collect.Collections2
[15:50:48] [main/DEBUG] (cpw.mods.modlauncher.LaunchPluginHandler) Final flags state for org.spongepowered.include.com.google.common.collect.Collections2 is 0
[15:50:48] [main/DEBUG] (cpw.mods.modlauncher.LaunchPluginHandler) LaunchPluginService {AFTER=[org.spongepowered.asm.launch.MixinLaunchPlugin@7ce85af2, net.neoforged.fml.common.asm.RuntimeDistCleaner@41b13f3d]}
[15:50:48] [main/DEBUG] (cpw.mods.modlauncher.LaunchPluginHandler) Final flags state for org.spongepowered.include.com.google.common.base.Joiner is 0
[15:50:48] [main/DEBUG] (cpw.mods.modlauncher.LaunchPluginHandler) LauncherPluginService mixin offering transform org.spongepowered.include.com.google.common.base.Joiner
[15:50:48] [main/DEBUG] (cpw.mods.modlauncher.LaunchPluginHandler) LauncherPluginService runtimedistcleaner offering transform org.spongepowered.include.com.google.common.base.Joiner
[15:50:48] [main/DEBUG] (cpw.mods.modlauncher.LaunchPluginHandler) Final flags state for org.spongepowered.include.com.google.common.base.Joiner is 0
[15:50:48] [main/DEBUG] (cpw.mods.modlauncher.LaunchPluginHandler) LaunchPluginService {AFTER=[org.spongepowered.asm.launch.MixinLaunchPlugin@7ce85af2, net.neoforged.fml.common.asm.RuntimeDistCleaner@41b13f3d]}
[15:50:48] [main/DEBUG] (cpw.mods.modlauncher.LaunchPluginHandler) Final flags state for org.spongepowered.include.com.google.common.base.Joiner$1 is 0
[15:50:48] [main/DEBUG] (cpw.mods.modlauncher.LaunchPluginHandler) LauncherPluginService mixin offering transform org.spongepowered.include.com.google.common.base.Joiner$1
[15:50:48] [main/DEBUG] (cpw.mods.modlauncher.LaunchPluginHandler) LauncherPluginService runtimedistcleaner offering transform org.spongepowered.include.com.google.common.base.Joiner$1
[15:50:48] [main/DEBUG] (cpw.mods.modlauncher.LaunchPluginHandler) Final flags state for org.spongepowered.include.com.google.common.base.Joiner$1 is 0
[15:50:48] [main/DEBUG] (cpw.mods.modlauncher.LaunchPluginHandler) LaunchPluginService {AFTER=[org.spongepowered.asm.launch.MixinLaunchPlugin@7ce85af2, net.neoforged.fml.common.asm.RuntimeDistCleaner@41b13f3d]}
[15:50:48] [main/DEBUG] (cpw.mods.modlauncher.LaunchPluginHandler) Final flags state for org.spongepowered.include.com.google.common.base.Joiner$MapJoiner is 0
[15:50:48] [main/DEBUG] (cpw.mods.modlauncher.LaunchPluginHandler) LauncherPluginService mixin offering transform org.spongepowered.include.com.google.common.base.Joiner$MapJoiner
[15:50:48] [main/DEBUG] (cpw.mods.modlauncher.LaunchPluginHandler) LauncherPluginService runtimedistcleaner offering transform org.spongepowered.include.com.google.common.base.Joiner$MapJoiner
[15:50:48] [main/DEBUG] (cpw.mods.modlauncher.LaunchPluginHandler) Final flags state for org.spongepowered.include.com.google.common.base.Joiner$MapJoiner is 0
[15:50:48] [main/DEBUG] (cpw.mods.modlauncher.LaunchPluginHandler) LaunchPluginService {AFTER=[org.spongepowered.asm.launch.MixinLaunchPlugin@7ce85af2, net.neoforged.fml.common.asm.RuntimeDistCleaner@41b13f3d]}
[15:50:48] [main/DEBUG] (cpw.mods.modlauncher.LaunchPluginHandler) Final flags state for org.spongepowered.include.com.google.common.io.Closeables is 0
[15:50:48] [main/DEBUG] (cpw.mods.modlauncher.LaunchPluginHandler) LauncherPluginService mixin offering transform org.spongepowered.include.com.google.common.io.Closeables
[15:50:48] [main/DEBUG] (cpw.mods.modlauncher.LaunchPluginHandler) LauncherPluginService runtimedistcleaner offering transform org.spongepowered.include.com.google.common.io.Closeables
[15:50:48] [main/DEBUG] (cpw.mods.modlauncher.LaunchPluginHandler) Final flags state for org.spongepowered.include.com.google.common.io.Closeables is 0
[15:50:48] [main/WARN] (mixin) Reference map '' for mr.mixins.json could not be read. If this is a development environment you can ignore this message
[15:50:48] [main/DEBUG] (mixin) Selecting config neoforge.mixins.json
[15:50:48] [main/DEBUG] (mixin) Selecting config mixinextras.init.mixins.json
[15:50:48] [main/DEBUG] (cpw.mods.modlauncher.LaunchPluginHandler) LaunchPluginService {AFTER=[org.spongepowered.asm.launch.MixinLaunchPlugin@7ce85af2, net.neoforged.fml.common.asm.RuntimeDistCleaner@41b13f3d]}
[15:50:48] [main/DEBUG] (cpw.mods.modlauncher.LaunchPluginHandler) Final flags state for com.llamalad7.mixinextras.platform.neoforge.MixinExtrasConfigPlugin is 0
[15:50:48] [main/DEBUG] (cpw.mods.modlauncher.LaunchPluginHandler) LauncherPluginService mixin offering transform com.llamalad7.mixinextras.platform.neoforge.MixinExtrasConfigPlugin
[15:50:48] [main/DEBUG] (cpw.mods.modlauncher.LaunchPluginHandler) LauncherPluginService runtimedistcleaner offering transform com.llamalad7.mixinextras.platform.neoforge.MixinExtrasConfigPlugin
[15:50:48] [main/DEBUG] (cpw.mods.modlauncher.LaunchPluginHandler) Final flags state for com.llamalad7.mixinextras.platform.neoforge.MixinExtrasConfigPlugin is 0
[15:50:48] [main/DEBUG] (cpw.mods.modlauncher.LaunchPluginHandler) LaunchPluginService {AFTER=[org.spongepowered.asm.launch.MixinLaunchPlugin@7ce85af2, net.neoforged.fml.common.asm.RuntimeDistCleaner@41b13f3d]}
[15:50:48] [main/DEBUG] (cpw.mods.modlauncher.LaunchPluginHandler) Final flags state for com.llamalad7.mixinextras.MixinExtrasBootstrap is 0
[15:50:48] [main/DEBUG] (cpw.mods.modlauncher.LaunchPluginHandler) LauncherPluginService mixin offering transform com.llamalad7.mixinextras.MixinExtrasBootstrap
[15:50:48] [main/DEBUG] (cpw.mods.modlauncher.LaunchPluginHandler) LauncherPluginService runtimedistcleaner offering transform com.llamalad7.mixinextras.MixinExtrasBootstrap
[15:50:48] [main/DEBUG] (cpw.mods.modlauncher.LaunchPluginHandler) Final flags state for com.llamalad7.mixinextras.MixinExtrasBootstrap is 0
[15:50:48] [main/DEBUG] (cpw.mods.modlauncher.LaunchPluginHandler) LaunchPluginService {AFTER=[org.spongepowered.asm.launch.MixinLaunchPlugin@7ce85af2, net.neoforged.fml.common.asm.RuntimeDistCleaner@41b13f3d]}
[15:50:48] [main/DEBUG] (cpw.mods.modlauncher.LaunchPluginHandler) Final flags state for com.llamalad7.mixinextras.service.MixinExtrasService is 0
[15:50:48] [main/DEBUG] (cpw.mods.modlauncher.LaunchPluginHandler) LauncherPluginService mixin offering transform com.llamalad7.mixinextras.service.MixinExtrasService
[15:50:48] [main/DEBUG] (cpw.mods.modlauncher.LaunchPluginHandler) LauncherPluginService runtimedistcleaner offering transform com.llamalad7.mixinextras.service.MixinExtrasService
[15:50:48] [main/DEBUG] (cpw.mods.modlauncher.LaunchPluginHandler) Final flags state for com.llamalad7.mixinextras.service.MixinExtrasService is 0
[15:50:48] [main/DEBUG] (cpw.mods.modlauncher.LaunchPluginHandler) LaunchPluginService {AFTER=[org.spongepowered.asm.launch.MixinLaunchPlugin@7ce85af2, net.neoforged.fml.common.asm.RuntimeDistCleaner@41b13f3d]}
[15:50:48] [main/DEBUG] (cpw.mods.modlauncher.LaunchPluginHandler) Final flags state for com.llamalad7.mixinextras.utils.Blackboard is 0
[15:50:48] [main/DEBUG] (cpw.mods.modlauncher.LaunchPluginHandler) LauncherPluginService mixin offering transform com.llamalad7.mixinextras.utils.Blackboard
[15:50:48] [main/DEBUG] (cpw.mods.modlauncher.LaunchPluginHandler) LauncherPluginService runtimedistcleaner offering transform com.llamalad7.mixinextras.utils.Blackboard
[15:50:48] [main/DEBUG] (cpw.mods.modlauncher.LaunchPluginHandler) Final flags state for com.llamalad7.mixinextras.utils.Blackboard is 0
[15:50:48] [main/DEBUG] (cpw.mods.modlauncher.LaunchPluginHandler) LaunchPluginService {AFTER=[org.spongepowered.asm.launch.MixinLaunchPlugin@7ce85af2, net.neoforged.fml.common.asm.RuntimeDistCleaner@41b13f3d]}
[15:50:48] [main/DEBUG] (cpw.mods.modlauncher.LaunchPluginHandler) Final flags state for com.llamalad7.mixinextras.service.MixinExtrasServiceImpl is 0
[15:50:48] [main/DEBUG] (cpw.mods.modlauncher.LaunchPluginHandler) LauncherPluginService mixin offering transform com.llamalad7.mixinextras.service.MixinExtrasServiceImpl
[15:50:48] [main/DEBUG] (cpw.mods.modlauncher.LaunchPluginHandler) LauncherPluginService runtimedistcleaner offering transform com.llamalad7.mixinextras.service.MixinExtrasServiceImpl
[15:50:48] [main/DEBUG] (cpw.mods.modlauncher.LaunchPluginHandler) Final flags state for com.llamalad7.mixinextras.service.MixinExtrasServiceImpl is 0
[15:50:48] [main/DEBUG] (cpw.mods.modlauncher.LaunchPluginHandler) LaunchPluginService {AFTER=[org.spongepowered.asm.launch.MixinLaunchPlugin@7ce85af2, net.neoforged.fml.common.asm.RuntimeDistCleaner@41b13f3d]}
[15:50:48] [main/DEBUG] (cpw.mods.modlauncher.LaunchPluginHandler) Final flags state for com.llamalad7.mixinextras.utils.MixinExtrasLogger is 0
[15:50:48] [main/DEBUG] (cpw.mods.modlauncher.LaunchPluginHandler) LauncherPluginService mixin offering transform com.llamalad7.mixinextras.utils.MixinExtrasLogger
[15:50:48] [main/DEBUG] (cpw.mods.modlauncher.LaunchPluginHandler) LauncherPluginService runtimedistcleaner offering transform com.llamalad7.mixinextras.utils.MixinExtrasLogger
[15:50:48] [main/DEBUG] (cpw.mods.modlauncher.LaunchPluginHandler) Final flags state for com.llamalad7.mixinextras.utils.MixinExtrasLogger is 0
[15:50:48] [main/DEBUG] (cpw.mods.modlauncher.LaunchPluginHandler) LaunchPluginService {AFTER=[org.spongepowered.asm.launch.MixinLaunchPlugin@7ce85af2, net.neoforged.fml.common.asm.RuntimeDistCleaner@41b13f3d]}
[15:50:48] [main/DEBUG] (cpw.mods.modlauncher.LaunchPluginHandler) Final flags state for com.llamalad7.mixinextras.lib.apache.commons.StringUtils is 0
[15:50:48] [main/DEBUG] (cpw.mods.modlauncher.LaunchPluginHandler) LauncherPluginService mixin offering transform com.llamalad7.mixinextras.lib.apache.commons.StringUtils
[15:50:48] [main/DEBUG] (cpw.mods.modlauncher.LaunchPluginHandler) LauncherPluginService runtimedistcleaner offering transform com.llamalad7.mixinextras.lib.apache.commons.StringUtils
[15:50:48] [main/DEBUG] (cpw.mods.modlauncher.LaunchPluginHandler) Final flags state for com.llamalad7.mixinextras.lib.apache.commons.StringUtils is 0
[15:50:48] [main/DEBUG] (cpw.mods.modlauncher.LaunchPluginHandler) LaunchPluginService {AFTER=[org.spongepowered.asm.launch.MixinLaunchPlugin@7ce85af2, net.neoforged.fml.common.asm.RuntimeDistCleaner@41b13f3d]}
[15:50:48] [main/DEBUG] (cpw.mods.modlauncher.LaunchPluginHandler) Final flags state for com.llamalad7.mixinextras.service.Versioned is 0
[15:50:48] [main/DEBUG] (cpw.mods.modlauncher.LaunchPluginHandler) LauncherPluginService mixin offering transform com.llamalad7.mixinextras.service.Versioned
[15:50:48] [main/DEBUG] (cpw.mods.modlauncher.LaunchPluginHandler) LauncherPluginService runtimedistcleaner offering transform com.llamalad7.mixinextras.service.Versioned
[15:50:48] [main/DEBUG] (cpw.mods.modlauncher.LaunchPluginHandler) Final flags state for com.llamalad7.mixinextras.service.Versioned is 0
[15:50:48] [main/DEBUG] (cpw.mods.modlauncher.LaunchPluginHandler) LaunchPluginService {AFTER=[org.spongepowered.asm.launch.MixinLaunchPlugin@7ce85af2, net.neoforged.fml.common.asm.RuntimeDistCleaner@41b13f3d]}
[15:50:48] [main/DEBUG] (cpw.mods.modlauncher.LaunchPluginHandler) Final flags state for com.llamalad7.mixinextras.service.MixinExtrasVersion is 0
[15:50:48] [main/DEBUG] (cpw.mods.modlauncher.LaunchPluginHandler) LauncherPluginService mixin offering transform com.llamalad7.mixinextras.service.MixinExtrasVersion
[15:50:48] [main/DEBUG] (cpw.mods.modlauncher.LaunchPluginHandler) LauncherPluginService runtimedistcleaner offering transform com.llamalad7.mixinextras.service.MixinExtrasVersion
[15:50:48] [main/DEBUG] (cpw.mods.modlauncher.LaunchPluginHandler) Final flags state for com.llamalad7.mixinextras.service.MixinExtrasVersion is 0
[15:50:48] [main/DEBUG] (cpw.mods.modlauncher.LaunchPluginHandler) LaunchPluginService {AFTER=[org.spongepowered.asm.launch.MixinLaunchPlugin@7ce85af2, net.neoforged.fml.common.asm.RuntimeDistCleaner@41b13f3d]}
[15:50:48] [main/DEBUG] (cpw.mods.modlauncher.LaunchPluginHandler) Final flags state for com.llamalad7.mixinextras.transformer.MixinTransformerExtension is 0
[15:50:48] [main/DEBUG] (cpw.mods.modlauncher.LaunchPluginHandler) LauncherPluginService mixin offering transform com.llamalad7.mixinextras.transformer.MixinTransformerExtension
[15:50:48] [main/DEBUG] (cpw.mods.modlauncher.LaunchPluginHandler) LauncherPluginService runtimedistcleaner offering transform com.llamalad7.mixinextras.transformer.MixinTransformerExtension
[15:50:48] [main/DEBUG] (cpw.mods.modlauncher.LaunchPluginHandler) Final flags state for com.llamalad7.mixinextras.transformer.MixinTransformerExtension is 0
[15:50:48] [main/DEBUG] (cpw.mods.modlauncher.LaunchPluginHandler) LaunchPluginService {AFTER=[org.spongepowered.asm.launch.MixinLaunchPlugin@7ce85af2, net.neoforged.fml.common.asm.RuntimeDistCleaner@41b13f3d]}
[15:50:48] [main/DEBUG] (cpw.mods.modlauncher.LaunchPluginHandler) Final flags state for com.llamalad7.mixinextras.transformer.MixinTransformer is 0
[15:50:48] [main/DEBUG] (cpw.mods.modlauncher.LaunchPluginHandler) LauncherPluginService mixin offering transform com.llamalad7.mixinextras.transformer.MixinTransformer
[15:50:48] [main/DEBUG] (cpw.mods.modlauncher.LaunchPluginHandler) LauncherPluginService runtimedistcleaner offering transform com.llamalad7.mixinextras.transformer.MixinTransformer
[15:50:48] [main/DEBUG] (cpw.mods.modlauncher.LaunchPluginHandler) Final flags state for com.llamalad7.mixinextras.transformer.MixinTransformer is 0
[15:50:48] [main/DEBUG] (cpw.mods.modlauncher.LaunchPluginHandler) LaunchPluginService {AFTER=[org.spongepowered.asm.launch.MixinLaunchPlugin@7ce85af2, net.neoforged.fml.common.asm.RuntimeDistCleaner@41b13f3d]}
[15:50:48] [main/DEBUG] (cpw.mods.modlauncher.LaunchPluginHandler) Final flags state for com.llamalad7.mixinextras.wrapper.factory.FactoryRedirectWrapperMixinTransformer is 0
[15:50:48] [main/DEBUG] (cpw.mods.modlauncher.LaunchPluginHandler) LauncherPluginService mixin offering transform com.llamalad7.mixinextras.wrapper.factory.FactoryRedirectWrapperMixinTransformer
[15:50:48] [main/DEBUG] (cpw.mods.modlauncher.LaunchPluginHandler) LauncherPluginService runtimedistcleaner offering transform com.llamalad7.mixinextras.wrapper.factory.FactoryRedirectWrapperMixinTransformer
[15:50:48] [main/DEBUG] (cpw.mods.modlauncher.LaunchPluginHandler) Final flags state for com.llamalad7.mixinextras.wrapper.factory.FactoryRedirectWrapperMixinTransformer is 0
[15:50:48] [main/DEBUG] (cpw.mods.modlauncher.LaunchPluginHandler) LaunchPluginService {AFTER=[org.spongepowered.asm.launch.MixinLaunchPlugin@7ce85af2, net.neoforged.fml.common.asm.RuntimeDistCleaner@41b13f3d]}
[15:50:48] [main/DEBUG] (cpw.mods.modlauncher.LaunchPluginHandler) Final flags state for com.llamalad7.mixinextras.sugar.impl.SugarMixinTransformer is 0
[15:50:48] [main/DEBUG] (cpw.mods.modlauncher.LaunchPluginHandler) LauncherPluginService mixin offering transform com.llamalad7.mixinextras.sugar.impl.SugarMixinTransformer
[15:50:48] [main/DEBUG] (cpw.mods.modlauncher.LaunchPluginHandler) LauncherPluginService runtimedistcleaner offering transform com.llamalad7.mixinextras.sugar.impl.SugarMixinTransformer
[15:50:48] [main/DEBUG] (cpw.mods.modlauncher.LaunchPluginHandler) Final flags state for com.llamalad7.mixinextras.sugar.impl.SugarMixinTransformer is 0
[15:50:48] [main/DEBUG] (cpw.mods.modlauncher.LaunchPluginHandler) LaunchPluginService {AFTER=[org.spongepowered.asm.launch.MixinLaunchPlugin@7ce85af2, net.neoforged.fml.common.asm.RuntimeDistCleaner@41b13f3d]}
[15:50:48] [main/DEBUG] (cpw.mods.modlauncher.LaunchPluginHandler) Final flags state for com.llamalad7.mixinextras.service.ServiceInitializationExtension is 0
[15:50:48] [main/DEBUG] (cpw.mods.modlauncher.LaunchPluginHandler) LauncherPluginService mixin offering transform com.llamalad7.mixinextras.service.ServiceInitializationExtension
[15:50:48] [main/DEBUG] (cpw.mods.modlauncher.LaunchPluginHandler) LauncherPluginService runtimedistcleaner offering transform com.llamalad7.mixinextras.service.ServiceInitializationExtension
[15:50:48] [main/DEBUG] (cpw.mods.modlauncher.LaunchPluginHandler) Final flags state for com.llamalad7.mixinextras.service.ServiceInitializationExtension is 0
[15:50:48] [main/DEBUG] (cpw.mods.modlauncher.LaunchPluginHandler) LaunchPluginService {AFTER=[org.spongepowered.asm.launch.MixinLaunchPlugin@7ce85af2, net.neoforged.fml.common.asm.RuntimeDistCleaner@41b13f3d]}
[15:50:48] [main/DEBUG] (cpw.mods.modlauncher.LaunchPluginHandler) Final flags state for com.llamalad7.mixinextras.injector.LateInjectionApplicatorExtension is 0
[15:50:48] [main/DEBUG] (cpw.mods.modlauncher.LaunchPluginHandler) LauncherPluginService mixin offering transform com.llamalad7.mixinextras.injector.LateInjectionApplicatorExtension
[15:50:48] [main/DEBUG] (cpw.mods.modlauncher.LaunchPluginHandler) LauncherPluginService runtimedistcleaner offering transform com.llamalad7.mixinextras.injector.LateInjectionApplicatorExtension
[15:50:48] [main/DEBUG] (cpw.mods.modlauncher.LaunchPluginHandler) Final flags state for com.llamalad7.mixinextras.injector.LateInjectionApplicatorExtension is 0
[15:50:48] [main/DEBUG] (cpw.mods.modlauncher.LaunchPluginHandler) LaunchPluginService {AFTER=[org.spongepowered.asm.launch.MixinLaunchPlugin@7ce85af2, net.neoforged.fml.common.asm.RuntimeDistCleaner@41b13f3d]}
[15:50:48] [main/DEBUG] (cpw.mods.modlauncher.LaunchPluginHandler) Final flags state for com.llamalad7.mixinextras.sugar.impl.SugarPostProcessingExtension is 0
[15:50:48] [main/DEBUG] (cpw.mods.modlauncher.LaunchPluginHandler) LauncherPluginService mixin offering transform com.llamalad7.mixinextras.sugar.impl.SugarPostProcessingExtension
[15:50:48] [main/DEBUG] (cpw.mods.modlauncher.LaunchPluginHandler) LauncherPluginService runtimedistcleaner offering transform com.llamalad7.mixinextras.sugar.impl.SugarPostProcessingExtension
[15:50:48] [main/DEBUG] (cpw.mods.modlauncher.LaunchPluginHandler) Final flags state for com.llamalad7.mixinextras.sugar.impl.SugarPostProcessingExtension is 0
[15:50:48] [main/DEBUG] (cpw.mods.modlauncher.LaunchPluginHandler) LaunchPluginService {AFTER=[org.spongepowered.asm.launch.MixinLaunchPlugin@7ce85af2, net.neoforged.fml.common.asm.RuntimeDistCleaner@41b13f3d]}
[15:50:48] [main/DEBUG] (cpw.mods.modlauncher.LaunchPluginHandler) Final flags state for com.llamalad7.mixinextras.injector.ModifyExpressionValueInjectionInfo is 0
[15:50:48] [main/DEBUG] (cpw.mods.modlauncher.LaunchPluginHandler) LauncherPluginService mixin offering transform com.llamalad7.mixinextras.injector.ModifyExpressionValueInjectionInfo
[15:50:48] [main/DEBUG] (cpw.mods.modlauncher.LaunchPluginHandler) LauncherPluginService runtimedistcleaner offering transform com.llamalad7.mixinextras.injector.ModifyExpressionValueInjectionInfo
[15:50:48] [main/DEBUG] (cpw.mods.modlauncher.LaunchPluginHandler) Final flags state for com.llamalad7.mixinextras.injector.ModifyExpressionValueInjectionInfo is 0
[15:50:48] [main/DEBUG] (cpw.mods.modlauncher.LaunchPluginHandler) LaunchPluginService {AFTER=[org.spongepowered.asm.launch.MixinLaunchPlugin@7ce85af2, net.neoforged.fml.common.asm.RuntimeDistCleaner@41b13f3d]}
[15:50:48] [main/DEBUG] (cpw.mods.modlauncher.LaunchPluginHandler) Final flags state for com.llamalad7.mixinextras.injector.MixinExtrasInjectionInfo is 0
[15:50:48] [main/DEBUG] (cpw.mods.modlauncher.LaunchPluginHandler) LauncherPluginService mixin offering transform com.llamalad7.mixinextras.injector.MixinExtrasInjectionInfo
[15:50:48] [main/DEBUG] (cpw.mods.modlauncher.LaunchPluginHandler) LauncherPluginService runtimedistcleaner offering transform com.llamalad7.mixinextras.injector.MixinExtrasInjectionInfo
[15:50:48] [main/DEBUG] (cpw.mods.modlauncher.LaunchPluginHandler) Final flags state for com.llamalad7.mixinextras.injector.MixinExtrasInjectionInfo is 0
[15:50:48] [main/DEBUG] (cpw.mods.modlauncher.LaunchPluginHandler) LaunchPluginService {AFTER=[org.spongepowered.asm.launch.MixinLaunchPlugin@7ce85af2, net.neoforged.fml.common.asm.RuntimeDistCleaner@41b13f3d]}
[15:50:48] [main/DEBUG] (cpw.mods.modlauncher.LaunchPluginHandler) Final flags state for org.spongepowered.asm.mixin.injection.struct.InjectionInfo is 0
[15:50:48] [main/DEBUG] (cpw.mods.modlauncher.LaunchPluginHandler) LauncherPluginService mixin offering transform org.spongepowered.asm.mixin.injection.struct.InjectionInfo
[15:50:48] [main/DEBUG] (cpw.mods.modlauncher.LaunchPluginHandler) LauncherPluginService runtimedistcleaner offering transform org.spongepowered.asm.mixin.injection.struct.InjectionInfo
[15:50:48] [main/DEBUG] (cpw.mods.modlauncher.LaunchPluginHandler) Final flags state for org.spongepowered.asm.mixin.injection.struct.InjectionInfo is 0
[15:50:48] [main/DEBUG] (cpw.mods.modlauncher.LaunchPluginHandler) LaunchPluginService {AFTER=[org.spongepowered.asm.launch.MixinLaunchPlugin@7ce85af2, net.neoforged.fml.common.asm.RuntimeDistCleaner@41b13f3d]}
[15:50:48] [main/DEBUG] (cpw.mods.modlauncher.LaunchPluginHandler) Final flags state for org.spongepowered.asm.mixin.injection.code.ISliceContext is 0
[15:50:48] [main/DEBUG] (cpw.mods.modlauncher.LaunchPluginHandler) LauncherPluginService mixin offering transform org.spongepowered.asm.mixin.injection.code.ISliceContext
[15:50:48] [main/DEBUG] (cpw.mods.modlauncher.LaunchPluginHandler) LauncherPluginService runtimedistcleaner offering transform org.spongepowered.asm.mixin.injection.code.ISliceContext
[15:50:48] [main/DEBUG] (cpw.mods.modlauncher.LaunchPluginHandler) Final flags state for org.spongepowered.asm.mixin.injection.code.ISliceContext is 0
[15:50:48] [main/DEBUG] (cpw.mods.modlauncher.LaunchPluginHandler) LaunchPluginService {AFTER=[org.spongepowered.asm.launch.MixinLaunchPlugin@7ce85af2, net.neoforged.fml.common.asm.RuntimeDistCleaner@41b13f3d]}
[15:50:48] [main/DEBUG] (cpw.mods.modlauncher.LaunchPluginHandler) Final flags state for org.spongepowered.asm.mixin.injection.IInjectionPointContext is 0
[15:50:48] [main/DEBUG] (cpw.mods.modlauncher.LaunchPluginHandler) LauncherPluginService mixin offering transform org.spongepowered.asm.mixin.injection.IInjectionPointContext
[15:50:48] [main/DEBUG] (cpw.mods.modlauncher.LaunchPluginHandler) LauncherPluginService runtimedistcleaner offering transform org.spongepowered.asm.mixin.injection.IInjectionPointContext
[15:50:48] [main/DEBUG] (cpw.mods.modlauncher.LaunchPluginHandler) Final flags state for org.spongepowered.asm.mixin.injection.IInjectionPointContext is 0
[15:50:48] [main/DEBUG] (cpw.mods.modlauncher.LaunchPluginHandler) LaunchPluginService {AFTER=[org.spongepowered.asm.launch.MixinLaunchPlugin@7ce85af2, net.neoforged.fml.common.asm.RuntimeDistCleaner@41b13f3d]}
[15:50:48] [main/DEBUG] (cpw.mods.modlauncher.LaunchPluginHandler) Final flags state for org.spongepowered.asm.mixin.injection.selectors.ISelectorContext is 0
[15:50:48] [main/DEBUG] (cpw.mods.modlauncher.LaunchPluginHandler) LauncherPluginService mixin offering transform org.spongepowered.asm.mixin.injection.selectors.ISelectorContext
[15:50:48] [main/DEBUG] (cpw.mods.modlauncher.LaunchPluginHandler) LauncherPluginService runtimedistcleaner offering transform org.spongepowered.asm.mixin.injection.selectors.ISelectorContext
[15:50:48] [main/DEBUG] (cpw.mods.modlauncher.LaunchPluginHandler) Final flags state for org.spongepowered.asm.mixin.injection.selectors.ISelectorContext is 0
[15:50:48] [main/DEBUG] (cpw.mods.modlauncher.LaunchPluginHandler) LaunchPluginService {AFTER=[org.spongepowered.asm.launch.MixinLaunchPlugin@7ce85af2, net.neoforged.fml.common.asm.RuntimeDistCleaner@41b13f3d]}
[15:50:48] [main/DEBUG] (cpw.mods.modlauncher.LaunchPluginHandler) Final flags state for org.spongepowered.asm.util.IMessageSink is 0
[15:50:48] [main/DEBUG] (cpw.mods.modlauncher.LaunchPluginHandler) LauncherPluginService mixin offering transform org.spongepowered.asm.util.IMessageSink
[15:50:48] [main/DEBUG] (cpw.mods.modlauncher.LaunchPluginHandler) LauncherPluginService runtimedistcleaner offering transform org.spongepowered.asm.util.IMessageSink
[15:50:48] [main/DEBUG] (cpw.mods.modlauncher.LaunchPluginHandler) Final flags state for org.spongepowered.asm.util.IMessageSink is 0
[15:50:48] [main/DEBUG] (cpw.mods.modlauncher.LaunchPluginHandler) LaunchPluginService {AFTER=[org.spongepowered.asm.launch.MixinLaunchPlugin@7ce85af2, net.neoforged.fml.common.asm.RuntimeDistCleaner@41b13f3d]}
[15:50:48] [main/DEBUG] (cpw.mods.modlauncher.LaunchPluginHandler) Final flags state for org.spongepowered.asm.mixin.struct.SpecialMethodInfo is 0
[15:50:48] [main/DEBUG] (cpw.mods.modlauncher.LaunchPluginHandler) LauncherPluginService mixin offering transform org.spongepowered.asm.mixin.struct.SpecialMethodInfo
[15:50:48] [main/DEBUG] (cpw.mods.modlauncher.LaunchPluginHandler) LauncherPluginService runtimedistcleaner offering transform org.spongepowered.asm.mixin.struct.SpecialMethodInfo
[15:50:48] [main/DEBUG] (cpw.mods.modlauncher.LaunchPluginHandler) Final flags state for org.spongepowered.asm.mixin.struct.SpecialMethodInfo is 0
[15:50:48] [main/DEBUG] (cpw.mods.modlauncher.LaunchPluginHandler) LaunchPluginService {AFTER=[org.spongepowered.asm.launch.MixinLaunchPlugin@7ce85af2, net.neoforged.fml.common.asm.RuntimeDistCleaner@41b13f3d]}
[15:50:48] [main/DEBUG] (cpw.mods.modlauncher.LaunchPluginHandler) Final flags state for org.spongepowered.asm.mixin.struct.AnnotatedMethodInfo is 0
[15:50:48] [main/DEBUG] (cpw.mods.modlauncher.LaunchPluginHandler) LauncherPluginService mixin offering transform org.spongepowered.asm.mixin.struct.AnnotatedMethodInfo
[15:50:48] [main/DEBUG] (cpw.mods.modlauncher.LaunchPluginHandler) LauncherPluginService runtimedistcleaner offering transform org.spongepowered.asm.mixin.struct.AnnotatedMethodInfo
[15:50:48] [main/DEBUG] (cpw.mods.modlauncher.LaunchPluginHandler) Final flags state for org.spongepowered.asm.mixin.struct.AnnotatedMethodInfo is 0
[15:50:48] [main/DEBUG] (cpw.mods.modlauncher.LaunchPluginHandler) LaunchPluginService {AFTER=[org.spongepowered.asm.launch.MixinLaunchPlugin@7ce85af2, net.neoforged.fml.common.asm.RuntimeDistCleaner@41b13f3d]}
[15:50:48] [main/DEBUG] (cpw.mods.modlauncher.LaunchPluginHandler) Final flags state for com.llamalad7.mixinextras.injector.ModifyReceiverInjectionInfo is 0
[15:50:48] [main/DEBUG] (cpw.mods.modlauncher.LaunchPluginHandler) LauncherPluginService mixin offering transform com.llamalad7.mixinextras.injector.ModifyReceiverInjectionInfo
[15:50:48] [main/DEBUG] (cpw.mods.modlauncher.LaunchPluginHandler) LauncherPluginService runtimedistcleaner offering transform com.llamalad7.mixinextras.injector.ModifyReceiverInjectionInfo
[15:50:48] [main/DEBUG] (cpw.mods.modlauncher.LaunchPluginHandler) Final flags state for com.llamalad7.mixinextras.injector.ModifyReceiverInjectionInfo is 0
[15:50:48] [main/DEBUG] (cpw.mods.modlauncher.LaunchPluginHandler) LaunchPluginService {AFTER=[org.spongepowered.asm.launch.MixinLaunchPlugin@7ce85af2, net.neoforged.fml.common.asm.RuntimeDistCleaner@41b13f3d]}
[15:50:48] [main/DEBUG] (cpw.mods.modlauncher.LaunchPluginHandler) Final flags state for com.llamalad7.mixinextras.injector.ModifyReturnValueInjectionInfo is 0
[15:50:48] [main/DEBUG] (cpw.mods.modlauncher.LaunchPluginHandler) LauncherPluginService mixin offering transform com.llamalad7.mixinextras.injector.ModifyReturnValueInjectionInfo
[15:50:48] [main/DEBUG] (cpw.mods.modlauncher.LaunchPluginHandler) LauncherPluginService runtimedistcleaner offering transform com.llamalad7.mixinextras.injector.ModifyReturnValueInjectionInfo
[15:50:48] [main/DEBUG] (cpw.mods.modlauncher.LaunchPluginHandler) Final flags state for com.llamalad7.mixinextras.injector.ModifyReturnValueInjectionInfo is 0
[15:50:48] [main/DEBUG] (cpw.mods.modlauncher.LaunchPluginHandler) LaunchPluginService {AFTER=[org.spongepowered.asm.launch.MixinLaunchPlugin@7ce85af2, net.neoforged.fml.common.asm.RuntimeDistCleaner@41b13f3d]}
[15:50:48] [main/DEBUG] (cpw.mods.modlauncher.LaunchPluginHandler) Final flags state for com.llamalad7.mixinextras.injector.wrapoperation.WrapOperationInjectionInfo is 0
[15:50:48] [main/DEBUG] (cpw.mods.modlauncher.LaunchPluginHandler) LauncherPluginService mixin offering transform com.llamalad7.mixinextras.injector.wrapoperation.WrapOperationInjectionInfo
[15:50:48] [main/DEBUG] (cpw.mods.modlauncher.LaunchPluginHandler) LauncherPluginService runtimedistcleaner offering transform com.llamalad7.mixinextras.injector.wrapoperation.WrapOperationInjectionInfo
[15:50:48] [main/DEBUG] (cpw.mods.modlauncher.LaunchPluginHandler) Final flags state for com.llamalad7.mixinextras.injector.wrapoperation.WrapOperationInjectionInfo is 0
[15:50:48] [main/DEBUG] (cpw.mods.modlauncher.LaunchPluginHandler) LaunchPluginService {AFTER=[org.spongepowered.asm.launch.MixinLaunchPlugin@7ce85af2, net.neoforged.fml.common.asm.RuntimeDistCleaner@41b13f3d]}
[15:50:48] [main/DEBUG] (cpw.mods.modlauncher.LaunchPluginHandler) Final flags state for com.llamalad7.mixinextras.injector.MixinExtrasLateInjectionInfo is 0
[15:50:48] [main/DEBUG] (cpw.mods.modlauncher.LaunchPluginHandler) LauncherPluginService mixin offering transform com.llamalad7.mixinextras.injector.MixinExtrasLateInjectionInfo
[15:50:48] [main/DEBUG] (cpw.mods.modlauncher.LaunchPluginHandler) LauncherPluginService runtimedistcleaner offering transform com.llamalad7.mixinextras.injector.MixinExtrasLateInjectionInfo
[15:50:48] [main/DEBUG] (cpw.mods.modlauncher.LaunchPluginHandler) Final flags state for com.llamalad7.mixinextras.injector.MixinExtrasLateInjectionInfo is 0
[15:50:48] [main/DEBUG] (cpw.mods.modlauncher.LaunchPluginHandler) LaunchPluginService {AFTER=[org.spongepowered.asm.launch.MixinLaunchPlugin@7ce85af2, net.neoforged.fml.common.asm.RuntimeDistCleaner@41b13f3d]}
[15:50:48] [main/DEBUG] (cpw.mods.modlauncher.LaunchPluginHandler) Final flags state for com.llamalad7.mixinextras.injector.LateApplyingInjectorInfo is 0
[15:50:48] [main/DEBUG] (cpw.mods.modlauncher.LaunchPluginHandler) LauncherPluginService mixin offering transform com.llamalad7.mixinextras.injector.LateApplyingInjectorInfo
[15:50:48] [main/DEBUG] (cpw.mods.modlauncher.LaunchPluginHandler) LauncherPluginService runtimedistcleaner offering transform com.llamalad7.mixinextras.injector.LateApplyingInjectorInfo
[15:50:48] [main/DEBUG] (cpw.mods.modlauncher.LaunchPluginHandler) Final flags state for com.llamalad7.mixinextras.injector.LateApplyingInjectorInfo is 0
[15:50:48] [main/DEBUG] (cpw.mods.modlauncher.LaunchPluginHandler) LaunchPluginService {AFTER=[org.spongepowered.asm.launch.MixinLaunchPlugin@7ce85af2, net.neoforged.fml.common.asm.RuntimeDistCleaner@41b13f3d]}
[15:50:48] [main/DEBUG] (cpw.mods.modlauncher.LaunchPluginHandler) Final flags state for com.llamalad7.mixinextras.injector.WrapWithConditionV1InjectionInfo is 0
[15:50:48] [main/DEBUG] (cpw.mods.modlauncher.LaunchPluginHandler) LauncherPluginService mixin offering transform com.llamalad7.mixinextras.injector.WrapWithConditionV1InjectionInfo
[15:50:48] [main/DEBUG] (cpw.mods.modlauncher.LaunchPluginHandler) LauncherPluginService runtimedistcleaner offering transform com.llamalad7.mixinextras.injector.WrapWithConditionV1InjectionInfo
[15:50:48] [main/DEBUG] (cpw.mods.modlauncher.LaunchPluginHandler) Final flags state for com.llamalad7.mixinextras.injector.WrapWithConditionV1InjectionInfo is 0
[15:50:48] [main/DEBUG] (cpw.mods.modlauncher.LaunchPluginHandler) LaunchPluginService {AFTER=[org.spongepowered.asm.launch.MixinLaunchPlugin@7ce85af2, net.neoforged.fml.common.asm.RuntimeDistCleaner@41b13f3d]}
[15:50:48] [main/DEBUG] (cpw.mods.modlauncher.LaunchPluginHandler) Final flags state for com.llamalad7.mixinextras.injector.v2.WrapWithConditionInjectionInfo is 0
[15:50:48] [main/DEBUG] (cpw.mods.modlauncher.LaunchPluginHandler) LauncherPluginService mixin offering transform com.llamalad7.mixinextras.injector.v2.WrapWithConditionInjectionInfo
[15:50:48] [main/DEBUG] (cpw.mods.modlauncher.LaunchPluginHandler) LauncherPluginService runtimedistcleaner offering transform com.llamalad7.mixinextras.injector.v2.WrapWithConditionInjectionInfo
[15:50:48] [main/DEBUG] (cpw.mods.modlauncher.LaunchPluginHandler) Final flags state for com.llamalad7.mixinextras.injector.v2.WrapWithConditionInjectionInfo is 0
[15:50:48] [main/DEBUG] (cpw.mods.modlauncher.LaunchPluginHandler) LaunchPluginService {AFTER=[org.spongepowered.asm.launch.MixinLaunchPlugin@7ce85af2, net.neoforged.fml.common.asm.RuntimeDistCleaner@41b13f3d]}
[15:50:48] [main/DEBUG] (cpw.mods.modlauncher.LaunchPluginHandler) Final flags state for com.llamalad7.mixinextras.sugar.impl.SugarWrapperInjectionInfo is 0
[15:50:48] [main/DEBUG] (cpw.mods.modlauncher.LaunchPluginHandler) LauncherPluginService mixin offering transform com.llamalad7.mixinextras.sugar.impl.SugarWrapperInjectionInfo
[15:50:48] [main/DEBUG] (cpw.mods.modlauncher.LaunchPluginHandler) LauncherPluginService runtimedistcleaner offering transform com.llamalad7.mixinextras.sugar.impl.SugarWrapperInjectionInfo
[15:50:48] [main/DEBUG] (cpw.mods.modlauncher.LaunchPluginHandler) Final flags state for com.llamalad7.mixinextras.sugar.impl.SugarWrapperInjectionInfo is 0
[15:50:48] [main/DEBUG] (cpw.mods.modlauncher.LaunchPluginHandler) LaunchPluginService {AFTER=[org.spongepowered.asm.launch.MixinLaunchPlugin@7ce85af2, net.neoforged.fml.common.asm.RuntimeDistCleaner@41b13f3d]}
[15:50:48] [main/DEBUG] (cpw.mods.modlauncher.LaunchPluginHandler) Final flags state for com.llamalad7.mixinextras.wrapper.WrapperInjectionInfo is 0
[15:50:48] [main/DEBUG] (cpw.mods.modlauncher.LaunchPluginHandler) LauncherPluginService mixin offering transform com.llamalad7.mixinextras.wrapper.WrapperInjectionInfo
[15:50:48] [main/DEBUG] (cpw.mods.modlauncher.LaunchPluginHandler) LauncherPluginService runtimedistcleaner offering transform com.llamalad7.mixinextras.wrapper.WrapperInjectionInfo
[15:50:48] [main/DEBUG] (cpw.mods.modlauncher.LaunchPluginHandler) Final flags state for com.llamalad7.mixinextras.wrapper.WrapperInjectionInfo is 0
[15:50:48] [main/DEBUG] (cpw.mods.modlauncher.LaunchPluginHandler) LaunchPluginService {AFTER=[org.spongepowered.asm.launch.MixinLaunchPlugin@7ce85af2, net.neoforged.fml.common.asm.RuntimeDistCleaner@41b13f3d]}
[15:50:48] [main/DEBUG] (cpw.mods.modlauncher.LaunchPluginHandler) Final flags state for com.llamalad7.mixinextras.wrapper.factory.FactoryRedirectWrapperInjectionInfo is 0
[15:50:48] [main/DEBUG] (cpw.mods.modlauncher.LaunchPluginHandler) LauncherPluginService mixin offering transform com.llamalad7.mixinextras.wrapper.factory.FactoryRedirectWrapperInjectionInfo
[15:50:48] [main/DEBUG] (cpw.mods.modlauncher.LaunchPluginHandler) LauncherPluginService runtimedistcleaner offering transform com.llamalad7.mixinextras.wrapper.factory.FactoryRedirectWrapperInjectionInfo
[15:50:48] [main/DEBUG] (cpw.mods.modlauncher.LaunchPluginHandler) Final flags state for com.llamalad7.mixinextras.wrapper.factory.FactoryRedirectWrapperInjectionInfo is 0
[15:50:48] [main/DEBUG] (MixinExtras|Service) com.llamalad7.mixinextras.service.MixinExtrasServiceImpl(version=0.3.5) is taking over from null
[15:50:48] [main/DEBUG] (cpw.mods.modlauncher.LaunchPluginHandler) LaunchPluginService {AFTER=[org.spongepowered.asm.launch.MixinLaunchPlugin@7ce85af2, net.neoforged.fml.common.asm.RuntimeDistCleaner@41b13f3d]}
[15:50:48] [main/DEBUG] (cpw.mods.modlauncher.LaunchPluginHandler) Final flags state for com.llamalad7.mixinextras.utils.MixinInternals is 0
[15:50:48] [main/DEBUG] (cpw.mods.modlauncher.LaunchPluginHandler) LauncherPluginService mixin offering transform com.llamalad7.mixinextras.utils.MixinInternals
[15:50:48] [main/DEBUG] (cpw.mods.modlauncher.LaunchPluginHandler) LauncherPluginService runtimedistcleaner offering transform com.llamalad7.mixinextras.utils.MixinInternals
[15:50:48] [main/DEBUG] (cpw.mods.modlauncher.LaunchPluginHandler) Final flags state for com.llamalad7.mixinextras.utils.MixinInternals is 0
[15:50:48] [main/DEBUG] (cpw.mods.modlauncher.LaunchPluginHandler) LaunchPluginService {AFTER=[org.spongepowered.asm.launch.MixinLaunchPlugin@7ce85af2, net.neoforged.fml.common.asm.RuntimeDistCleaner@41b13f3d]}
[15:50:48] [main/DEBUG] (cpw.mods.modlauncher.LaunchPluginHandler) Final flags state for com.llamalad7.mixinextras.utils.InternalField is 0
[15:50:48] [main/DEBUG] (cpw.mods.modlauncher.LaunchPluginHandler) LauncherPluginService mixin offering transform com.llamalad7.mixinextras.utils.InternalField
[15:50:48] [main/DEBUG] (cpw.mods.modlauncher.LaunchPluginHandler) LauncherPluginService runtimedistcleaner offering transform com.llamalad7.mixinextras.utils.InternalField
[15:50:48] [main/DEBUG] (cpw.mods.modlauncher.LaunchPluginHandler) Final flags state for com.llamalad7.mixinextras.utils.InternalField is 0
[15:50:48] [main/DEBUG] (cpw.mods.modlauncher.LaunchPluginHandler) LaunchPluginService {AFTER=[org.spongepowered.asm.launch.MixinLaunchPlugin@7ce85af2, net.neoforged.fml.common.asm.RuntimeDistCleaner@41b13f3d]}
[15:50:49] [main/DEBUG] (cpw.mods.modlauncher.LaunchPluginHandler) Final flags state for org.spongepowered.asm.mixin.transformer.TargetClassContext is 0
[15:50:49] [main/DEBUG] (cpw.mods.modlauncher.LaunchPluginHandler) LauncherPluginService mixin offering transform org.spongepowered.asm.mixin.transformer.TargetClassContext
[15:50:49] [main/DEBUG] (cpw.mods.modlauncher.LaunchPluginHandler) LauncherPluginService runtimedistcleaner offering transform org.spongepowered.asm.mixin.transformer.TargetClassContext
[15:50:49] [main/DEBUG] (cpw.mods.modlauncher.LaunchPluginHandler) Final flags state for org.spongepowered.asm.mixin.transformer.TargetClassContext is 0
[15:50:49] [main/DEBUG] (cpw.mods.modlauncher.LaunchPluginHandler) LaunchPluginService {AFTER=[org.spongepowered.asm.launch.MixinLaunchPlugin@7ce85af2, net.neoforged.fml.common.asm.RuntimeDistCleaner@41b13f3d]}
[15:50:49] [main/DEBUG] (cpw.mods.modlauncher.LaunchPluginHandler) Final flags state for org.spongepowered.asm.mixin.transformer.ext.ITargetClassContext is 0
[15:50:49] [main/DEBUG] (cpw.mods.modlauncher.LaunchPluginHandler) LauncherPluginService mixin offering transform org.spongepowered.asm.mixin.transformer.ext.ITargetClassContext
[15:50:49] [main/DEBUG] (cpw.mods.modlauncher.LaunchPluginHandler) LauncherPluginService runtimedistcleaner offering transform org.spongepowered.asm.mixin.transformer.ext.ITargetClassContext
[15:50:49] [main/DEBUG] (cpw.mods.modlauncher.LaunchPluginHandler) Final flags state for org.spongepowered.asm.mixin.transformer.ext.ITargetClassContext is 0
[15:50:49] [main/DEBUG] (cpw.mods.modlauncher.LaunchPluginHandler) LaunchPluginService {AFTER=[org.spongepowered.asm.launch.MixinLaunchPlugin@7ce85af2, net.neoforged.fml.common.asm.RuntimeDistCleaner@41b13f3d]}
[15:50:49] [main/DEBUG] (cpw.mods.modlauncher.LaunchPluginHandler) Final flags state for org.spongepowered.asm.mixin.transformer.ClassContext is 0
[15:50:49] [main/DEBUG] (cpw.mods.modlauncher.LaunchPluginHandler) LauncherPluginService mixin offering transform org.spongepowered.asm.mixin.transformer.ClassContext
[15:50:49] [main/DEBUG] (cpw.mods.modlauncher.LaunchPluginHandler) LauncherPluginService runtimedistcleaner offering transform org.spongepowered.asm.mixin.transformer.ClassContext
[15:50:49] [main/DEBUG] (cpw.mods.modlauncher.LaunchPluginHandler) Final flags state for org.spongepowered.asm.mixin.transformer.ClassContext is 0
[15:50:49] [main/DEBUG] (cpw.mods.modlauncher.LaunchPluginHandler) LaunchPluginService {AFTER=[org.spongepowered.asm.launch.MixinLaunchPlugin@7ce85af2, net.neoforged.fml.common.asm.RuntimeDistCleaner@41b13f3d]}
[15:50:49] [main/DEBUG] (cpw.mods.modlauncher.LaunchPluginHandler) Final flags state for org.spongepowered.asm.mixin.struct.MemberRef is 0
[15:50:49] [main/DEBUG] (cpw.mods.modlauncher.LaunchPluginHandler) LauncherPluginService mixin offering transform org.spongepowered.asm.mixin.struct.MemberRef
[15:50:49] [main/DEBUG] (cpw.mods.modlauncher.LaunchPluginHandler) LauncherPluginService runtimedistcleaner offering transform org.spongepowered.asm.mixin.struct.MemberRef
[15:50:49] [main/DEBUG] (cpw.mods.modlauncher.LaunchPluginHandler) Final flags state for org.spongepowered.asm.mixin.struct.MemberRef is 0
[15:50:49] [main/DEBUG] (cpw.mods.modlauncher.LaunchPluginHandler) LaunchPluginService {AFTER=[org.spongepowered.asm.launch.MixinLaunchPlugin@7ce85af2, net.neoforged.fml.common.asm.RuntimeDistCleaner@41b13f3d]}
[15:50:49] [main/DEBUG] (cpw.mods.modlauncher.LaunchPluginHandler) Final flags state for org.spongepowered.asm.mixin.struct.MemberRef$Method is 0
[15:50:49] [main/DEBUG] (cpw.mods.modlauncher.LaunchPluginHandler) LauncherPluginService mixin offering transform org.spongepowered.asm.mixin.struct.MemberRef$Method
[15:50:49] [main/DEBUG] (cpw.mods.modlauncher.LaunchPluginHandler) LauncherPluginService runtimedistcleaner offering transform org.spongepowered.asm.mixin.struct.MemberRef$Method
[15:50:49] [main/DEBUG] (cpw.mods.modlauncher.LaunchPluginHandler) Final flags state for org.spongepowered.asm.mixin.struct.MemberRef$Method is 0
[15:50:49] [main/DEBUG] (cpw.mods.modlauncher.LaunchPluginHandler) LaunchPluginService {AFTER=[org.spongepowered.asm.launch.MixinLaunchPlugin@7ce85af2, net.neoforged.fml.common.asm.RuntimeDistCleaner@41b13f3d]}
[15:50:49] [main/DEBUG] (cpw.mods.modlauncher.LaunchPluginHandler) Final flags state for org.spongepowered.asm.mixin.transformer.MixinApplicatorStandard is 0
[15:50:49] [main/DEBUG] (cpw.mods.modlauncher.LaunchPluginHandler) LauncherPluginService mixin offering transform org.spongepowered.asm.mixin.transformer.MixinApplicatorStandard
[15:50:49] [main/DEBUG] (cpw.mods.modlauncher.LaunchPluginHandler) LauncherPluginService runtimedistcleaner offering transform org.spongepowered.asm.mixin.transformer.MixinApplicatorStandard
[15:50:49] [main/DEBUG] (cpw.mods.modlauncher.LaunchPluginHandler) Final flags state for org.spongepowered.asm.mixin.transformer.MixinApplicatorStandard is 0
[15:50:49] [main/DEBUG] (cpw.mods.modlauncher.LaunchPluginHandler) LaunchPluginService {AFTER=[org.spongepowered.asm.launch.MixinLaunchPlugin@7ce85af2, net.neoforged.fml.common.asm.RuntimeDistCleaner@41b13f3d]}
[15:50:49] [main/DEBUG] (cpw.mods.modlauncher.LaunchPluginHandler) Final flags state for org.spongepowered.asm.mixin.transformer.MixinApplicatorInterface is 0
[15:50:49] [main/DEBUG] (cpw.mods.modlauncher.LaunchPluginHandler) LauncherPluginService mixin offering transform org.spongepowered.asm.mixin.transformer.MixinApplicatorInterface
[15:50:49] [main/DEBUG] (cpw.mods.modlauncher.LaunchPluginHandler) LauncherPluginService runtimedistcleaner offering transform org.spongepowered.asm.mixin.transformer.MixinApplicatorInterface
[15:50:49] [main/DEBUG] (cpw.mods.modlauncher.LaunchPluginHandler) Final flags state for org.spongepowered.asm.mixin.transformer.MixinApplicatorInterface is 0
[15:50:49] [main/DEBUG] (cpw.mods.modlauncher.LaunchPluginHandler) LaunchPluginService {AFTER=[org.spongepowered.asm.launch.MixinLaunchPlugin@7ce85af2, net.neoforged.fml.common.asm.RuntimeDistCleaner@41b13f3d]}
[15:50:49] [main/DEBUG] (cpw.mods.modlauncher.LaunchPluginHandler) Final flags state for org.spongepowered.asm.mixin.transformer.ClassInfo is 0
[15:50:49] [main/DEBUG] (cpw.mods.modlauncher.LaunchPluginHandler) LauncherPluginService mixin offering transform org.spongepowered.asm.mixin.transformer.ClassInfo
[15:50:49] [main/DEBUG] (cpw.mods.modlauncher.LaunchPluginHandler) LauncherPluginService runtimedistcleaner offering transform org.spongepowered.asm.mixin.transformer.ClassInfo
[15:50:49] [main/DEBUG] (cpw.mods.modlauncher.LaunchPluginHandler) Final flags state for org.spongepowered.asm.mixin.transformer.ClassInfo is 0
[15:50:49] [main/DEBUG] (cpw.mods.modlauncher.LaunchPluginHandler) LaunchPluginService {AFTER=[org.spongepowered.asm.launch.MixinLaunchPlugin@7ce85af2, net.neoforged.fml.common.asm.RuntimeDistCleaner@41b13f3d]}
[15:50:49] [main/DEBUG] (cpw.mods.modlauncher.LaunchPluginHandler) Final flags state for org.spongepowered.asm.mixin.struct.SourceMap is 0
[15:50:49] [main/DEBUG] (cpw.mods.modlauncher.LaunchPluginHandler) LauncherPluginService mixin offering transform org.spongepowered.asm.mixin.struct.SourceMap
[15:50:49] [main/DEBUG] (cpw.mods.modlauncher.LaunchPluginHandler) LauncherPluginService runtimedistcleaner offering transform org.spongepowered.asm.mixin.struct.SourceMap
[15:50:49] [main/DEBUG] (cpw.mods.modlauncher.LaunchPluginHandler) Final flags state for org.spongepowered.asm.mixin.struct.SourceMap is 0
[15:50:49] [main/DEBUG] (cpw.mods.modlauncher.LaunchPluginHandler) LaunchPluginService {AFTER=[org.spongepowered.asm.launch.MixinLaunchPlugin@7ce85af2, net.neoforged.fml.common.asm.RuntimeDistCleaner@41b13f3d]}
[15:50:49] [main/DEBUG] (cpw.mods.modlauncher.LaunchPluginHandler) Final flags state for org.spongepowered.asm.util.ClassSignature is 0
[15:50:49] [main/DEBUG] (cpw.mods.modlauncher.LaunchPluginHandler) LauncherPluginService mixin offering transform org.spongepowered.asm.util.ClassSignature
[15:50:49] [main/DEBUG] (cpw.mods.modlauncher.LaunchPluginHandler) LauncherPluginService runtimedistcleaner offering transform org.spongepowered.asm.util.ClassSignature
[15:50:49] [main/DEBUG] (cpw.mods.modlauncher.LaunchPluginHandler) Final flags state for org.spongepowered.asm.util.ClassSignature is 0
[15:50:49] [main/DEBUG] (cpw.mods.modlauncher.LaunchPluginHandler) LaunchPluginService {AFTER=[org.spongepowered.asm.launch.MixinLaunchPlugin@7ce85af2, net.neoforged.fml.common.asm.RuntimeDistCleaner@41b13f3d]}
[15:50:49] [main/DEBUG] (cpw.mods.modlauncher.LaunchPluginHandler) Final flags state for com.llamalad7.mixinextras.utils.InternalField$1 is 0
[15:50:49] [main/DEBUG] (cpw.mods.modlauncher.LaunchPluginHandler) LauncherPluginService mixin offering transform com.llamalad7.mixinextras.utils.InternalField$1
[15:50:49] [main/DEBUG] (cpw.mods.modlauncher.LaunchPluginHandler) LauncherPluginService runtimedistcleaner offering transform com.llamalad7.mixinextras.utils.InternalField$1
[15:50:49] [main/DEBUG] (cpw.mods.modlauncher.LaunchPluginHandler) Final flags state for com.llamalad7.mixinextras.utils.InternalField$1 is 0
[15:50:49] [main/DEBUG] (cpw.mods.modlauncher.LaunchPluginHandler) LaunchPluginService {AFTER=[org.spongepowered.asm.launch.MixinLaunchPlugin@7ce85af2, net.neoforged.fml.common.asm.RuntimeDistCleaner@41b13f3d]}
[15:50:49] [main/DEBUG] (cpw.mods.modlauncher.LaunchPluginHandler) Final flags state for com.llamalad7.mixinextras.utils.InternalMethod is 0
[15:50:49] [main/DEBUG] (cpw.mods.modlauncher.LaunchPluginHandler) LauncherPluginService mixin offering transform com.llamalad7.mixinextras.utils.InternalMethod
[15:50:49] [main/DEBUG] (cpw.mods.modlauncher.LaunchPluginHandler) LauncherPluginService runtimedistcleaner offering transform com.llamalad7.mixinextras.utils.InternalMethod
[15:50:49] [main/DEBUG] (cpw.mods.modlauncher.LaunchPluginHandler) Final flags state for com.llamalad7.mixinextras.utils.InternalMethod is 0
[15:50:49] [main/DEBUG] (cpw.mods.modlauncher.LaunchPluginHandler) LaunchPluginService {AFTER=[org.spongepowered.asm.launch.MixinLaunchPlugin@7ce85af2, net.neoforged.fml.common.asm.RuntimeDistCleaner@41b13f3d]}
[15:50:49] [main/DEBUG] (cpw.mods.modlauncher.LaunchPluginHandler) Final flags state for org.spongepowered.asm.mixin.transformer.MixinInfo is 0
[15:50:49] [main/DEBUG] (cpw.mods.modlauncher.LaunchPluginHandler) LauncherPluginService mixin offering transform org.spongepowered.asm.mixin.transformer.MixinInfo
[15:50:49] [main/DEBUG] (cpw.mods.modlauncher.LaunchPluginHandler) LauncherPluginService runtimedistcleaner offering transform org.spongepowered.asm.mixin.transformer.MixinInfo
[15:50:49] [main/DEBUG] (cpw.mods.modlauncher.LaunchPluginHandler) Final flags state for org.spongepowered.asm.mixin.transformer.MixinInfo is 0
[15:50:49] [main/DEBUG] (cpw.mods.modlauncher.LaunchPluginHandler) LaunchPluginService {AFTER=[org.spongepowered.asm.launch.MixinLaunchPlugin@7ce85af2, net.neoforged.fml.common.asm.RuntimeDistCleaner@41b13f3d]}
[15:50:49] [main/DEBUG] (cpw.mods.modlauncher.LaunchPluginHandler) Final flags state for org.spongepowered.asm.mixin.transformer.throwables.MixinTargetAlreadyLoadedException is 0
[15:50:49] [main/DEBUG] (cpw.mods.modlauncher.LaunchPluginHandler) LauncherPluginService mixin offering transform org.spongepowered.asm.mixin.transformer.throwables.MixinTargetAlreadyLoadedException
[15:50:49] [main/DEBUG] (cpw.mods.modlauncher.LaunchPluginHandler) LauncherPluginService runtimedistcleaner offering transform org.spongepowered.asm.mixin.transformer.throwables.MixinTargetAlreadyLoadedException
[15:50:49] [main/DEBUG] (cpw.mods.modlauncher.LaunchPluginHandler) Final flags state for org.spongepowered.asm.mixin.transformer.throwables.MixinTargetAlreadyLoadedException is 0
[15:50:49] [main/DEBUG] (cpw.mods.modlauncher.LaunchPluginHandler) LaunchPluginService {AFTER=[org.spongepowered.asm.launch.MixinLaunchPlugin@7ce85af2, net.neoforged.fml.common.asm.RuntimeDistCleaner@41b13f3d]}
[15:50:49] [main/DEBUG] (cpw.mods.modlauncher.LaunchPluginHandler) Final flags state for org.spongepowered.asm.mixin.transformer.MixinInfo$State is 0
[15:50:49] [main/DEBUG] (cpw.mods.modlauncher.LaunchPluginHandler) LauncherPluginService mixin offering transform org.spongepowered.asm.mixin.transformer.MixinInfo$State
[15:50:49] [main/DEBUG] (cpw.mods.modlauncher.LaunchPluginHandler) LauncherPluginService runtimedistcleaner offering transform org.spongepowered.asm.mixin.transformer.MixinInfo$State
[15:50:49] [main/DEBUG] (cpw.mods.modlauncher.LaunchPluginHandler) Final flags state for org.spongepowered.asm.mixin.transformer.MixinInfo$State is 0
[15:50:49] [main/DEBUG] (cpw.mods.modlauncher.LaunchPluginHandler) LaunchPluginService {AFTER=[org.spongepowered.asm.launch.MixinLaunchPlugin@7ce85af2, net.neoforged.fml.common.asm.RuntimeDistCleaner@41b13f3d]}
[15:50:49] [main/DEBUG] (cpw.mods.modlauncher.LaunchPluginHandler) Final flags state for org.spongepowered.asm.mixin.transformer.MixinInfo$Reloaded is 0
[15:50:49] [main/DEBUG] (cpw.mods.modlauncher.LaunchPluginHandler) LauncherPluginService mixin offering transform org.spongepowered.asm.mixin.transformer.MixinInfo$Reloaded
[15:50:49] [main/DEBUG] (cpw.mods.modlauncher.LaunchPluginHandler) LauncherPluginService runtimedistcleaner offering transform org.spongepowered.asm.mixin.transformer.MixinInfo$Reloaded
[15:50:49] [main/DEBUG] (cpw.mods.modlauncher.LaunchPluginHandler) Final flags state for org.spongepowered.asm.mixin.transformer.MixinInfo$Reloaded is 0
[15:50:49] [main/DEBUG] (cpw.mods.modlauncher.LaunchPluginHandler) LaunchPluginService {AFTER=[org.spongepowered.asm.launch.MixinLaunchPlugin@7ce85af2, net.neoforged.fml.common.asm.RuntimeDistCleaner@41b13f3d]}
[15:50:49] [main/DEBUG] (cpw.mods.modlauncher.LaunchPluginHandler) Final flags state for org.spongepowered.asm.mixin.transformer.MixinInfo$Variant is 0
[15:50:49] [main/DEBUG] (cpw.mods.modlauncher.LaunchPluginHandler) LauncherPluginService mixin offering transform org.spongepowered.asm.mixin.transformer.MixinInfo$Variant
[15:50:49] [main/DEBUG] (cpw.mods.modlauncher.LaunchPluginHandler) LauncherPluginService runtimedistcleaner offering transform org.spongepowered.asm.mixin.transformer.MixinInfo$Variant
[15:50:49] [main/DEBUG] (cpw.mods.modlauncher.LaunchPluginHandler) Final flags state for org.spongepowered.asm.mixin.transformer.MixinInfo$Variant is 0
[15:50:49] [main/DEBUG] (cpw.mods.modlauncher.LaunchPluginHandler) LaunchPluginService {AFTER=[org.spongepowered.asm.launch.MixinLaunchPlugin@7ce85af2, net.neoforged.fml.common.asm.RuntimeDistCleaner@41b13f3d]}
[15:50:49] [main/DEBUG] (cpw.mods.modlauncher.LaunchPluginHandler) Final flags state for org.spongepowered.asm.mixin.transformer.MixinTargetContext is 0
[15:50:49] [main/DEBUG] (cpw.mods.modlauncher.LaunchPluginHandler) LauncherPluginService mixin offering transform org.spongepowered.asm.mixin.transformer.MixinTargetContext
[15:50:49] [main/DEBUG] (cpw.mods.modlauncher.LaunchPluginHandler) LauncherPluginService runtimedistcleaner offering transform org.spongepowered.asm.mixin.transformer.MixinTargetContext
[15:50:49] [main/DEBUG] (cpw.mods.modlauncher.LaunchPluginHandler) Final flags state for org.spongepowered.asm.mixin.transformer.MixinTargetContext is 0
[15:50:49] [main/DEBUG] (cpw.mods.modlauncher.LaunchPluginHandler) LaunchPluginService {AFTER=[org.spongepowered.asm.launch.MixinLaunchPlugin@7ce85af2, net.neoforged.fml.common.asm.RuntimeDistCleaner@41b13f3d]}
[15:50:49] [main/DEBUG] (cpw.mods.modlauncher.LaunchPluginHandler) Final flags state for org.spongepowered.asm.mixin.refmap.IMixinContext is 0
[15:50:49] [main/DEBUG] (cpw.mods.modlauncher.LaunchPluginHandler) LauncherPluginService mixin offering transform org.spongepowered.asm.mixin.refmap.IMixinContext
[15:50:49] [main/DEBUG] (cpw.mods.modlauncher.LaunchPluginHandler) LauncherPluginService runtimedistcleaner offering transform org.spongepowered.asm.mixin.refmap.IMixinContext
[15:50:49] [main/DEBUG] (cpw.mods.modlauncher.LaunchPluginHandler) Final flags state for org.spongepowered.asm.mixin.refmap.IMixinContext is 0
[15:50:49] [main/DEBUG] (cpw.mods.modlauncher.LaunchPluginHandler) LaunchPluginService {AFTER=[org.spongepowered.asm.launch.MixinLaunchPlugin@7ce85af2, net.neoforged.fml.common.asm.RuntimeDistCleaner@41b13f3d]}
[15:50:49] [main/DEBUG] (cpw.mods.modlauncher.LaunchPluginHandler) Final flags state for org.spongepowered.asm.mixin.transformer.MixinInfo$DeclaredTarget is 0
[15:50:49] [main/DEBUG] (cpw.mods.modlauncher.LaunchPluginHandler) LauncherPluginService mixin offering transform org.spongepowered.asm.mixin.transformer.MixinInfo$DeclaredTarget
[15:50:49] [main/DEBUG] (cpw.mods.modlauncher.LaunchPluginHandler) LauncherPluginService runtimedistcleaner offering transform org.spongepowered.asm.mixin.transformer.MixinInfo$DeclaredTarget
[15:50:49] [main/DEBUG] (cpw.mods.modlauncher.LaunchPluginHandler) Final flags state for org.spongepowered.asm.mixin.transformer.MixinInfo$DeclaredTarget is 0
[15:50:49] [main/DEBUG] (cpw.mods.modlauncher.LaunchPluginHandler) LaunchPluginService {AFTER=[org.spongepowered.asm.launch.MixinLaunchPlugin@7ce85af2, net.neoforged.fml.common.asm.RuntimeDistCleaner@41b13f3d]}
[15:50:49] [main/DEBUG] (cpw.mods.modlauncher.LaunchPluginHandler) Final flags state for org.spongepowered.asm.mixin.injection.selectors.throwables.SelectorException is 0
[15:50:49] [main/DEBUG] (cpw.mods.modlauncher.LaunchPluginHandler) LauncherPluginService mixin offering transform org.spongepowered.asm.mixin.injection.selectors.throwables.SelectorException
[15:50:49] [main/DEBUG] (cpw.mods.modlauncher.LaunchPluginHandler) LauncherPluginService runtimedistcleaner offering transform org.spongepowered.asm.mixin.injection.selectors.throwables.SelectorException
[15:50:49] [main/DEBUG] (cpw.mods.modlauncher.LaunchPluginHandler) Final flags state for org.spongepowered.asm.mixin.injection.selectors.throwables.SelectorException is 0
[15:50:49] [main/DEBUG] (cpw.mods.modlauncher.LaunchPluginHandler) LaunchPluginService {AFTER=[org.spongepowered.asm.launch.MixinLaunchPlugin@7ce85af2, net.neoforged.fml.common.asm.RuntimeDistCleaner@41b13f3d]}
[15:50:49] [main/DEBUG] (cpw.mods.modlauncher.LaunchPluginHandler) Final flags state for org.spongepowered.asm.mixin.injection.throwables.InvalidInjectionException is 0
[15:50:49] [main/DEBUG] (cpw.mods.modlauncher.LaunchPluginHandler) LauncherPluginService mixin offering transform org.spongepowered.asm.mixin.injection.throwables.InvalidInjectionException
[15:50:49] [main/DEBUG] (cpw.mods.modlauncher.LaunchPluginHandler) LauncherPluginService runtimedistcleaner offering transform org.spongepowered.asm.mixin.injection.throwables.InvalidInjectionException
[15:50:49] [main/DEBUG] (cpw.mods.modlauncher.LaunchPluginHandler) Final flags state for org.spongepowered.asm.mixin.injection.throwables.InvalidInjectionException is 0
[15:50:49] [main/DEBUG] (cpw.mods.modlauncher.LaunchPluginHandler) LaunchPluginService {AFTER=[org.spongepowered.asm.launch.MixinLaunchPlugin@7ce85af2, net.neoforged.fml.common.asm.RuntimeDistCleaner@41b13f3d]}
[15:50:49] [main/DEBUG] (cpw.mods.modlauncher.LaunchPluginHandler) Final flags state for org.spongepowered.asm.mixin.extensibility.IActivityContext is 0
[15:50:49] [main/DEBUG] (cpw.mods.modlauncher.LaunchPluginHandler) LauncherPluginService mixin offering transform org.spongepowered.asm.mixin.extensibility.IActivityContext
[15:50:49] [main/DEBUG] (cpw.mods.modlauncher.LaunchPluginHandler) LauncherPluginService runtimedistcleaner offering transform org.spongepowered.asm.mixin.extensibility.IActivityContext
[15:50:49] [main/DEBUG] (cpw.mods.modlauncher.LaunchPluginHandler) Final flags state for org.spongepowered.asm.mixin.extensibility.IActivityContext is 0
[15:50:49] [main/DEBUG] (cpw.mods.modlauncher.LaunchPluginHandler) LaunchPluginService {AFTER=[org.spongepowered.asm.launch.MixinLaunchPlugin@7ce85af2, net.neoforged.fml.common.asm.RuntimeDistCleaner@41b13f3d]}
[15:50:49] [main/DEBUG] (cpw.mods.modlauncher.LaunchPluginHandler) Final flags state for org.spongepowered.asm.mixin.injection.throwables.InjectionError is 0
[15:50:49] [main/DEBUG] (cpw.mods.modlauncher.LaunchPluginHandler) LauncherPluginService mixin offering transform org.spongepowered.asm.mixin.injection.throwables.InjectionError
[15:50:49] [main/DEBUG] (cpw.mods.modlauncher.LaunchPluginHandler) LauncherPluginService runtimedistcleaner offering transform org.spongepowered.asm.mixin.injection.throwables.InjectionError
[15:50:49] [main/DEBUG] (cpw.mods.modlauncher.LaunchPluginHandler) Final flags state for org.spongepowered.asm.mixin.injection.throwables.InjectionError is 0
[15:50:49] [main/DEBUG] (cpw.mods.modlauncher.LaunchPluginHandler) LaunchPluginService {AFTER=[org.spongepowered.asm.launch.MixinLaunchPlugin@7ce85af2, net.neoforged.fml.common.asm.RuntimeDistCleaner@41b13f3d]}
[15:50:49] [main/DEBUG] (cpw.mods.modlauncher.LaunchPluginHandler) Final flags state for org.spongepowered.asm.mixin.transformer.ActivityStack is 0
[15:50:49] [main/DEBUG] (cpw.mods.modlauncher.LaunchPluginHandler) LauncherPluginService mixin offering transform org.spongepowered.asm.mixin.transformer.ActivityStack
[15:50:49] [main/DEBUG] (cpw.mods.modlauncher.LaunchPluginHandler) LauncherPluginService runtimedistcleaner offering transform org.spongepowered.asm.mixin.transformer.ActivityStack
[15:50:49] [main/DEBUG] (cpw.mods.modlauncher.LaunchPluginHandler) Final flags state for org.spongepowered.asm.mixin.transformer.ActivityStack is 0
[15:50:49] [main/DEBUG] (cpw.mods.modlauncher.LaunchPluginHandler) LaunchPluginService {AFTER=[org.spongepowered.asm.launch.MixinLaunchPlugin@7ce85af2, net.neoforged.fml.common.asm.RuntimeDistCleaner@41b13f3d]}
[15:50:49] [main/DEBUG] (cpw.mods.modlauncher.LaunchPluginHandler) Final flags state for org.spongepowered.asm.mixin.injection.selectors.TargetSelectors is 0
[15:50:49] [main/DEBUG] (cpw.mods.modlauncher.LaunchPluginHandler) LauncherPluginService mixin offering transform org.spongepowered.asm.mixin.injection.selectors.TargetSelectors
[15:50:49] [main/DEBUG] (cpw.mods.modlauncher.LaunchPluginHandler) LauncherPluginService runtimedistcleaner offering transform org.spongepowered.asm.mixin.injection.selectors.TargetSelectors
[15:50:49] [main/DEBUG] (cpw.mods.modlauncher.LaunchPluginHandler) Final flags state for org.spongepowered.asm.mixin.injection.selectors.TargetSelectors is 0
[15:50:49] [main/DEBUG] (cpw.mods.modlauncher.LaunchPluginHandler) LaunchPluginService {AFTER=[org.spongepowered.asm.launch.MixinLaunchPlugin@7ce85af2, net.neoforged.fml.common.asm.RuntimeDistCleaner@41b13f3d]}
[15:50:49] [main/DEBUG] (cpw.mods.modlauncher.LaunchPluginHandler) Final flags state for org.spongepowered.asm.mixin.injection.code.MethodSlices is 0
[15:50:49] [main/DEBUG] (cpw.mods.modlauncher.LaunchPluginHandler) LauncherPluginService mixin offering transform org.spongepowered.asm.mixin.injection.code.MethodSlices
[15:50:49] [main/DEBUG] (cpw.mods.modlauncher.LaunchPluginHandler) LauncherPluginService runtimedistcleaner offering transform org.spongepowered.asm.mixin.injection.code.MethodSlices
[15:50:49] [main/DEBUG] (cpw.mods.modlauncher.LaunchPluginHandler) Final flags state for org.spongepowered.asm.mixin.injection.code.MethodSlices is 0
[15:50:49] [main/DEBUG] (cpw.mods.modlauncher.LaunchPluginHandler) LaunchPluginService {AFTER=[org.spongepowered.asm.launch.MixinLaunchPlugin@7ce85af2, net.neoforged.fml.common.asm.RuntimeDistCleaner@41b13f3d]}
[15:50:49] [main/DEBUG] (cpw.mods.modlauncher.LaunchPluginHandler) Final flags state for org.spongepowered.asm.mixin.injection.code.Injector is 0
[15:50:49] [main/DEBUG] (cpw.mods.modlauncher.LaunchPluginHandler) LauncherPluginService mixin offering transform org.spongepowered.asm.mixin.injection.code.Injector
[15:50:49] [main/DEBUG] (cpw.mods.modlauncher.LaunchPluginHandler) LauncherPluginService runtimedistcleaner offering transform org.spongepowered.asm.mixin.injection.code.Injector
[15:50:49] [main/DEBUG] (cpw.mods.modlauncher.LaunchPluginHandler) Final flags state for org.spongepowered.asm.mixin.injection.code.Injector is 0
[15:50:49] [main/DEBUG] (cpw.mods.modlauncher.LaunchPluginHandler) LaunchPluginService {AFTER=[org.spongepowered.asm.launch.MixinLaunchPlugin@7ce85af2, net.neoforged.fml.common.asm.RuntimeDistCleaner@41b13f3d]}
[15:50:49] [main/DEBUG] (cpw.mods.modlauncher.LaunchPluginHandler) Final flags state for org.spongepowered.asm.mixin.injection.struct.InjectorGroupInfo is 0
[15:50:49] [main/DEBUG] (cpw.mods.modlauncher.LaunchPluginHandler) LauncherPluginService mixin offering transform org.spongepowered.asm.mixin.injection.struct.InjectorGroupInfo
[15:50:49] [main/DEBUG] (cpw.mods.modlauncher.LaunchPluginHandler) LauncherPluginService runtimedistcleaner offering transform org.spongepowered.asm.mixin.injection.struct.InjectorGroupInfo
[15:50:49] [main/DEBUG] (cpw.mods.modlauncher.LaunchPluginHandler) Final flags state for org.spongepowered.asm.mixin.injection.struct.InjectorGroupInfo is 0
[15:50:49] [main/DEBUG] (cpw.mods.modlauncher.LaunchPluginHandler) LaunchPluginService {AFTER=[org.spongepowered.asm.launch.MixinLaunchPlugin@7ce85af2, net.neoforged.fml.common.asm.RuntimeDistCleaner@41b13f3d]}
[15:50:49] [main/DEBUG] (cpw.mods.modlauncher.LaunchPluginHandler) Final flags state for org.spongepowered.asm.mixin.injection.struct.InjectionNodes$InjectionNode is 0
[15:50:49] [main/DEBUG] (cpw.mods.modlauncher.LaunchPluginHandler) LauncherPluginService mixin offering transform org.spongepowered.asm.mixin.injection.struct.InjectionNodes$InjectionNode
[15:50:49] [main/DEBUG] (cpw.mods.modlauncher.LaunchPluginHandler) LauncherPluginService runtimedistcleaner offering transform org.spongepowered.asm.mixin.injection.struct.InjectionNodes$InjectionNode
[15:50:49] [main/DEBUG] (cpw.mods.modlauncher.LaunchPluginHandler) Final flags state for org.spongepowered.asm.mixin.injection.struct.InjectionNodes$InjectionNode is 0
[15:50:49] [main/DEBUG] (cpw.mods.modlauncher.LaunchPluginHandler) LaunchPluginService {AFTER=[org.spongepowered.asm.launch.MixinLaunchPlugin@7ce85af2, net.neoforged.fml.common.asm.RuntimeDistCleaner@41b13f3d]}
[15:50:49] [main/DEBUG] (cpw.mods.modlauncher.LaunchPluginHandler) Final flags state for org.spongepowered.asm.mixin.transformer.ClassInfo$Member is 0
[15:50:49] [main/DEBUG] (cpw.mods.modlauncher.LaunchPluginHandler) LauncherPluginService mixin offering transform org.spongepowered.asm.mixin.transformer.ClassInfo$Member
[15:50:49] [main/DEBUG] (cpw.mods.modlauncher.LaunchPluginHandler) LauncherPluginService runtimedistcleaner offering transform org.spongepowered.asm.mixin.transformer.ClassInfo$Member
[15:50:49] [main/DEBUG] (cpw.mods.modlauncher.LaunchPluginHandler) Final flags state for org.spongepowered.asm.mixin.transformer.ClassInfo$Member is 0
[15:50:49] [main/DEBUG] (cpw.mods.modlauncher.LaunchPluginHandler) LaunchPluginService {AFTER=[org.spongepowered.asm.launch.MixinLaunchPlugin@7ce85af2, net.neoforged.fml.common.asm.RuntimeDistCleaner@41b13f3d]}
[15:50:49] [main/DEBUG] (cpw.mods.modlauncher.LaunchPluginHandler) Final flags state for org.spongepowered.asm.mixin.transformer.ClassInfo$InterfaceMethod is 0
[15:50:49] [main/DEBUG] (cpw.mods.modlauncher.LaunchPluginHandler) LauncherPluginService mixin offering transform org.spongepowered.asm.mixin.transformer.ClassInfo$InterfaceMethod
[15:50:49] [main/DEBUG] (cpw.mods.modlauncher.LaunchPluginHandler) LauncherPluginService runtimedistcleaner offering transform org.spongepowered.asm.mixin.transformer.ClassInfo$InterfaceMethod
[15:50:49] [main/DEBUG] (cpw.mods.modlauncher.LaunchPluginHandler) Final flags state for org.spongepowered.asm.mixin.transformer.ClassInfo$InterfaceMethod is 0
[15:50:49] [main/DEBUG] (cpw.mods.modlauncher.LaunchPluginHandler) LaunchPluginService {AFTER=[org.spongepowered.asm.launch.MixinLaunchPlugin@7ce85af2, net.neoforged.fml.common.asm.RuntimeDistCleaner@41b13f3d]}
[15:50:49] [main/DEBUG] (cpw.mods.modlauncher.LaunchPluginHandler) Final flags state for org.spongepowered.asm.mixin.transformer.ClassInfo$Method is 0
[15:50:49] [main/DEBUG] (cpw.mods.modlauncher.LaunchPluginHandler) LauncherPluginService mixin offering transform org.spongepowered.asm.mixin.transformer.ClassInfo$Method
[15:50:49] [main/DEBUG] (cpw.mods.modlauncher.LaunchPluginHandler) LauncherPluginService runtimedistcleaner offering transform org.spongepowered.asm.mixin.transformer.ClassInfo$Method
[15:50:49] [main/DEBUG] (cpw.mods.modlauncher.LaunchPluginHandler) Final flags state for org.spongepowered.asm.mixin.transformer.ClassInfo$Method is 0
[15:50:49] [main/DEBUG] (cpw.mods.modlauncher.LaunchPluginHandler) LaunchPluginService {AFTER=[org.spongepowered.asm.launch.MixinLaunchPlugin@7ce85af2, net.neoforged.fml.common.asm.RuntimeDistCleaner@41b13f3d]}
[15:50:49] [main/DEBUG] (cpw.mods.modlauncher.LaunchPluginHandler) Final flags state for org.spongepowered.asm.mixin.transformer.ClassInfo$Field is 0
[15:50:49] [main/DEBUG] (cpw.mods.modlauncher.LaunchPluginHandler) LauncherPluginService mixin offering transform org.spongepowered.asm.mixin.transformer.ClassInfo$Field
[15:50:49] [main/DEBUG] (cpw.mods.modlauncher.LaunchPluginHandler) LauncherPluginService runtimedistcleaner offering transform org.spongepowered.asm.mixin.transformer.ClassInfo$Field
[15:50:49] [main/DEBUG] (cpw.mods.modlauncher.LaunchPluginHandler) Final flags state for org.spongepowered.asm.mixin.transformer.ClassInfo$Field is 0
[15:50:49] [main/DEBUG] (cpw.mods.modlauncher.LaunchPluginHandler) LaunchPluginService {AFTER=[org.spongepowered.asm.launch.MixinLaunchPlugin@7ce85af2, net.neoforged.fml.common.asm.RuntimeDistCleaner@41b13f3d]}
[15:50:49] [main/DEBUG] (cpw.mods.modlauncher.LaunchPluginHandler) Final flags state for org.spongepowered.asm.mixin.transformer.ClassInfo$TypeLookup is 0
[15:50:49] [main/DEBUG] (cpw.mods.modlauncher.LaunchPluginHandler) LauncherPluginService mixin offering transform org.spongepowered.asm.mixin.transformer.ClassInfo$TypeLookup
[15:50:49] [main/DEBUG] (cpw.mods.modlauncher.LaunchPluginHandler) LauncherPluginService runtimedistcleaner offering transform org.spongepowered.asm.mixin.transformer.ClassInfo$TypeLookup
[15:50:49] [main/DEBUG] (cpw.mods.modlauncher.LaunchPluginHandler) Final flags state for org.spongepowered.asm.mixin.transformer.ClassInfo$TypeLookup is 0
[15:50:49] [main/DEBUG] (cpw.mods.modlauncher.LaunchPluginHandler) LaunchPluginService {AFTER=[org.spongepowered.asm.launch.MixinLaunchPlugin@7ce85af2, net.neoforged.fml.common.asm.RuntimeDistCleaner@41b13f3d]}
[15:50:49] [main/DEBUG] (cpw.mods.modlauncher.LaunchPluginHandler) Final flags state for org.spongepowered.asm.mixin.transformer.ClassInfo$SearchType is 0
[15:50:49] [main/DEBUG] (cpw.mods.modlauncher.LaunchPluginHandler) LauncherPluginService mixin offering transform org.spongepowered.asm.mixin.transformer.ClassInfo$SearchType
[15:50:49] [main/DEBUG] (cpw.mods.modlauncher.LaunchPluginHandler) LauncherPluginService runtimedistcleaner offering transform org.spongepowered.asm.mixin.transformer.ClassInfo$SearchType
[15:50:49] [main/DEBUG] (cpw.mods.modlauncher.LaunchPluginHandler) Final flags state for org.spongepowered.asm.mixin.transformer.ClassInfo$SearchType is 0
[15:50:49] [main/DEBUG] (cpw.mods.modlauncher.LaunchPluginHandler) LaunchPluginService {AFTER=[org.spongepowered.asm.launch.MixinLaunchPlugin@7ce85af2, net.neoforged.fml.common.asm.RuntimeDistCleaner@41b13f3d]}
[15:50:49] [main/DEBUG] (cpw.mods.modlauncher.LaunchPluginHandler) Final flags state for org.spongepowered.asm.mixin.transformer.ClassInfo$Traversal is 0
[15:50:49] [main/DEBUG] (cpw.mods.modlauncher.LaunchPluginHandler) LauncherPluginService mixin offering transform org.spongepowered.asm.mixin.transformer.ClassInfo$Traversal
[15:50:49] [main/DEBUG] (cpw.mods.modlauncher.LaunchPluginHandler) LauncherPluginService runtimedistcleaner offering transform org.spongepowered.asm.mixin.transformer.ClassInfo$Traversal
[15:50:49] [main/DEBUG] (cpw.mods.modlauncher.LaunchPluginHandler) Final flags state for org.spongepowered.asm.mixin.transformer.ClassInfo$Traversal is 0
[15:50:49] [main/DEBUG] (cpw.mods.modlauncher.LaunchPluginHandler) LaunchPluginService {AFTER=[org.spongepowered.asm.launch.MixinLaunchPlugin@7ce85af2, net.neoforged.fml.common.asm.RuntimeDistCleaner@41b13f3d]}
[15:50:49] [main/DEBUG] (cpw.mods.modlauncher.LaunchPluginHandler) Final flags state for org.spongepowered.asm.mixin.transformer.MethodMapper is 0
[15:50:49] [main/DEBUG] (cpw.mods.modlauncher.LaunchPluginHandler) LauncherPluginService mixin offering transform org.spongepowered.asm.mixin.transformer.MethodMapper
[15:50:49] [main/DEBUG] (cpw.mods.modlauncher.LaunchPluginHandler) LauncherPluginService runtimedistcleaner offering transform org.spongepowered.asm.mixin.transformer.MethodMapper
[15:50:49] [main/DEBUG] (cpw.mods.modlauncher.LaunchPluginHandler) Final flags state for org.spongepowered.asm.mixin.transformer.MethodMapper is 0
[15:50:49] [main/DEBUG] (cpw.mods.modlauncher.LaunchPluginHandler) LaunchPluginService {AFTER=[org.spongepowered.asm.launch.MixinLaunchPlugin@7ce85af2, net.neoforged.fml.common.asm.RuntimeDistCleaner@41b13f3d]}
[15:50:49] [main/DEBUG] (cpw.mods.modlauncher.LaunchPluginHandler) Final flags state for org.spongepowered.asm.mixin.transformer.ClassInfo$Member$Type is 0
[15:50:49] [main/DEBUG] (cpw.mods.modlauncher.LaunchPluginHandler) LauncherPluginService mixin offering transform org.spongepowered.asm.mixin.transformer.ClassInfo$Member$Type
[15:50:49] [main/DEBUG] (cpw.mods.modlauncher.LaunchPluginHandler) LauncherPluginService runtimedistcleaner offering transform org.spongepowered.asm.mixin.transformer.ClassInfo$Member$Type
[15:50:49] [main/DEBUG] (cpw.mods.modlauncher.LaunchPluginHandler) Final flags state for org.spongepowered.asm.mixin.transformer.ClassInfo$Member$Type is 0
[15:50:49] [main/DEBUG] (cpw.mods.modlauncher.LaunchPluginHandler) LaunchPluginService {AFTER=[org.spongepowered.asm.launch.MixinLaunchPlugin@7ce85af2, net.neoforged.fml.common.asm.RuntimeDistCleaner@41b13f3d]}
[15:50:49] [main/DEBUG] (cpw.mods.modlauncher.LaunchPluginHandler) Final flags state for com.llamalad7.mixinextras.utils.InternalConstructor is 0
[15:50:49] [main/DEBUG] (cpw.mods.modlauncher.LaunchPluginHandler) LauncherPluginService mixin offering transform com.llamalad7.mixinextras.utils.InternalConstructor
[15:50:49] [main/DEBUG] (cpw.mods.modlauncher.LaunchPluginHandler) LauncherPluginService runtimedistcleaner offering transform com.llamalad7.mixinextras.utils.InternalConstructor
[15:50:49] [main/DEBUG] (cpw.mods.modlauncher.LaunchPluginHandler) Final flags state for com.llamalad7.mixinextras.utils.InternalConstructor is 0
[15:50:49] [main/DEBUG] (cpw.mods.modlauncher.LaunchPluginHandler) LaunchPluginService {AFTER=[org.spongepowered.asm.launch.MixinLaunchPlugin@7ce85af2, net.neoforged.fml.common.asm.RuntimeDistCleaner@41b13f3d]}
[15:50:49] [main/DEBUG] (cpw.mods.modlauncher.LaunchPluginHandler) Final flags state for org.spongepowered.asm.mixin.injection.struct.InjectionInfo$InjectorEntry is 0
[15:50:49] [main/DEBUG] (cpw.mods.modlauncher.LaunchPluginHandler) LauncherPluginService mixin offering transform org.spongepowered.asm.mixin.injection.struct.InjectionInfo$InjectorEntry
[15:50:49] [main/DEBUG] (cpw.mods.modlauncher.LaunchPluginHandler) LauncherPluginService runtimedistcleaner offering transform org.spongepowered.asm.mixin.injection.struct.InjectionInfo$InjectorEntry
[15:50:49] [main/DEBUG] (cpw.mods.modlauncher.LaunchPluginHandler) Final flags state for org.spongepowered.asm.mixin.injection.struct.InjectionInfo$InjectorEntry is 0
[15:50:49] [main/DEBUG] (cpw.mods.modlauncher.LaunchPluginHandler) LaunchPluginService {AFTER=[org.spongepowered.asm.launch.MixinLaunchPlugin@7ce85af2, net.neoforged.fml.common.asm.RuntimeDistCleaner@41b13f3d]}
[15:50:49] [main/DEBUG] (cpw.mods.modlauncher.LaunchPluginHandler) Final flags state for org.spongepowered.asm.mixin.injection.struct.InjectionInfo$AnnotationType is 0
[15:50:49] [main/DEBUG] (cpw.mods.modlauncher.LaunchPluginHandler) LauncherPluginService mixin offering transform org.spongepowered.asm.mixin.injection.struct.InjectionInfo$AnnotationType
[15:50:49] [main/DEBUG] (cpw.mods.modlauncher.LaunchPluginHandler) LauncherPluginService runtimedistcleaner offering transform org.spongepowered.asm.mixin.injection.struct.InjectionInfo$AnnotationType
[15:50:49] [main/DEBUG] (cpw.mods.modlauncher.LaunchPluginHandler) Final flags state for org.spongepowered.asm.mixin.injection.struct.InjectionInfo$AnnotationType is 0
[15:50:49] [main/DEBUG] (cpw.mods.modlauncher.LaunchPluginHandler) LaunchPluginService {AFTER=[org.spongepowered.asm.launch.MixinLaunchPlugin@7ce85af2, net.neoforged.fml.common.asm.RuntimeDistCleaner@41b13f3d]}
[15:50:49] [main/DEBUG] (cpw.mods.modlauncher.LaunchPluginHandler) Final flags state for com.llamalad7.mixinextras.injector.ModifyExpressionValue is 0
[15:50:49] [main/DEBUG] (cpw.mods.modlauncher.LaunchPluginHandler) LauncherPluginService mixin offering transform com.llamalad7.mixinextras.injector.ModifyExpressionValue
[15:50:49] [main/DEBUG] (cpw.mods.modlauncher.LaunchPluginHandler) LauncherPluginService runtimedistcleaner offering transform com.llamalad7.mixinextras.injector.ModifyExpressionValue
[15:50:49] [main/DEBUG] (cpw.mods.modlauncher.LaunchPluginHandler) Final flags state for com.llamalad7.mixinextras.injector.ModifyExpressionValue is 0
[15:50:49] [main/DEBUG] (cpw.mods.modlauncher.LaunchPluginHandler) LaunchPluginService {AFTER=[org.spongepowered.asm.launch.MixinLaunchPlugin@7ce85af2, net.neoforged.fml.common.asm.RuntimeDistCleaner@41b13f3d]}
[15:50:49] [main/DEBUG] (cpw.mods.modlauncher.LaunchPluginHandler) Final flags state for org.spongepowered.asm.mixin.injection.struct.InjectionInfo$HandlerPrefix is 0
[15:50:49] [main/DEBUG] (cpw.mods.modlauncher.LaunchPluginHandler) LauncherPluginService mixin offering transform org.spongepowered.asm.mixin.injection.struct.InjectionInfo$HandlerPrefix
[15:50:49] [main/DEBUG] (cpw.mods.modlauncher.LaunchPluginHandler) LauncherPluginService runtimedistcleaner offering transform org.spongepowered.asm.mixin.injection.struct.InjectionInfo$HandlerPrefix
[15:50:49] [main/DEBUG] (cpw.mods.modlauncher.LaunchPluginHandler) Final flags state for org.spongepowered.asm.mixin.injection.struct.InjectionInfo$HandlerPrefix is 0
[15:50:49] [main/DEBUG] (cpw.mods.modlauncher.LaunchPluginHandler) LaunchPluginService {AFTER=[org.spongepowered.asm.launch.MixinLaunchPlugin@7ce85af2, net.neoforged.fml.common.asm.RuntimeDistCleaner@41b13f3d]}
[15:50:49] [main/DEBUG] (cpw.mods.modlauncher.LaunchPluginHandler) Final flags state for org.spongepowered.asm.mixin.injection.struct.CallbackInjectionInfo is 0
[15:50:49] [main/DEBUG] (cpw.mods.modlauncher.LaunchPluginHandler) LauncherPluginService mixin offering transform org.spongepowered.asm.mixin.injection.struct.CallbackInjectionInfo
[15:50:49] [main/DEBUG] (cpw.mods.modlauncher.LaunchPluginHandler) LauncherPluginService runtimedistcleaner offering transform org.spongepowered.asm.mixin.injection.struct.CallbackInjectionInfo
[15:50:49] [main/DEBUG] (cpw.mods.modlauncher.LaunchPluginHandler) Final flags state for org.spongepowered.asm.mixin.injection.struct.CallbackInjectionInfo is 0
[15:50:49] [main/DEBUG] (cpw.mods.modlauncher.LaunchPluginHandler) LaunchPluginService {AFTER=[org.spongepowered.asm.launch.MixinLaunchPlugin@7ce85af2, net.neoforged.fml.common.asm.RuntimeDistCleaner@41b13f3d]}
[15:50:49] [main/DEBUG] (cpw.mods.modlauncher.LaunchPluginHandler) Final flags state for org.spongepowered.asm.mixin.injection.Inject is 0
[15:50:49] [main/DEBUG] (cpw.mods.modlauncher.LaunchPluginHandler) LauncherPluginService mixin offering transform org.spongepowered.asm.mixin.injection.Inject
[15:50:49] [main/DEBUG] (cpw.mods.modlauncher.LaunchPluginHandler) LauncherPluginService runtimedistcleaner offering transform org.spongepowered.asm.mixin.injection.Inject
[15:50:49] [main/DEBUG] (cpw.mods.modlauncher.LaunchPluginHandler) Final flags state for org.spongepowered.asm.mixin.injection.Inject is 0
[15:50:49] [main/DEBUG] (cpw.mods.modlauncher.LaunchPluginHandler) LaunchPluginService {AFTER=[org.spongepowered.asm.launch.MixinLaunchPlugin@7ce85af2, net.neoforged.fml.common.asm.RuntimeDistCleaner@41b13f3d]}
[15:50:49] [main/DEBUG] (cpw.mods.modlauncher.LaunchPluginHandler) Final flags state for org.spongepowered.asm.mixin.injection.callback.LocalCapture is 0
[15:50:49] [main/DEBUG] (cpw.mods.modlauncher.LaunchPluginHandler) LauncherPluginService mixin offering transform org.spongepowered.asm.mixin.injection.callback.LocalCapture
[15:50:49] [main/DEBUG] (cpw.mods.modlauncher.LaunchPluginHandler) LauncherPluginService runtimedistcleaner offering transform org.spongepowered.asm.mixin.injection.callback.LocalCapture
[15:50:49] [main/DEBUG] (cpw.mods.modlauncher.LaunchPluginHandler) Final flags state for org.spongepowered.asm.mixin.injection.callback.LocalCapture is 0
[15:50:49] [main/DEBUG] (cpw.mods.modlauncher.LaunchPluginHandler) LaunchPluginService {AFTER=[org.spongepowered.asm.launch.MixinLaunchPlugin@7ce85af2, net.neoforged.fml.common.asm.RuntimeDistCleaner@41b13f3d]}
[15:50:49] [main/DEBUG] (cpw.mods.modlauncher.LaunchPluginHandler) Final flags state for org.spongepowered.asm.mixin.injection.callback.CallbackInjector is 0
[15:50:49] [main/DEBUG] (cpw.mods.modlauncher.LaunchPluginHandler) LauncherPluginService mixin offering transform org.spongepowered.asm.mixin.injection.callback.CallbackInjector
[15:50:49] [main/DEBUG] (cpw.mods.modlauncher.LaunchPluginHandler) LauncherPluginService runtimedistcleaner offering transform org.spongepowered.asm.mixin.injection.callback.CallbackInjector
[15:50:49] [main/DEBUG] (cpw.mods.modlauncher.LaunchPluginHandler) Final flags state for org.spongepowered.asm.mixin.injection.callback.CallbackInjector is 0
[15:50:49] [main/DEBUG] (cpw.mods.modlauncher.LaunchPluginHandler) LaunchPluginService {AFTER=[org.spongepowered.asm.launch.MixinLaunchPlugin@7ce85af2, net.neoforged.fml.common.asm.RuntimeDistCleaner@41b13f3d]}
[15:50:49] [main/DEBUG] (cpw.mods.modlauncher.LaunchPluginHandler) Final flags state for org.spongepowered.asm.util.logging.MessageRouter is 0
[15:50:49] [main/DEBUG] (cpw.mods.modlauncher.LaunchPluginHandler) LauncherPluginService mixin offering transform org.spongepowered.asm.util.logging.MessageRouter
[15:50:49] [main/DEBUG] (cpw.mods.modlauncher.LaunchPluginHandler) LauncherPluginService runtimedistcleaner offering transform org.spongepowered.asm.util.logging.MessageRouter
[15:50:49] [main/DEBUG] (cpw.mods.modlauncher.LaunchPluginHandler) Final flags state for org.spongepowered.asm.util.logging.MessageRouter is 0
[15:50:49] [main/DEBUG] (cpw.mods.modlauncher.LaunchPluginHandler) LaunchPluginService {AFTER=[org.spongepowered.asm.launch.MixinLaunchPlugin@7ce85af2, net.neoforged.fml.common.asm.RuntimeDistCleaner@41b13f3d]}
[15:50:49] [main/DEBUG] (cpw.mods.modlauncher.LaunchPluginHandler) Final flags state for org.spongepowered.asm.util.logging.MessageRouter$LoggingMessager is 0
[15:50:49] [main/DEBUG] (cpw.mods.modlauncher.LaunchPluginHandler) LauncherPluginService mixin offering transform org.spongepowered.asm.util.logging.MessageRouter$LoggingMessager
[15:50:49] [main/DEBUG] (cpw.mods.modlauncher.LaunchPluginHandler) LauncherPluginService runtimedistcleaner offering transform org.spongepowered.asm.util.logging.MessageRouter$LoggingMessager
[15:50:49] [main/DEBUG] (cpw.mods.modlauncher.LaunchPluginHandler) Final flags state for org.spongepowered.asm.util.logging.MessageRouter$LoggingMessager is 0
[15:50:49] [main/DEBUG] (cpw.mods.modlauncher.LaunchPluginHandler) LaunchPluginService {AFTER=[org.spongepowered.asm.launch.MixinLaunchPlugin@7ce85af2, net.neoforged.fml.common.asm.RuntimeDistCleaner@41b13f3d]}
[15:50:49] [main/DEBUG] (cpw.mods.modlauncher.LaunchPluginHandler) Final flags state for org.spongepowered.asm.util.logging.MessageRouter$1 is 0
[15:50:49] [main/DEBUG] (cpw.mods.modlauncher.LaunchPluginHandler) LauncherPluginService mixin offering transform org.spongepowered.asm.util.logging.MessageRouter$1
[15:50:49] [main/DEBUG] (cpw.mods.modlauncher.LaunchPluginHandler) LauncherPluginService runtimedistcleaner offering transform org.spongepowered.asm.util.logging.MessageRouter$1
[15:50:49] [main/DEBUG] (cpw.mods.modlauncher.LaunchPluginHandler) Final flags state for org.spongepowered.asm.util.logging.MessageRouter$1 is 0
[15:50:49] [main/DEBUG] (mixin) Registering new injector for @Inject with org.spongepowered.asm.mixin.injection.struct.CallbackInjectionInfo
[15:50:49] [main/DEBUG] (cpw.mods.modlauncher.LaunchPluginHandler) LaunchPluginService {AFTER=[org.spongepowered.asm.launch.MixinLaunchPlugin@7ce85af2, net.neoforged.fml.common.asm.RuntimeDistCleaner@41b13f3d]}
[15:50:49] [main/DEBUG] (cpw.mods.modlauncher.LaunchPluginHandler) Final flags state for org.spongepowered.asm.mixin.injection.struct.ModifyArgInjectionInfo is 0
[15:50:49] [main/DEBUG] (cpw.mods.modlauncher.LaunchPluginHandler) LauncherPluginService mixin offering transform org.spongepowered.asm.mixin.injection.struct.ModifyArgInjectionInfo
[15:50:49] [main/DEBUG] (cpw.mods.modlauncher.LaunchPluginHandler) LauncherPluginService runtimedistcleaner offering transform org.spongepowered.asm.mixin.injection.struct.ModifyArgInjectionInfo
[15:50:49] [main/DEBUG] (cpw.mods.modlauncher.LaunchPluginHandler) Final flags state for org.spongepowered.asm.mixin.injection.struct.ModifyArgInjectionInfo is 0
[15:50:49] [main/DEBUG] (cpw.mods.modlauncher.LaunchPluginHandler) LaunchPluginService {AFTER=[org.spongepowered.asm.launch.MixinLaunchPlugin@7ce85af2, net.neoforged.fml.common.asm.RuntimeDistCleaner@41b13f3d]}
[15:50:49] [main/DEBUG] (cpw.mods.modlauncher.LaunchPluginHandler) Final flags state for org.spongepowered.asm.mixin.injection.ModifyArg is 0
[15:50:49] [main/DEBUG] (cpw.mods.modlauncher.LaunchPluginHandler) LauncherPluginService mixin offering transform org.spongepowered.asm.mixin.injection.ModifyArg
[15:50:49] [main/DEBUG] (cpw.mods.modlauncher.LaunchPluginHandler) LauncherPluginService runtimedistcleaner offering transform org.spongepowered.asm.mixin.injection.ModifyArg
[15:50:49] [main/DEBUG] (cpw.mods.modlauncher.LaunchPluginHandler) Final flags state for org.spongepowered.asm.mixin.injection.ModifyArg is 0
[15:50:49] [main/DEBUG] (cpw.mods.modlauncher.LaunchPluginHandler) LaunchPluginService {AFTER=[org.spongepowered.asm.launch.MixinLaunchPlugin@7ce85af2, net.neoforged.fml.common.asm.RuntimeDistCleaner@41b13f3d]}
[15:50:49] [main/DEBUG] (cpw.mods.modlauncher.LaunchPluginHandler) Final flags state for org.spongepowered.asm.mixin.injection.invoke.ModifyArgInjector is 0
[15:50:49] [main/DEBUG] (cpw.mods.modlauncher.LaunchPluginHandler) LauncherPluginService mixin offering transform org.spongepowered.asm.mixin.injection.invoke.ModifyArgInjector
[15:50:49] [main/DEBUG] (cpw.mods.modlauncher.LaunchPluginHandler) LauncherPluginService runtimedistcleaner offering transform org.spongepowered.asm.mixin.injection.invoke.ModifyArgInjector
[15:50:49] [main/DEBUG] (cpw.mods.modlauncher.LaunchPluginHandler) Final flags state for org.spongepowered.asm.mixin.injection.invoke.ModifyArgInjector is 0
[15:50:49] [main/DEBUG] (cpw.mods.modlauncher.LaunchPluginHandler) LaunchPluginService {AFTER=[org.spongepowered.asm.launch.MixinLaunchPlugin@7ce85af2, net.neoforged.fml.common.asm.RuntimeDistCleaner@41b13f3d]}
[15:50:49] [main/DEBUG] (cpw.mods.modlauncher.LaunchPluginHandler) Final flags state for org.spongepowered.asm.mixin.injection.invoke.InvokeInjector is 0
[15:50:49] [main/DEBUG] (cpw.mods.modlauncher.LaunchPluginHandler) LauncherPluginService mixin offering transform org.spongepowered.asm.mixin.injection.invoke.InvokeInjector
[15:50:49] [main/DEBUG] (cpw.mods.modlauncher.LaunchPluginHandler) LauncherPluginService runtimedistcleaner offering transform org.spongepowered.asm.mixin.injection.invoke.InvokeInjector
[15:50:49] [main/DEBUG] (cpw.mods.modlauncher.LaunchPluginHandler) Final flags state for org.spongepowered.asm.mixin.injection.invoke.InvokeInjector is 0
[15:50:49] [main/DEBUG] (mixin) Registering new injector for @ModifyArg with org.spongepowered.asm.mixin.injection.struct.ModifyArgInjectionInfo
[15:50:49] [main/DEBUG] (cpw.mods.modlauncher.LaunchPluginHandler) LaunchPluginService {AFTER=[org.spongepowered.asm.launch.MixinLaunchPlugin@7ce85af2, net.neoforged.fml.common.asm.RuntimeDistCleaner@41b13f3d]}
[15:50:49] [main/DEBUG] (cpw.mods.modlauncher.LaunchPluginHandler) Final flags state for org.spongepowered.asm.mixin.injection.struct.ModifyArgsInjectionInfo is 0
[15:50:49] [main/DEBUG] (cpw.mods.modlauncher.LaunchPluginHandler) LauncherPluginService mixin offering transform org.spongepowered.asm.mixin.injection.struct.ModifyArgsInjectionInfo
[15:50:49] [main/DEBUG] (cpw.mods.modlauncher.LaunchPluginHandler) LauncherPluginService runtimedistcleaner offering transform org.spongepowered.asm.mixin.injection.struct.ModifyArgsInjectionInfo
[15:50:49] [main/DEBUG] (cpw.mods.modlauncher.LaunchPluginHandler) Final flags state for org.spongepowered.asm.mixin.injection.struct.ModifyArgsInjectionInfo is 0
[15:50:49] [main/DEBUG] (cpw.mods.modlauncher.LaunchPluginHandler) LaunchPluginService {AFTER=[org.spongepowered.asm.launch.MixinLaunchPlugin@7ce85af2, net.neoforged.fml.common.asm.RuntimeDistCleaner@41b13f3d]}
[15:50:49] [main/DEBUG] (cpw.mods.modlauncher.LaunchPluginHandler) Final flags state for org.spongepowered.asm.mixin.injection.ModifyArgs is 0
[15:50:49] [main/DEBUG] (cpw.mods.modlauncher.LaunchPluginHandler) LauncherPluginService mixin offering transform org.spongepowered.asm.mixin.injection.ModifyArgs
[15:50:49] [main/DEBUG] (cpw.mods.modlauncher.LaunchPluginHandler) LauncherPluginService runtimedistcleaner offering transform org.spongepowered.asm.mixin.injection.ModifyArgs
[15:50:49] [main/DEBUG] (cpw.mods.modlauncher.LaunchPluginHandler) Final flags state for org.spongepowered.asm.mixin.injection.ModifyArgs is 0
[15:50:49] [main/DEBUG] (cpw.mods.modlauncher.LaunchPluginHandler) LaunchPluginService {AFTER=[org.spongepowered.asm.launch.MixinLaunchPlugin@7ce85af2, net.neoforged.fml.common.asm.RuntimeDistCleaner@41b13f3d]}
[15:50:49] [main/DEBUG] (cpw.mods.modlauncher.LaunchPluginHandler) Final flags state for org.spongepowered.asm.mixin.injection.invoke.ModifyArgsInjector is 0
[15:50:49] [main/DEBUG] (cpw.mods.modlauncher.LaunchPluginHandler) LauncherPluginService mixin offering transform org.spongepowered.asm.mixin.injection.invoke.ModifyArgsInjector
[15:50:49] [main/DEBUG] (cpw.mods.modlauncher.LaunchPluginHandler) LauncherPluginService runtimedistcleaner offering transform org.spongepowered.asm.mixin.injection.invoke.ModifyArgsInjector
[15:50:49] [main/DEBUG] (cpw.mods.modlauncher.LaunchPluginHandler) Final flags state for org.spongepowered.asm.mixin.injection.invoke.ModifyArgsInjector is 0
[15:50:49] [main/DEBUG] (mixin) Registering new injector for @ModifyArgs with org.spongepowered.asm.mixin.injection.struct.ModifyArgsInjectionInfo
[15:50:49] [main/DEBUG] (cpw.mods.modlauncher.LaunchPluginHandler) LaunchPluginService {AFTER=[org.spongepowered.asm.launch.MixinLaunchPlugin@7ce85af2, net.neoforged.fml.common.asm.RuntimeDistCleaner@41b13f3d]}
[15:50:49] [main/DEBUG] (cpw.mods.modlauncher.LaunchPluginHandler) Final flags state for org.spongepowered.asm.mixin.injection.struct.RedirectInjectionInfo is 0
[15:50:49] [main/DEBUG] (cpw.mods.modlauncher.LaunchPluginHandler) LauncherPluginService mixin offering transform org.spongepowered.asm.mixin.injection.struct.RedirectInjectionInfo
[15:50:49] [main/DEBUG] (cpw.mods.modlauncher.LaunchPluginHandler) LauncherPluginService runtimedistcleaner offering transform org.spongepowered.asm.mixin.injection.struct.RedirectInjectionInfo
[15:50:49] [main/DEBUG] (cpw.mods.modlauncher.LaunchPluginHandler) Final flags state for org.spongepowered.asm.mixin.injection.struct.RedirectInjectionInfo is 0
[15:50:49] [main/DEBUG] (cpw.mods.modlauncher.LaunchPluginHandler) LaunchPluginService {AFTER=[org.spongepowered.asm.launch.MixinLaunchPlugin@7ce85af2, net.neoforged.fml.common.asm.RuntimeDistCleaner@41b13f3d]}
[15:50:49] [main/DEBUG] (cpw.mods.modlauncher.LaunchPluginHandler) Final flags state for org.spongepowered.asm.mixin.injection.Redirect is 0
[15:50:49] [main/DEBUG] (cpw.mods.modlauncher.LaunchPluginHandler) LauncherPluginService mixin offering transform org.spongepowered.asm.mixin.injection.Redirect
[15:50:49] [main/DEBUG] (cpw.mods.modlauncher.LaunchPluginHandler) LauncherPluginService runtimedistcleaner offering transform org.spongepowered.asm.mixin.injection.Redirect
[15:50:49] [main/DEBUG] (cpw.mods.modlauncher.LaunchPluginHandler) Final flags state for org.spongepowered.asm.mixin.injection.Redirect is 0
[15:50:49] [main/DEBUG] (cpw.mods.modlauncher.LaunchPluginHandler) LaunchPluginService {AFTER=[org.spongepowered.asm.launch.MixinLaunchPlugin@7ce85af2, net.neoforged.fml.common.asm.RuntimeDistCleaner@41b13f3d]}
[15:50:49] [main/DEBUG] (cpw.mods.modlauncher.LaunchPluginHandler) Final flags state for org.spongepowered.asm.mixin.injection.invoke.RedirectInjector is 0
[15:50:49] [main/DEBUG] (cpw.mods.modlauncher.LaunchPluginHandler) LauncherPluginService mixin offering transform org.spongepowered.asm.mixin.injection.invoke.RedirectInjector
[15:50:49] [main/DEBUG] (cpw.mods.modlauncher.LaunchPluginHandler) LauncherPluginService runtimedistcleaner offering transform org.spongepowered.asm.mixin.injection.invoke.RedirectInjector
[15:50:49] [main/DEBUG] (cpw.mods.modlauncher.LaunchPluginHandler) Final flags state for org.spongepowered.asm.mixin.injection.invoke.RedirectInjector is 0
[15:50:49] [main/DEBUG] (mixin) Registering new injector for @Redirect with org.spongepowered.asm.mixin.injection.struct.RedirectInjectionInfo
[15:50:49] [main/DEBUG] (cpw.mods.modlauncher.LaunchPluginHandler) LaunchPluginService {AFTER=[org.spongepowered.asm.launch.MixinLaunchPlugin@7ce85af2, net.neoforged.fml.common.asm.RuntimeDistCleaner@41b13f3d]}
[15:50:49] [main/DEBUG] (cpw.mods.modlauncher.LaunchPluginHandler) Final flags state for org.spongepowered.asm.mixin.injection.struct.ModifyVariableInjectionInfo is 0
[15:50:49] [main/DEBUG] (cpw.mods.modlauncher.LaunchPluginHandler) LauncherPluginService mixin offering transform org.spongepowered.asm.mixin.injection.struct.ModifyVariableInjectionInfo
[15:50:49] [main/DEBUG] (cpw.mods.modlauncher.LaunchPluginHandler) LauncherPluginService runtimedistcleaner offering transform org.spongepowered.asm.mixin.injection.struct.ModifyVariableInjectionInfo
[15:50:49] [main/DEBUG] (cpw.mods.modlauncher.LaunchPluginHandler) Final flags state for org.spongepowered.asm.mixin.injection.struct.ModifyVariableInjectionInfo is 0
[15:50:49] [main/DEBUG] (cpw.mods.modlauncher.LaunchPluginHandler) LaunchPluginService {AFTER=[org.spongepowered.asm.launch.MixinLaunchPlugin@7ce85af2, net.neoforged.fml.common.asm.RuntimeDistCleaner@41b13f3d]}
[15:50:49] [main/DEBUG] (cpw.mods.modlauncher.LaunchPluginHandler) Final flags state for org.spongepowered.asm.mixin.injection.ModifyVariable is 0
[15:50:49] [main/DEBUG] (cpw.mods.modlauncher.LaunchPluginHandler) LauncherPluginService mixin offering transform org.spongepowered.asm.mixin.injection.ModifyVariable
[15:50:49] [main/DEBUG] (cpw.mods.modlauncher.LaunchPluginHandler) LauncherPluginService runtimedistcleaner offering transform org.spongepowered.asm.mixin.injection.ModifyVariable
[15:50:49] [main/DEBUG] (cpw.mods.modlauncher.LaunchPluginHandler) Final flags state for org.spongepowered.asm.mixin.injection.ModifyVariable is 0
[15:50:49] [main/DEBUG] (cpw.mods.modlauncher.LaunchPluginHandler) LaunchPluginService {AFTER=[org.spongepowered.asm.launch.MixinLaunchPlugin@7ce85af2, net.neoforged.fml.common.asm.RuntimeDistCleaner@41b13f3d]}
[15:50:49] [main/DEBUG] (cpw.mods.modlauncher.LaunchPluginHandler) Final flags state for org.spongepowered.asm.mixin.injection.modify.ModifyVariableInjector is 0
[15:50:49] [main/DEBUG] (cpw.mods.modlauncher.LaunchPluginHandler) LauncherPluginService mixin offering transform org.spongepowered.asm.mixin.injection.modify.ModifyVariableInjector
[15:50:49] [main/DEBUG] (cpw.mods.modlauncher.LaunchPluginHandler) LauncherPluginService runtimedistcleaner offering transform org.spongepowered.asm.mixin.injection.modify.ModifyVariableInjector
[15:50:49] [main/DEBUG] (cpw.mods.modlauncher.LaunchPluginHandler) Final flags state for org.spongepowered.asm.mixin.injection.modify.ModifyVariableInjector is 0
[15:50:49] [main/DEBUG] (mixin) Registering new injector for @ModifyVariable with org.spongepowered.asm.mixin.injection.struct.ModifyVariableInjectionInfo
[15:50:49] [main/DEBUG] (cpw.mods.modlauncher.LaunchPluginHandler) LaunchPluginService {AFTER=[org.spongepowered.asm.launch.MixinLaunchPlugin@7ce85af2, net.neoforged.fml.common.asm.RuntimeDistCleaner@41b13f3d]}
[15:50:49] [main/DEBUG] (cpw.mods.modlauncher.LaunchPluginHandler) Final flags state for org.spongepowered.asm.mixin.injection.struct.ModifyConstantInjectionInfo is 0
[15:50:49] [main/DEBUG] (cpw.mods.modlauncher.LaunchPluginHandler) LauncherPluginService mixin offering transform org.spongepowered.asm.mixin.injection.struct.ModifyConstantInjectionInfo
[15:50:49] [main/DEBUG] (cpw.mods.modlauncher.LaunchPluginHandler) LauncherPluginService runtimedistcleaner offering transform org.spongepowered.asm.mixin.injection.struct.ModifyConstantInjectionInfo
[15:50:49] [main/DEBUG] (cpw.mods.modlauncher.LaunchPluginHandler) Final flags state for org.spongepowered.asm.mixin.injection.struct.ModifyConstantInjectionInfo is 0
[15:50:49] [main/DEBUG] (cpw.mods.modlauncher.LaunchPluginHandler) LaunchPluginService {AFTER=[org.spongepowered.asm.launch.MixinLaunchPlugin@7ce85af2, net.neoforged.fml.common.asm.RuntimeDistCleaner@41b13f3d]}
[15:50:49] [main/DEBUG] (cpw.mods.modlauncher.LaunchPluginHandler) Final flags state for org.spongepowered.asm.mixin.injection.ModifyConstant is 0
[15:50:49] [main/DEBUG] (cpw.mods.modlauncher.LaunchPluginHandler) LauncherPluginService mixin offering transform org.spongepowered.asm.mixin.injection.ModifyConstant
[15:50:49] [main/DEBUG] (cpw.mods.modlauncher.LaunchPluginHandler) LauncherPluginService runtimedistcleaner offering transform org.spongepowered.asm.mixin.injection.ModifyConstant
[15:50:49] [main/DEBUG] (cpw.mods.modlauncher.LaunchPluginHandler) Final flags state for org.spongepowered.asm.mixin.injection.ModifyConstant is 0
[15:50:49] [main/DEBUG] (cpw.mods.modlauncher.LaunchPluginHandler) LaunchPluginService {AFTER=[org.spongepowered.asm.launch.MixinLaunchPlugin@7ce85af2, net.neoforged.fml.common.asm.RuntimeDistCleaner@41b13f3d]}
[15:50:49] [main/DEBUG] (cpw.mods.modlauncher.LaunchPluginHandler) Final flags state for org.spongepowered.asm.mixin.injection.invoke.ModifyConstantInjector is 0
[15:50:49] [main/DEBUG] (cpw.mods.modlauncher.LaunchPluginHandler) LauncherPluginService mixin offering transform org.spongepowered.asm.mixin.injection.invoke.ModifyConstantInjector
[15:50:49] [main/DEBUG] (cpw.mods.modlauncher.LaunchPluginHandler) LauncherPluginService runtimedistcleaner offering transform org.spongepowered.asm.mixin.injection.invoke.ModifyConstantInjector
[15:50:49] [main/DEBUG] (cpw.mods.modlauncher.LaunchPluginHandler) Final flags state for org.spongepowered.asm.mixin.injection.invoke.ModifyConstantInjector is 0
[15:50:49] [main/DEBUG] (mixin) Registering new injector for @ModifyConstant with org.spongepowered.asm.mixin.injection.struct.ModifyConstantInjectionInfo
[15:50:49] [main/DEBUG] (cpw.mods.modlauncher.LaunchPluginHandler) LaunchPluginService {AFTER=[org.spongepowered.asm.launch.MixinLaunchPlugin@7ce85af2, net.neoforged.fml.common.asm.RuntimeDistCleaner@41b13f3d]}
[15:50:49] [main/DEBUG] (cpw.mods.modlauncher.LaunchPluginHandler) Final flags state for com.llamalad7.mixinextras.injector.ModifyExpressionValueInjector is 0
[15:50:49] [main/DEBUG] (cpw.mods.modlauncher.LaunchPluginHandler) LauncherPluginService mixin offering transform com.llamalad7.mixinextras.injector.ModifyExpressionValueInjector
[15:50:49] [main/DEBUG] (cpw.mods.modlauncher.LaunchPluginHandler) LauncherPluginService runtimedistcleaner offering transform com.llamalad7.mixinextras.injector.ModifyExpressionValueInjector
[15:50:49] [main/DEBUG] (cpw.mods.modlauncher.LaunchPluginHandler) Final flags state for com.llamalad7.mixinextras.injector.ModifyExpressionValueInjector is 0
[15:50:49] [main/DEBUG] (cpw.mods.modlauncher.LaunchPluginHandler) LaunchPluginService {AFTER=[org.spongepowered.asm.launch.MixinLaunchPlugin@7ce85af2, net.neoforged.fml.common.asm.RuntimeDistCleaner@41b13f3d]}
[15:50:49] [main/DEBUG] (cpw.mods.modlauncher.LaunchPluginHandler) Final flags state for com.llamalad7.mixinextras.injector.ModifyReceiver is 0
[15:50:49] [main/DEBUG] (cpw.mods.modlauncher.LaunchPluginHandler) LauncherPluginService mixin offering transform com.llamalad7.mixinextras.injector.ModifyReceiver
[15:50:49] [main/DEBUG] (cpw.mods.modlauncher.LaunchPluginHandler) LauncherPluginService runtimedistcleaner offering transform com.llamalad7.mixinextras.injector.ModifyReceiver
[15:50:49] [main/DEBUG] (cpw.mods.modlauncher.LaunchPluginHandler) Final flags state for com.llamalad7.mixinextras.injector.ModifyReceiver is 0
[15:50:49] [main/DEBUG] (cpw.mods.modlauncher.LaunchPluginHandler) LaunchPluginService {AFTER=[org.spongepowered.asm.launch.MixinLaunchPlugin@7ce85af2, net.neoforged.fml.common.asm.RuntimeDistCleaner@41b13f3d]}
[15:50:49] [main/DEBUG] (cpw.mods.modlauncher.LaunchPluginHandler) Final flags state for com.llamalad7.mixinextras.injector.ModifyReceiverInjector is 0
[15:50:49] [main/DEBUG] (cpw.mods.modlauncher.LaunchPluginHandler) LauncherPluginService mixin offering transform com.llamalad7.mixinextras.injector.ModifyReceiverInjector
[15:50:49] [main/DEBUG] (cpw.mods.modlauncher.LaunchPluginHandler) LauncherPluginService runtimedistcleaner offering transform com.llamalad7.mixinextras.injector.ModifyReceiverInjector
[15:50:49] [main/DEBUG] (cpw.mods.modlauncher.LaunchPluginHandler) Final flags state for com.llamalad7.mixinextras.injector.ModifyReceiverInjector is 0
[15:50:49] [main/DEBUG] (cpw.mods.modlauncher.LaunchPluginHandler) LaunchPluginService {AFTER=[org.spongepowered.asm.launch.MixinLaunchPlugin@7ce85af2, net.neoforged.fml.common.asm.RuntimeDistCleaner@41b13f3d]}
[15:50:49] [main/DEBUG] (cpw.mods.modlauncher.LaunchPluginHandler) Final flags state for com.llamalad7.mixinextras.injector.ModifyReturnValue is 0
[15:50:49] [main/DEBUG] (cpw.mods.modlauncher.LaunchPluginHandler) LauncherPluginService mixin offering transform com.llamalad7.mixinextras.injector.ModifyReturnValue
[15:50:49] [main/DEBUG] (cpw.mods.modlauncher.LaunchPluginHandler) LauncherPluginService runtimedistcleaner offering transform com.llamalad7.mixinextras.injector.ModifyReturnValue
[15:50:49] [main/DEBUG] (cpw.mods.modlauncher.LaunchPluginHandler) Final flags state for com.llamalad7.mixinextras.injector.ModifyReturnValue is 0
[15:50:49] [main/DEBUG] (cpw.mods.modlauncher.LaunchPluginHandler) LaunchPluginService {AFTER=[org.spongepowered.asm.launch.MixinLaunchPlugin@7ce85af2, net.neoforged.fml.common.asm.RuntimeDistCleaner@41b13f3d]}
[15:50:49] [main/DEBUG] (cpw.mods.modlauncher.LaunchPluginHandler) Final flags state for com.llamalad7.mixinextras.injector.ModifyReturnValueInjector is 0
[15:50:49] [main/DEBUG] (cpw.mods.modlauncher.LaunchPluginHandler) LauncherPluginService mixin offering transform com.llamalad7.mixinextras.injector.ModifyReturnValueInjector
[15:50:49] [main/DEBUG] (cpw.mods.modlauncher.LaunchPluginHandler) LauncherPluginService runtimedistcleaner offering transform com.llamalad7.mixinextras.injector.ModifyReturnValueInjector
[15:50:49] [main/DEBUG] (cpw.mods.modlauncher.LaunchPluginHandler) Final flags state for com.llamalad7.mixinextras.injector.ModifyReturnValueInjector is 0
[15:50:49] [main/DEBUG] (cpw.mods.modlauncher.LaunchPluginHandler) LaunchPluginService {AFTER=[org.spongepowered.asm.launch.MixinLaunchPlugin@7ce85af2, net.neoforged.fml.common.asm.RuntimeDistCleaner@41b13f3d]}
[15:50:49] [main/DEBUG] (cpw.mods.modlauncher.LaunchPluginHandler) Final flags state for com.llamalad7.mixinextras.injector.wrapoperation.WrapOperation is 0
[15:50:49] [main/DEBUG] (cpw.mods.modlauncher.LaunchPluginHandler) LauncherPluginService mixin offering transform com.llamalad7.mixinextras.injector.wrapoperation.WrapOperation
[15:50:49] [main/DEBUG] (cpw.mods.modlauncher.LaunchPluginHandler) LauncherPluginService runtimedistcleaner offering transform com.llamalad7.mixinextras.injector.wrapoperation.WrapOperation
[15:50:49] [main/DEBUG] (cpw.mods.modlauncher.LaunchPluginHandler) Final flags state for com.llamalad7.mixinextras.injector.wrapoperation.WrapOperation is 0
[15:50:49] [main/DEBUG] (cpw.mods.modlauncher.LaunchPluginHandler) LaunchPluginService {AFTER=[org.spongepowered.asm.launch.MixinLaunchPlugin@7ce85af2, net.neoforged.fml.common.asm.RuntimeDistCleaner@41b13f3d]}
[15:50:49] [main/DEBUG] (cpw.mods.modlauncher.LaunchPluginHandler) Final flags state for com.llamalad7.mixinextras.injector.wrapoperation.WrapOperationInjector is 0
[15:50:49] [main/DEBUG] (cpw.mods.modlauncher.LaunchPluginHandler) LauncherPluginService mixin offering transform com.llamalad7.mixinextras.injector.wrapoperation.WrapOperationInjector
[15:50:49] [main/DEBUG] (cpw.mods.modlauncher.LaunchPluginHandler) LauncherPluginService runtimedistcleaner offering transform com.llamalad7.mixinextras.injector.wrapoperation.WrapOperationInjector
[15:50:49] [main/DEBUG] (cpw.mods.modlauncher.LaunchPluginHandler) Final flags state for com.llamalad7.mixinextras.injector.wrapoperation.WrapOperationInjector is 0
[15:50:49] [main/DEBUG] (cpw.mods.modlauncher.LaunchPluginHandler) LaunchPluginService {AFTER=[org.spongepowered.asm.launch.MixinLaunchPlugin@7ce85af2, net.neoforged.fml.common.asm.RuntimeDistCleaner@41b13f3d]}
[15:50:49] [main/DEBUG] (cpw.mods.modlauncher.LaunchPluginHandler) Final flags state for com.llamalad7.mixinextras.injector.WrapWithCondition is 0
[15:50:49] [main/DEBUG] (cpw.mods.modlauncher.LaunchPluginHandler) LauncherPluginService mixin offering transform com.llamalad7.mixinextras.injector.WrapWithCondition
[15:50:49] [main/DEBUG] (cpw.mods.modlauncher.LaunchPluginHandler) LauncherPluginService runtimedistcleaner offering transform com.llamalad7.mixinextras.injector.WrapWithCondition
[15:50:49] [main/DEBUG] (cpw.mods.modlauncher.LaunchPluginHandler) Final flags state for com.llamalad7.mixinextras.injector.WrapWithCondition is 0
[15:50:49] [main/DEBUG] (cpw.mods.modlauncher.LaunchPluginHandler) LaunchPluginService {AFTER=[org.spongepowered.asm.launch.MixinLaunchPlugin@7ce85af2, net.neoforged.fml.common.asm.RuntimeDistCleaner@41b13f3d]}
[15:50:49] [main/DEBUG] (cpw.mods.modlauncher.LaunchPluginHandler) Final flags state for com.llamalad7.mixinextras.injector.WrapWithConditionInjector is 0
[15:50:49] [main/DEBUG] (cpw.mods.modlauncher.LaunchPluginHandler) LauncherPluginService mixin offering transform com.llamalad7.mixinextras.injector.WrapWithConditionInjector
[15:50:49] [main/DEBUG] (cpw.mods.modlauncher.LaunchPluginHandler) LauncherPluginService runtimedistcleaner offering transform com.llamalad7.mixinextras.injector.WrapWithConditionInjector
[15:50:49] [main/DEBUG] (cpw.mods.modlauncher.LaunchPluginHandler) Final flags state for com.llamalad7.mixinextras.injector.WrapWithConditionInjector is 0
[15:50:49] [main/DEBUG] (cpw.mods.modlauncher.LaunchPluginHandler) LaunchPluginService {AFTER=[org.spongepowered.asm.launch.MixinLaunchPlugin@7ce85af2, net.neoforged.fml.common.asm.RuntimeDistCleaner@41b13f3d]}
[15:50:49] [main/DEBUG] (cpw.mods.modlauncher.LaunchPluginHandler) Final flags state for com.llamalad7.mixinextras.injector.v2.WrapWithCondition is 0
[15:50:49] [main/DEBUG] (cpw.mods.modlauncher.LaunchPluginHandler) LauncherPluginService mixin offering transform com.llamalad7.mixinextras.injector.v2.WrapWithCondition
[15:50:49] [main/DEBUG] (cpw.mods.modlauncher.LaunchPluginHandler) LauncherPluginService runtimedistcleaner offering transform com.llamalad7.mixinextras.injector.v2.WrapWithCondition
[15:50:49] [main/DEBUG] (cpw.mods.modlauncher.LaunchPluginHandler) Final flags state for com.llamalad7.mixinextras.injector.v2.WrapWithCondition is 0
[15:50:49] [main/DEBUG] (cpw.mods.modlauncher.LaunchPluginHandler) LaunchPluginService {AFTER=[org.spongepowered.asm.launch.MixinLaunchPlugin@7ce85af2, net.neoforged.fml.common.asm.RuntimeDistCleaner@41b13f3d]}
[15:50:49] [main/DEBUG] (cpw.mods.modlauncher.LaunchPluginHandler) Final flags state for org.spongepowered.asm.mixin.transformer.MixinInheritanceTracker is 0
[15:50:49] [main/DEBUG] (cpw.mods.modlauncher.LaunchPluginHandler) LauncherPluginService mixin offering transform org.spongepowered.asm.mixin.transformer.MixinInheritanceTracker
[15:50:49] [main/DEBUG] (cpw.mods.modlauncher.LaunchPluginHandler) LauncherPluginService runtimedistcleaner offering transform org.spongepowered.asm.mixin.transformer.MixinInheritanceTracker
[15:50:49] [main/DEBUG] (cpw.mods.modlauncher.LaunchPluginHandler) Final flags state for org.spongepowered.asm.mixin.transformer.MixinInheritanceTracker is 0
[15:50:49] [main/DEBUG] (mixin) Preparing mr.mixins.json (1)
[15:50:49] [main/DEBUG] (cpw.mods.modlauncher.LaunchPluginHandler) LaunchPluginService {AFTER=[net.neoforged.fml.common.asm.RuntimeDistCleaner@41b13f3d]}
[15:50:49] [main/DEBUG] (cpw.mods.modlauncher.LaunchPluginHandler) Final flags state for cn.ksmcbrigade.mr.mixin.test.GL11Mixin is 0
[15:50:49] [main/DEBUG] (cpw.mods.modlauncher.LaunchPluginHandler) LauncherPluginService runtimedistcleaner offering transform cn.ksmcbrigade.mr.mixin.test.GL11Mixin
[15:50:49] [main/DEBUG] (cpw.mods.modlauncher.LaunchPluginHandler) Final flags state for cn.ksmcbrigade.mr.mixin.test.GL11Mixin is 0
[15:50:49] [main/DEBUG] (cpw.mods.modlauncher.LaunchPluginHandler) LaunchPluginService {AFTER=[org.spongepowered.asm.launch.MixinLaunchPlugin@7ce85af2, net.neoforged.fml.common.asm.RuntimeDistCleaner@41b13f3d]}
[15:50:49] [main/DEBUG] (cpw.mods.modlauncher.LaunchPluginHandler) Final flags state for org.spongepowered.include.com.google.common.collect.ImmutableSet is 0
[15:50:49] [main/DEBUG] (cpw.mods.modlauncher.LaunchPluginHandler) LauncherPluginService mixin offering transform org.spongepowered.include.com.google.common.collect.ImmutableSet
[15:50:49] [main/DEBUG] (cpw.mods.modlauncher.LaunchPluginHandler) LauncherPluginService runtimedistcleaner offering transform org.spongepowered.include.com.google.common.collect.ImmutableSet
[15:50:49] [main/DEBUG] (cpw.mods.modlauncher.LaunchPluginHandler) Final flags state for org.spongepowered.include.com.google.common.collect.ImmutableSet is 0
[15:50:49] [main/DEBUG] (cpw.mods.modlauncher.LaunchPluginHandler) LaunchPluginService {AFTER=[org.spongepowered.asm.launch.MixinLaunchPlugin@7ce85af2, net.neoforged.fml.common.asm.RuntimeDistCleaner@41b13f3d]}
[15:50:49] [main/DEBUG] (cpw.mods.modlauncher.LaunchPluginHandler) Final flags state for org.spongepowered.include.com.google.common.collect.SingletonImmutableSet is 0
[15:50:49] [main/DEBUG] (cpw.mods.modlauncher.LaunchPluginHandler) LauncherPluginService mixin offering transform org.spongepowered.include.com.google.common.collect.SingletonImmutableSet
[15:50:49] [main/DEBUG] (cpw.mods.modlauncher.LaunchPluginHandler) LauncherPluginService runtimedistcleaner offering transform org.spongepowered.include.com.google.common.collect.SingletonImmutableSet
[15:50:49] [main/DEBUG] (cpw.mods.modlauncher.LaunchPluginHandler) Final flags state for org.spongepowered.include.com.google.common.collect.SingletonImmutableSet is 0
[15:50:49] [main/DEBUG] (cpw.mods.modlauncher.LaunchPluginHandler) LaunchPluginService {AFTER=[org.spongepowered.asm.launch.MixinLaunchPlugin@7ce85af2, net.neoforged.fml.common.asm.RuntimeDistCleaner@41b13f3d]}
[15:50:49] [main/DEBUG] (cpw.mods.modlauncher.LaunchPluginHandler) Final flags state for org.spongepowered.include.com.google.common.collect.RegularImmutableSet is 0
[15:50:49] [main/DEBUG] (cpw.mods.modlauncher.LaunchPluginHandler) LauncherPluginService mixin offering transform org.spongepowered.include.com.google.common.collect.RegularImmutableSet
[15:50:49] [main/DEBUG] (cpw.mods.modlauncher.LaunchPluginHandler) LauncherPluginService runtimedistcleaner offering transform org.spongepowered.include.com.google.common.collect.RegularImmutableSet
[15:50:49] [main/DEBUG] (cpw.mods.modlauncher.LaunchPluginHandler) Final flags state for org.spongepowered.include.com.google.common.collect.RegularImmutableSet is 0
[15:50:49] [main/DEBUG] (cpw.mods.modlauncher.LaunchPluginHandler) LaunchPluginService {AFTER=[org.spongepowered.asm.launch.MixinLaunchPlugin@7ce85af2, net.neoforged.fml.common.asm.RuntimeDistCleaner@41b13f3d]}
[15:50:49] [main/DEBUG] (cpw.mods.modlauncher.LaunchPluginHandler) Final flags state for org.spongepowered.include.com.google.common.collect.ImmutableSet$Indexed is 0
[15:50:49] [main/DEBUG] (cpw.mods.modlauncher.LaunchPluginHandler) LauncherPluginService mixin offering transform org.spongepowered.include.com.google.common.collect.ImmutableSet$Indexed
[15:50:49] [main/DEBUG] (cpw.mods.modlauncher.LaunchPluginHandler) LauncherPluginService runtimedistcleaner offering transform org.spongepowered.include.com.google.common.collect.ImmutableSet$Indexed
[15:50:49] [main/DEBUG] (cpw.mods.modlauncher.LaunchPluginHandler) Final flags state for org.spongepowered.include.com.google.common.collect.ImmutableSet$Indexed is 0
[15:50:49] [main/DEBUG] (cpw.mods.modlauncher.LaunchPluginHandler) LaunchPluginService {AFTER=[org.spongepowered.asm.launch.MixinLaunchPlugin@7ce85af2, net.neoforged.fml.common.asm.RuntimeDistCleaner@41b13f3d]}
[15:50:49] [main/DEBUG] (cpw.mods.modlauncher.LaunchPluginHandler) Final flags state for org.spongepowered.include.com.google.common.collect.Hashing is 0
[15:50:49] [main/DEBUG] (cpw.mods.modlauncher.LaunchPluginHandler) LauncherPluginService mixin offering transform org.spongepowered.include.com.google.common.collect.Hashing
[15:50:49] [main/DEBUG] (cpw.mods.modlauncher.LaunchPluginHandler) LauncherPluginService runtimedistcleaner offering transform org.spongepowered.include.com.google.common.collect.Hashing
[15:50:49] [main/DEBUG] (cpw.mods.modlauncher.LaunchPluginHandler) Final flags state for org.spongepowered.include.com.google.common.collect.Hashing is 0
[15:50:49] [main/DEBUG] (cpw.mods.modlauncher.LaunchPluginHandler) LaunchPluginService {AFTER=[org.spongepowered.asm.launch.MixinLaunchPlugin@7ce85af2, net.neoforged.fml.common.asm.RuntimeDistCleaner@41b13f3d]}
[15:50:49] [main/DEBUG] (cpw.mods.modlauncher.LaunchPluginHandler) Final flags state for org.spongepowered.include.com.google.common.collect.ImmutableSet$Indexed$1 is 0
[15:50:49] [main/DEBUG] (cpw.mods.modlauncher.LaunchPluginHandler) LauncherPluginService mixin offering transform org.spongepowered.include.com.google.common.collect.ImmutableSet$Indexed$1
[15:50:49] [main/DEBUG] (cpw.mods.modlauncher.LaunchPluginHandler) LauncherPluginService runtimedistcleaner offering transform org.spongepowered.include.com.google.common.collect.ImmutableSet$Indexed$1
[15:50:49] [main/DEBUG] (cpw.mods.modlauncher.LaunchPluginHandler) Final flags state for org.spongepowered.include.com.google.common.collect.ImmutableSet$Indexed$1 is 0
[15:50:49] [main/DEBUG] (cpw.mods.modlauncher.LaunchPluginHandler) LaunchPluginService {AFTER=[org.spongepowered.asm.launch.MixinLaunchPlugin@7ce85af2, net.neoforged.fml.common.asm.RuntimeDistCleaner@41b13f3d]}
[15:50:49] [main/DEBUG] (cpw.mods.modlauncher.LaunchPluginHandler) Final flags state for org.spongepowered.asm.mixin.Unique is 0
[15:50:49] [main/DEBUG] (cpw.mods.modlauncher.LaunchPluginHandler) LauncherPluginService mixin offering transform org.spongepowered.asm.mixin.Unique
[15:50:49] [main/DEBUG] (cpw.mods.modlauncher.LaunchPluginHandler) LauncherPluginService runtimedistcleaner offering transform org.spongepowered.asm.mixin.Unique
[15:50:49] [main/DEBUG] (cpw.mods.modlauncher.LaunchPluginHandler) Final flags state for org.spongepowered.asm.mixin.Unique is 0
[15:50:49] [main/DEBUG] (cpw.mods.modlauncher.LaunchPluginHandler) LaunchPluginService {AFTER=[org.spongepowered.asm.launch.MixinLaunchPlugin@7ce85af2, net.neoforged.fml.common.asm.RuntimeDistCleaner@41b13f3d]}
[15:50:49] [main/DEBUG] (cpw.mods.modlauncher.LaunchPluginHandler) Final flags state for org.spongepowered.asm.util.Annotations is 0
[15:50:49] [main/DEBUG] (cpw.mods.modlauncher.LaunchPluginHandler) LauncherPluginService mixin offering transform org.spongepowered.asm.util.Annotations
[15:50:49] [main/DEBUG] (cpw.mods.modlauncher.LaunchPluginHandler) LauncherPluginService runtimedistcleaner offering transform org.spongepowered.asm.util.Annotations
[15:50:49] [main/DEBUG] (cpw.mods.modlauncher.LaunchPluginHandler) Final flags state for org.spongepowered.asm.util.Annotations is 0
[15:50:49] [main/DEBUG] (cpw.mods.modlauncher.LaunchPluginHandler) LaunchPluginService {AFTER=[org.spongepowered.asm.launch.MixinLaunchPlugin@7ce85af2, net.neoforged.fml.common.asm.RuntimeDistCleaner@41b13f3d]}
[15:50:49] [main/DEBUG] (cpw.mods.modlauncher.LaunchPluginHandler) Final flags state for org.spongepowered.asm.util.asm.IAnnotationHandle is 0
[15:50:49] [main/DEBUG] (cpw.mods.modlauncher.LaunchPluginHandler) LauncherPluginService mixin offering transform org.spongepowered.asm.util.asm.IAnnotationHandle
[15:50:49] [main/DEBUG] (cpw.mods.modlauncher.LaunchPluginHandler) LauncherPluginService runtimedistcleaner offering transform org.spongepowered.asm.util.asm.IAnnotationHandle
[15:50:49] [main/DEBUG] (cpw.mods.modlauncher.LaunchPluginHandler) Final flags state for org.spongepowered.asm.util.asm.IAnnotationHandle is 0
[15:50:49] [main/DEBUG] (cpw.mods.modlauncher.LaunchPluginHandler) LaunchPluginService {AFTER=[org.spongepowered.asm.launch.MixinLaunchPlugin@7ce85af2, net.neoforged.fml.common.asm.RuntimeDistCleaner@41b13f3d]}
[15:50:49] [main/DEBUG] (cpw.mods.modlauncher.LaunchPluginHandler) Final flags state for org.spongepowered.asm.mixin.Overwrite is 0
[15:50:49] [main/DEBUG] (cpw.mods.modlauncher.LaunchPluginHandler) LauncherPluginService mixin offering transform org.spongepowered.asm.mixin.Overwrite
[15:50:49] [main/DEBUG] (cpw.mods.modlauncher.LaunchPluginHandler) LauncherPluginService runtimedistcleaner offering transform org.spongepowered.asm.mixin.Overwrite
[15:50:49] [main/DEBUG] (cpw.mods.modlauncher.LaunchPluginHandler) Final flags state for org.spongepowered.asm.mixin.Overwrite is 0
[15:50:49] [main/DEBUG] (cpw.mods.modlauncher.LaunchPluginHandler) LaunchPluginService {AFTER=[org.spongepowered.asm.launch.MixinLaunchPlugin@7ce85af2, net.neoforged.fml.common.asm.RuntimeDistCleaner@41b13f3d]}
[15:50:49] [main/DEBUG] (cpw.mods.modlauncher.LaunchPluginHandler) Final flags state for org.spongepowered.asm.mixin.Intrinsic is 0
[15:50:49] [main/DEBUG] (cpw.mods.modlauncher.LaunchPluginHandler) LauncherPluginService mixin offering transform org.spongepowered.asm.mixin.Intrinsic
[15:50:49] [main/DEBUG] (cpw.mods.modlauncher.LaunchPluginHandler) LauncherPluginService runtimedistcleaner offering transform org.spongepowered.asm.mixin.Intrinsic
[15:50:49] [main/DEBUG] (cpw.mods.modlauncher.LaunchPluginHandler) Final flags state for org.spongepowered.asm.mixin.Intrinsic is 0
[15:50:49] [main/DEBUG] (cpw.mods.modlauncher.LaunchPluginHandler) LaunchPluginService {AFTER=[org.spongepowered.asm.launch.MixinLaunchPlugin@7ce85af2, net.neoforged.fml.common.asm.RuntimeDistCleaner@41b13f3d]}
[15:50:49] [main/DEBUG] (cpw.mods.modlauncher.LaunchPluginHandler) Final flags state for org.spongepowered.asm.mixin.Final is 0
[15:50:49] [main/DEBUG] (cpw.mods.modlauncher.LaunchPluginHandler) LauncherPluginService mixin offering transform org.spongepowered.asm.mixin.Final
[15:50:49] [main/DEBUG] (cpw.mods.modlauncher.LaunchPluginHandler) LauncherPluginService runtimedistcleaner offering transform org.spongepowered.asm.mixin.Final
[15:50:49] [main/DEBUG] (cpw.mods.modlauncher.LaunchPluginHandler) Final flags state for org.spongepowered.asm.mixin.Final is 0
[15:50:49] [main/DEBUG] (cpw.mods.modlauncher.LaunchPluginHandler) LaunchPluginService {AFTER=[org.spongepowered.asm.launch.MixinLaunchPlugin@7ce85af2, net.neoforged.fml.common.asm.RuntimeDistCleaner@41b13f3d]}
[15:50:49] [main/DEBUG] (cpw.mods.modlauncher.LaunchPluginHandler) Final flags state for org.spongepowered.asm.mixin.Debug is 0
[15:50:49] [main/DEBUG] (cpw.mods.modlauncher.LaunchPluginHandler) LauncherPluginService mixin offering transform org.spongepowered.asm.mixin.Debug
[15:50:49] [main/DEBUG] (cpw.mods.modlauncher.LaunchPluginHandler) LauncherPluginService runtimedistcleaner offering transform org.spongepowered.asm.mixin.Debug
[15:50:49] [main/DEBUG] (cpw.mods.modlauncher.LaunchPluginHandler) Final flags state for org.spongepowered.asm.mixin.Debug is 0
[15:50:49] [main/DEBUG] (cpw.mods.modlauncher.LaunchPluginHandler) LaunchPluginService {AFTER=[org.spongepowered.asm.launch.MixinLaunchPlugin@7ce85af2, net.neoforged.fml.common.asm.RuntimeDistCleaner@41b13f3d]}
[15:50:49] [main/DEBUG] (cpw.mods.modlauncher.LaunchPluginHandler) Final flags state for org.spongepowered.asm.mixin.gen.Accessor is 0
[15:50:49] [main/DEBUG] (cpw.mods.modlauncher.LaunchPluginHandler) LauncherPluginService mixin offering transform org.spongepowered.asm.mixin.gen.Accessor
[15:50:49] [main/DEBUG] (cpw.mods.modlauncher.LaunchPluginHandler) LauncherPluginService runtimedistcleaner offering transform org.spongepowered.asm.mixin.gen.Accessor
[15:50:49] [main/DEBUG] (cpw.mods.modlauncher.LaunchPluginHandler) Final flags state for org.spongepowered.asm.mixin.gen.Accessor is 0
[15:50:49] [main/DEBUG] (cpw.mods.modlauncher.LaunchPluginHandler) LaunchPluginService {AFTER=[org.spongepowered.asm.launch.MixinLaunchPlugin@7ce85af2, net.neoforged.fml.common.asm.RuntimeDistCleaner@41b13f3d]}
[15:50:49] [main/DEBUG] (cpw.mods.modlauncher.LaunchPluginHandler) Final flags state for org.spongepowered.asm.mixin.gen.Invoker is 0
[15:50:49] [main/DEBUG] (cpw.mods.modlauncher.LaunchPluginHandler) LauncherPluginService mixin offering transform org.spongepowered.asm.mixin.gen.Invoker
[15:50:49] [main/DEBUG] (cpw.mods.modlauncher.LaunchPluginHandler) LauncherPluginService runtimedistcleaner offering transform org.spongepowered.asm.mixin.gen.Invoker
[15:50:49] [main/DEBUG] (cpw.mods.modlauncher.LaunchPluginHandler) Final flags state for org.spongepowered.asm.mixin.gen.Invoker is 0
[15:50:49] [main/DEBUG] (cpw.mods.modlauncher.LaunchPluginHandler) LaunchPluginService {AFTER=[org.spongepowered.asm.launch.MixinLaunchPlugin@7ce85af2, net.neoforged.fml.common.asm.RuntimeDistCleaner@41b13f3d]}
[15:50:49] [main/DEBUG] (cpw.mods.modlauncher.LaunchPluginHandler) Final flags state for org.spongepowered.asm.mixin.Mutable is 0
[15:50:49] [main/DEBUG] (cpw.mods.modlauncher.LaunchPluginHandler) LauncherPluginService mixin offering transform org.spongepowered.asm.mixin.Mutable
[15:50:49] [main/DEBUG] (cpw.mods.modlauncher.LaunchPluginHandler) LauncherPluginService runtimedistcleaner offering transform org.spongepowered.asm.mixin.Mutable
[15:50:49] [main/DEBUG] (cpw.mods.modlauncher.LaunchPluginHandler) Final flags state for org.spongepowered.asm.mixin.Mutable is 0
[15:50:49] [main/DEBUG] (cpw.mods.modlauncher.LaunchPluginHandler) LaunchPluginService {AFTER=[org.spongepowered.asm.launch.MixinLaunchPlugin@7ce85af2, net.neoforged.fml.common.asm.RuntimeDistCleaner@41b13f3d]}
[15:50:49] [main/DEBUG] (cpw.mods.modlauncher.LaunchPluginHandler) Final flags state for org.spongepowered.asm.mixin.transformer.ClassInfo$FrameData is 0
[15:50:49] [main/DEBUG] (cpw.mods.modlauncher.LaunchPluginHandler) LauncherPluginService mixin offering transform org.spongepowered.asm.mixin.transformer.ClassInfo$FrameData
[15:50:49] [main/DEBUG] (cpw.mods.modlauncher.LaunchPluginHandler) LauncherPluginService runtimedistcleaner offering transform org.spongepowered.asm.mixin.transformer.ClassInfo$FrameData
[15:50:49] [main/DEBUG] (cpw.mods.modlauncher.LaunchPluginHandler) Final flags state for org.spongepowered.asm.mixin.transformer.ClassInfo$FrameData is 0
[15:50:49] [main/DEBUG] (cpw.mods.modlauncher.LaunchPluginHandler) LaunchPluginService {AFTER=[org.spongepowered.asm.launch.MixinLaunchPlugin@7ce85af2, net.neoforged.fml.common.asm.RuntimeDistCleaner@41b13f3d]}
[15:50:49] [main/DEBUG] (cpw.mods.modlauncher.LaunchPluginHandler) Final flags state for org.spongepowered.asm.util.Bytecode is 0
[15:50:49] [main/DEBUG] (cpw.mods.modlauncher.LaunchPluginHandler) LauncherPluginService mixin offering transform org.spongepowered.asm.util.Bytecode
[15:50:49] [main/DEBUG] (cpw.mods.modlauncher.LaunchPluginHandler) LauncherPluginService runtimedistcleaner offering transform org.spongepowered.asm.util.Bytecode
[15:50:49] [main/DEBUG] (cpw.mods.modlauncher.LaunchPluginHandler) Final flags state for org.spongepowered.asm.util.Bytecode is 0
[15:50:49] [main/DEBUG] (cpw.mods.modlauncher.LaunchPluginHandler) LaunchPluginService {AFTER=[org.spongepowered.asm.launch.MixinLaunchPlugin@7ce85af2, net.neoforged.fml.common.asm.RuntimeDistCleaner@41b13f3d]}
[15:50:49] [main/DEBUG] (cpw.mods.modlauncher.LaunchPluginHandler) Final flags state for org.spongepowered.asm.util.throwables.SyntheticBridgeException is 0
[15:50:49] [main/DEBUG] (cpw.mods.modlauncher.LaunchPluginHandler) LauncherPluginService mixin offering transform org.spongepowered.asm.util.throwables.SyntheticBridgeException
[15:50:49] [main/DEBUG] (cpw.mods.modlauncher.LaunchPluginHandler) LauncherPluginService runtimedistcleaner offering transform org.spongepowered.asm.util.throwables.SyntheticBridgeException
[15:50:49] [main/DEBUG] (cpw.mods.modlauncher.LaunchPluginHandler) Final flags state for org.spongepowered.asm.util.throwables.SyntheticBridgeException is 0
[15:50:49] [main/DEBUG] (cpw.mods.modlauncher.LaunchPluginHandler) LaunchPluginService {AFTER=[org.spongepowered.asm.launch.MixinLaunchPlugin@7ce85af2, net.neoforged.fml.common.asm.RuntimeDistCleaner@41b13f3d]}
[15:50:49] [main/DEBUG] (cpw.mods.modlauncher.LaunchPluginHandler) Final flags state for org.spongepowered.asm.util.Locals is 0
[15:50:49] [main/DEBUG] (cpw.mods.modlauncher.LaunchPluginHandler) LauncherPluginService mixin offering transform org.spongepowered.asm.util.Locals
[15:50:49] [main/DEBUG] (cpw.mods.modlauncher.LaunchPluginHandler) LauncherPluginService runtimedistcleaner offering transform org.spongepowered.asm.util.Locals
[15:50:49] [main/DEBUG] (cpw.mods.modlauncher.LaunchPluginHandler) Final flags state for org.spongepowered.asm.util.Locals is 0
[15:50:49] [main/DEBUG] (cpw.mods.modlauncher.LaunchPluginHandler) LaunchPluginService {AFTER=[org.spongepowered.asm.launch.MixinLaunchPlugin@7ce85af2, net.neoforged.fml.common.asm.RuntimeDistCleaner@41b13f3d]}
[15:50:49] [main/DEBUG] (cpw.mods.modlauncher.LaunchPluginHandler) Final flags state for org.spongepowered.asm.util.asm.MixinVerifier is 0
[15:50:49] [main/DEBUG] (cpw.mods.modlauncher.LaunchPluginHandler) LauncherPluginService mixin offering transform org.spongepowered.asm.util.asm.MixinVerifier
[15:50:49] [main/DEBUG] (cpw.mods.modlauncher.LaunchPluginHandler) LauncherPluginService runtimedistcleaner offering transform org.spongepowered.asm.util.asm.MixinVerifier
[15:50:49] [main/DEBUG] (cpw.mods.modlauncher.LaunchPluginHandler) Final flags state for org.spongepowered.asm.util.asm.MixinVerifier is 0
[15:50:49] [main/DEBUG] (cpw.mods.modlauncher.LaunchPluginHandler) LaunchPluginService {AFTER=[org.spongepowered.asm.launch.MixinLaunchPlugin@7ce85af2, net.neoforged.fml.common.asm.RuntimeDistCleaner@41b13f3d]}
[15:50:49] [main/DEBUG] (cpw.mods.modlauncher.LaunchPluginHandler) Final flags state for org.spongepowered.asm.util.throwables.LVTGeneratorError is 0
[15:50:49] [main/DEBUG] (cpw.mods.modlauncher.LaunchPluginHandler) LauncherPluginService mixin offering transform org.spongepowered.asm.util.throwables.LVTGeneratorError
[15:50:49] [main/DEBUG] (cpw.mods.modlauncher.LaunchPluginHandler) LauncherPluginService runtimedistcleaner offering transform org.spongepowered.asm.util.throwables.LVTGeneratorError
[15:50:49] [main/DEBUG] (cpw.mods.modlauncher.LaunchPluginHandler) Final flags state for org.spongepowered.asm.util.throwables.LVTGeneratorError is 0
[15:50:49] [main/DEBUG] (cpw.mods.modlauncher.LaunchPluginHandler) LaunchPluginService {AFTER=[org.spongepowered.asm.launch.MixinLaunchPlugin@7ce85af2, net.neoforged.fml.common.asm.RuntimeDistCleaner@41b13f3d]}
[15:50:49] [main/DEBUG] (cpw.mods.modlauncher.LaunchPluginHandler) Final flags state for org.spongepowered.asm.util.ClassSignature$SignatureParser is 0
[15:50:49] [main/DEBUG] (cpw.mods.modlauncher.LaunchPluginHandler) LauncherPluginService mixin offering transform org.spongepowered.asm.util.ClassSignature$SignatureParser
[15:50:49] [main/DEBUG] (cpw.mods.modlauncher.LaunchPluginHandler) LauncherPluginService runtimedistcleaner offering transform org.spongepowered.asm.util.ClassSignature$SignatureParser
[15:50:49] [main/DEBUG] (cpw.mods.modlauncher.LaunchPluginHandler) Final flags state for org.spongepowered.asm.util.ClassSignature$SignatureParser is 0
[15:50:49] [main/DEBUG] (cpw.mods.modlauncher.LaunchPluginHandler) LaunchPluginService {AFTER=[org.spongepowered.asm.launch.MixinLaunchPlugin@7ce85af2, net.neoforged.fml.common.asm.RuntimeDistCleaner@41b13f3d]}
[15:50:49] [main/DEBUG] (cpw.mods.modlauncher.LaunchPluginHandler) Final flags state for org.spongepowered.asm.util.ClassSignature$SignatureRemapper is 0
[15:50:49] [main/DEBUG] (cpw.mods.modlauncher.LaunchPluginHandler) LauncherPluginService mixin offering transform org.spongepowered.asm.util.ClassSignature$SignatureRemapper
[15:50:49] [main/DEBUG] (cpw.mods.modlauncher.LaunchPluginHandler) LauncherPluginService runtimedistcleaner offering transform org.spongepowered.asm.util.ClassSignature$SignatureRemapper
[15:50:49] [main/DEBUG] (cpw.mods.modlauncher.LaunchPluginHandler) Final flags state for org.spongepowered.asm.util.ClassSignature$SignatureRemapper is 0
[15:50:49] [main/DEBUG] (cpw.mods.modlauncher.LaunchPluginHandler) LaunchPluginService {AFTER=[org.spongepowered.asm.launch.MixinLaunchPlugin@7ce85af2, net.neoforged.fml.common.asm.RuntimeDistCleaner@41b13f3d]}
[15:50:49] [main/DEBUG] (cpw.mods.modlauncher.LaunchPluginHandler) Final flags state for org.spongepowered.asm.util.ClassSignature$Lazy is 0
[15:50:49] [main/DEBUG] (cpw.mods.modlauncher.LaunchPluginHandler) LauncherPluginService mixin offering transform org.spongepowered.asm.util.ClassSignature$Lazy
[15:50:49] [main/DEBUG] (cpw.mods.modlauncher.LaunchPluginHandler) LauncherPluginService runtimedistcleaner offering transform org.spongepowered.asm.util.ClassSignature$Lazy
[15:50:49] [main/DEBUG] (cpw.mods.modlauncher.LaunchPluginHandler) Final flags state for org.spongepowered.asm.util.ClassSignature$Lazy is 0
[15:50:49] [main/DEBUG] (cpw.mods.modlauncher.LaunchPluginHandler) LaunchPluginService {AFTER=[org.spongepowered.asm.launch.MixinLaunchPlugin@7ce85af2, net.neoforged.fml.common.asm.RuntimeDistCleaner@41b13f3d]}
[15:50:49] [main/DEBUG] (cpw.mods.modlauncher.LaunchPluginHandler) Final flags state for org.spongepowered.asm.util.ClassSignature$Token is 0
[15:50:49] [main/DEBUG] (cpw.mods.modlauncher.LaunchPluginHandler) LauncherPluginService mixin offering transform org.spongepowered.asm.util.ClassSignature$Token
[15:50:49] [main/DEBUG] (cpw.mods.modlauncher.LaunchPluginHandler) LauncherPluginService runtimedistcleaner offering transform org.spongepowered.asm.util.ClassSignature$Token
[15:50:49] [main/DEBUG] (cpw.mods.modlauncher.LaunchPluginHandler) Final flags state for org.spongepowered.asm.util.ClassSignature$Token is 0
[15:50:49] [main/DEBUG] (cpw.mods.modlauncher.LaunchPluginHandler) LaunchPluginService {AFTER=[org.spongepowered.asm.launch.MixinLaunchPlugin@7ce85af2, net.neoforged.fml.common.asm.RuntimeDistCleaner@41b13f3d]}
[15:50:49] [main/DEBUG] (cpw.mods.modlauncher.LaunchPluginHandler) Final flags state for org.spongepowered.asm.util.ClassSignature$IToken is 0
[15:50:49] [main/DEBUG] (cpw.mods.modlauncher.LaunchPluginHandler) LauncherPluginService mixin offering transform org.spongepowered.asm.util.ClassSignature$IToken
[15:50:49] [main/DEBUG] (cpw.mods.modlauncher.LaunchPluginHandler) LauncherPluginService runtimedistcleaner offering transform org.spongepowered.asm.util.ClassSignature$IToken
[15:50:49] [main/DEBUG] (cpw.mods.modlauncher.LaunchPluginHandler) Final flags state for org.spongepowered.asm.util.ClassSignature$IToken is 0
[15:50:49] [main/DEBUG] (cpw.mods.modlauncher.LaunchPluginHandler) LaunchPluginService {AFTER=[org.spongepowered.asm.launch.MixinLaunchPlugin@7ce85af2, net.neoforged.fml.common.asm.RuntimeDistCleaner@41b13f3d]}
[15:50:49] [main/DEBUG] (cpw.mods.modlauncher.LaunchPluginHandler) Final flags state for org.spongepowered.asm.util.asm.ClassNodeAdapter is 0
[15:50:49] [main/DEBUG] (cpw.mods.modlauncher.LaunchPluginHandler) LauncherPluginService mixin offering transform org.spongepowered.asm.util.asm.ClassNodeAdapter
[15:50:49] [main/DEBUG] (cpw.mods.modlauncher.LaunchPluginHandler) LauncherPluginService runtimedistcleaner offering transform org.spongepowered.asm.util.asm.ClassNodeAdapter
[15:50:49] [main/DEBUG] (cpw.mods.modlauncher.LaunchPluginHandler) Final flags state for org.spongepowered.asm.util.asm.ClassNodeAdapter is 0
[15:50:49] [main/DEBUG] (cpw.mods.modlauncher.LaunchPluginHandler) LaunchPluginService {AFTER=[org.spongepowered.asm.launch.MixinLaunchPlugin@7ce85af2, net.neoforged.fml.common.asm.RuntimeDistCleaner@41b13f3d]}
[15:50:49] [main/DEBUG] (cpw.mods.modlauncher.LaunchPluginHandler) Final flags state for org.spongepowered.asm.mixin.transformer.MixinInfo$SubType is 0
[15:50:49] [main/DEBUG] (cpw.mods.modlauncher.LaunchPluginHandler) LauncherPluginService mixin offering transform org.spongepowered.asm.mixin.transformer.MixinInfo$SubType
[15:50:49] [main/DEBUG] (cpw.mods.modlauncher.LaunchPluginHandler) LauncherPluginService runtimedistcleaner offering transform org.spongepowered.asm.mixin.transformer.MixinInfo$SubType
[15:50:49] [main/DEBUG] (cpw.mods.modlauncher.LaunchPluginHandler) Final flags state for org.spongepowered.asm.mixin.transformer.MixinInfo$SubType is 0
[15:50:49] [main/DEBUG] (cpw.mods.modlauncher.LaunchPluginHandler) LaunchPluginService {AFTER=[org.spongepowered.asm.launch.MixinLaunchPlugin@7ce85af2, net.neoforged.fml.common.asm.RuntimeDistCleaner@41b13f3d]}
[15:50:49] [main/DEBUG] (cpw.mods.modlauncher.LaunchPluginHandler) Final flags state for org.spongepowered.asm.mixin.transformer.MixinInfo$SubType$Standard is 0
[15:50:49] [main/DEBUG] (cpw.mods.modlauncher.LaunchPluginHandler) LauncherPluginService mixin offering transform org.spongepowered.asm.mixin.transformer.MixinInfo$SubType$Standard
[15:50:49] [main/DEBUG] (cpw.mods.modlauncher.LaunchPluginHandler) LauncherPluginService runtimedistcleaner offering transform org.spongepowered.asm.mixin.transformer.MixinInfo$SubType$Standard
[15:50:49] [main/DEBUG] (cpw.mods.modlauncher.LaunchPluginHandler) Final flags state for org.spongepowered.asm.mixin.transformer.MixinInfo$SubType$Standard is 0
[15:50:49] [main/DEBUG] (cpw.mods.modlauncher.LaunchPluginHandler) LaunchPluginService {AFTER=[org.spongepowered.asm.launch.MixinLaunchPlugin@7ce85af2, net.neoforged.fml.common.asm.RuntimeDistCleaner@41b13f3d]}
[15:50:49] [main/DEBUG] (cpw.mods.modlauncher.LaunchPluginHandler) Final flags state for org.spongepowered.asm.mixin.transformer.MixinInfo$SubType$Interface is 0
[15:50:49] [main/DEBUG] (cpw.mods.modlauncher.LaunchPluginHandler) LauncherPluginService mixin offering transform org.spongepowered.asm.mixin.transformer.MixinInfo$SubType$Interface
[15:50:49] [main/DEBUG] (cpw.mods.modlauncher.LaunchPluginHandler) LauncherPluginService runtimedistcleaner offering transform org.spongepowered.asm.mixin.transformer.MixinInfo$SubType$Interface
[15:50:49] [main/DEBUG] (cpw.mods.modlauncher.LaunchPluginHandler) Final flags state for org.spongepowered.asm.mixin.transformer.MixinInfo$SubType$Interface is 0
[15:50:49] [main/DEBUG] (cpw.mods.modlauncher.LaunchPluginHandler) LaunchPluginService {AFTER=[org.spongepowered.asm.launch.MixinLaunchPlugin@7ce85af2, net.neoforged.fml.common.asm.RuntimeDistCleaner@41b13f3d]}
[15:50:49] [main/DEBUG] (cpw.mods.modlauncher.LaunchPluginHandler) Final flags state for org.spongepowered.asm.mixin.transformer.MixinInfo$SubType$Accessor is 0
[15:50:49] [main/DEBUG] (cpw.mods.modlauncher.LaunchPluginHandler) LauncherPluginService mixin offering transform org.spongepowered.asm.mixin.transformer.MixinInfo$SubType$Accessor
[15:50:49] [main/DEBUG] (cpw.mods.modlauncher.LaunchPluginHandler) LauncherPluginService runtimedistcleaner offering transform org.spongepowered.asm.mixin.transformer.MixinInfo$SubType$Accessor
[15:50:49] [main/DEBUG] (cpw.mods.modlauncher.LaunchPluginHandler) Final flags state for org.spongepowered.asm.mixin.transformer.MixinInfo$SubType$Accessor is 0
[15:50:49] [main/DEBUG] (cpw.mods.modlauncher.LaunchPluginHandler) LaunchPluginService {AFTER=[org.spongepowered.asm.launch.MixinLaunchPlugin@7ce85af2, net.neoforged.fml.common.asm.RuntimeDistCleaner@41b13f3d]}
[15:50:49] [main/DEBUG] (cpw.mods.modlauncher.LaunchPluginHandler) Final flags state for org.spongepowered.asm.mixin.transformer.MixinInfo$1 is 0
[15:50:49] [main/DEBUG] (cpw.mods.modlauncher.LaunchPluginHandler) LauncherPluginService mixin offering transform org.spongepowered.asm.mixin.transformer.MixinInfo$1
[15:50:49] [main/DEBUG] (cpw.mods.modlauncher.LaunchPluginHandler) LauncherPluginService runtimedistcleaner offering transform org.spongepowered.asm.mixin.transformer.MixinInfo$1
[15:50:49] [main/DEBUG] (cpw.mods.modlauncher.LaunchPluginHandler) Final flags state for org.spongepowered.asm.mixin.transformer.MixinInfo$1 is 0
[15:50:49] [main/DEBUG] (cpw.mods.modlauncher.LaunchPluginHandler) LaunchPluginService {AFTER=[org.spongepowered.asm.launch.MixinLaunchPlugin@7ce85af2, net.neoforged.fml.common.asm.RuntimeDistCleaner@41b13f3d]}
[15:50:49] [main/DEBUG] (cpw.mods.modlauncher.LaunchPluginHandler) Final flags state for org.spongepowered.asm.mixin.Pseudo is 0
[15:50:49] [main/DEBUG] (cpw.mods.modlauncher.LaunchPluginHandler) LauncherPluginService mixin offering transform org.spongepowered.asm.mixin.Pseudo
[15:50:49] [main/DEBUG] (cpw.mods.modlauncher.LaunchPluginHandler) LauncherPluginService runtimedistcleaner offering transform org.spongepowered.asm.mixin.Pseudo
[15:50:49] [main/DEBUG] (cpw.mods.modlauncher.LaunchPluginHandler) Final flags state for org.spongepowered.asm.mixin.Pseudo is 0
[15:50:49] [main/DEBUG] (cpw.mods.modlauncher.LaunchPluginHandler) LaunchPluginService {AFTER=[net.neoforged.fml.common.asm.RuntimeDistCleaner@41b13f3d]}
[15:50:49] [main/DEBUG] (cpw.mods.modlauncher.LaunchPluginHandler) Final flags state for org.lwjgl.opengl.GL11 is 0
[15:50:49] [main/DEBUG] (cpw.mods.modlauncher.LaunchPluginHandler) LauncherPluginService runtimedistcleaner offering transform org.lwjgl.opengl.GL11
[15:50:49] [main/DEBUG] (cpw.mods.modlauncher.LaunchPluginHandler) Final flags state for org.lwjgl.opengl.GL11 is 0
[15:50:49] [main/DEBUG] (cpw.mods.modlauncher.LaunchPluginHandler) LaunchPluginService {AFTER=[org.spongepowered.asm.launch.MixinLaunchPlugin@7ce85af2, net.neoforged.fml.common.asm.RuntimeDistCleaner@41b13f3d]}
[15:50:49] [main/DEBUG] (cpw.mods.modlauncher.LaunchPluginHandler) Final flags state for org.spongepowered.asm.mixin.Shadow is 0
[15:50:49] [main/DEBUG] (cpw.mods.modlauncher.LaunchPluginHandler) LauncherPluginService mixin offering transform org.spongepowered.asm.mixin.Shadow
[15:50:49] [main/DEBUG] (cpw.mods.modlauncher.LaunchPluginHandler) LauncherPluginService runtimedistcleaner offering transform org.spongepowered.asm.mixin.Shadow
[15:50:49] [main/DEBUG] (cpw.mods.modlauncher.LaunchPluginHandler) Final flags state for org.spongepowered.asm.mixin.Shadow is 0
[15:50:49] [main/DEBUG] (cpw.mods.modlauncher.LaunchPluginHandler) LaunchPluginService {AFTER=[org.spongepowered.asm.launch.MixinLaunchPlugin@7ce85af2, net.neoforged.fml.common.asm.RuntimeDistCleaner@41b13f3d]}
[15:50:49] [main/DEBUG] (cpw.mods.modlauncher.LaunchPluginHandler) Final flags state for org.spongepowered.include.com.google.common.base.Functions is 0
[15:50:49] [main/DEBUG] (cpw.mods.modlauncher.LaunchPluginHandler) LauncherPluginService mixin offering transform org.spongepowered.include.com.google.common.base.Functions
[15:50:49] [main/DEBUG] (cpw.mods.modlauncher.LaunchPluginHandler) LauncherPluginService runtimedistcleaner offering transform org.spongepowered.include.com.google.common.base.Functions
[15:50:49] [main/DEBUG] (cpw.mods.modlauncher.LaunchPluginHandler) Final flags state for org.spongepowered.include.com.google.common.base.Functions is 0
[15:50:49] [main/DEBUG] (cpw.mods.modlauncher.LaunchPluginHandler) LaunchPluginService {AFTER=[org.spongepowered.asm.launch.MixinLaunchPlugin@7ce85af2, net.neoforged.fml.common.asm.RuntimeDistCleaner@41b13f3d]}
[15:50:49] [main/DEBUG] (cpw.mods.modlauncher.LaunchPluginHandler) Final flags state for org.spongepowered.include.com.google.common.base.Functions$ToStringFunction is 0
[15:50:49] [main/DEBUG] (cpw.mods.modlauncher.LaunchPluginHandler) LauncherPluginService mixin offering transform org.spongepowered.include.com.google.common.base.Functions$ToStringFunction
[15:50:49] [main/DEBUG] (cpw.mods.modlauncher.LaunchPluginHandler) LauncherPluginService runtimedistcleaner offering transform org.spongepowered.include.com.google.common.base.Functions$ToStringFunction
[15:50:49] [main/DEBUG] (cpw.mods.modlauncher.LaunchPluginHandler) Final flags state for org.spongepowered.include.com.google.common.base.Functions$ToStringFunction is 0
[15:50:49] [main/DEBUG] (cpw.mods.modlauncher.LaunchPluginHandler) LaunchPluginService {AFTER=[org.spongepowered.asm.launch.MixinLaunchPlugin@7ce85af2, net.neoforged.fml.common.asm.RuntimeDistCleaner@41b13f3d]}
[15:50:49] [main/DEBUG] (cpw.mods.modlauncher.LaunchPluginHandler) Final flags state for org.spongepowered.include.com.google.common.collect.Lists is 0
[15:50:49] [main/DEBUG] (cpw.mods.modlauncher.LaunchPluginHandler) LauncherPluginService mixin offering transform org.spongepowered.include.com.google.common.collect.Lists
[15:50:49] [main/DEBUG] (cpw.mods.modlauncher.LaunchPluginHandler) LauncherPluginService runtimedistcleaner offering transform org.spongepowered.include.com.google.common.collect.Lists
[15:50:49] [main/DEBUG] (cpw.mods.modlauncher.LaunchPluginHandler) Final flags state for org.spongepowered.include.com.google.common.collect.Lists is 0
[15:50:49] [main/DEBUG] (cpw.mods.modlauncher.LaunchPluginHandler) LaunchPluginService {AFTER=[org.spongepowered.asm.launch.MixinLaunchPlugin@7ce85af2, net.neoforged.fml.common.asm.RuntimeDistCleaner@41b13f3d]}
[15:50:49] [main/DEBUG] (cpw.mods.modlauncher.LaunchPluginHandler) Final flags state for org.spongepowered.include.com.google.common.collect.Lists$TransformingRandomAccessList is 0
[15:50:49] [main/DEBUG] (cpw.mods.modlauncher.LaunchPluginHandler) LauncherPluginService mixin offering transform org.spongepowered.include.com.google.common.collect.Lists$TransformingRandomAccessList
[15:50:49] [main/DEBUG] (cpw.mods.modlauncher.LaunchPluginHandler) LauncherPluginService runtimedistcleaner offering transform org.spongepowered.include.com.google.common.collect.Lists$TransformingRandomAccessList
[15:50:49] [main/DEBUG] (cpw.mods.modlauncher.LaunchPluginHandler) Final flags state for org.spongepowered.include.com.google.common.collect.Lists$TransformingRandomAccessList is 0
[15:50:49] [main/DEBUG] (cpw.mods.modlauncher.LaunchPluginHandler) LaunchPluginService {AFTER=[org.spongepowered.asm.launch.MixinLaunchPlugin@7ce85af2, net.neoforged.fml.common.asm.RuntimeDistCleaner@41b13f3d]}
[15:50:49] [main/DEBUG] (cpw.mods.modlauncher.LaunchPluginHandler) Final flags state for org.spongepowered.include.com.google.common.collect.Lists$TransformingSequentialList is 0
[15:50:49] [main/DEBUG] (cpw.mods.modlauncher.LaunchPluginHandler) LauncherPluginService mixin offering transform org.spongepowered.include.com.google.common.collect.Lists$TransformingSequentialList
[15:50:49] [main/DEBUG] (cpw.mods.modlauncher.LaunchPluginHandler) LauncherPluginService runtimedistcleaner offering transform org.spongepowered.include.com.google.common.collect.Lists$TransformingSequentialList
[15:50:49] [main/DEBUG] (cpw.mods.modlauncher.LaunchPluginHandler) Final flags state for org.spongepowered.include.com.google.common.collect.Lists$TransformingSequentialList is 0
[15:50:49] [main/DEBUG] (cpw.mods.modlauncher.LaunchPluginHandler) LaunchPluginService {AFTER=[org.spongepowered.asm.launch.MixinLaunchPlugin@7ce85af2, net.neoforged.fml.common.asm.RuntimeDistCleaner@41b13f3d]}
[15:50:49] [main/DEBUG] (cpw.mods.modlauncher.LaunchPluginHandler) Final flags state for org.spongepowered.include.com.google.common.collect.Lists$TransformingRandomAccessList$1 is 0
[15:50:49] [main/DEBUG] (cpw.mods.modlauncher.LaunchPluginHandler) LauncherPluginService mixin offering transform org.spongepowered.include.com.google.common.collect.Lists$TransformingRandomAccessList$1
[15:50:49] [main/DEBUG] (cpw.mods.modlauncher.LaunchPluginHandler) LauncherPluginService runtimedistcleaner offering transform org.spongepowered.include.com.google.common.collect.Lists$TransformingRandomAccessList$1
[15:50:49] [main/DEBUG] (cpw.mods.modlauncher.LaunchPluginHandler) Final flags state for org.spongepowered.include.com.google.common.collect.Lists$TransformingRandomAccessList$1 is 0
[15:50:49] [main/DEBUG] (cpw.mods.modlauncher.LaunchPluginHandler) LaunchPluginService {AFTER=[org.spongepowered.asm.launch.MixinLaunchPlugin@7ce85af2, net.neoforged.fml.common.asm.RuntimeDistCleaner@41b13f3d]}
[15:50:49] [main/DEBUG] (cpw.mods.modlauncher.LaunchPluginHandler) Final flags state for org.spongepowered.include.com.google.common.collect.TransformedListIterator is 0
[15:50:49] [main/DEBUG] (cpw.mods.modlauncher.LaunchPluginHandler) LauncherPluginService mixin offering transform org.spongepowered.include.com.google.common.collect.TransformedListIterator
[15:50:49] [main/DEBUG] (cpw.mods.modlauncher.LaunchPluginHandler) LauncherPluginService runtimedistcleaner offering transform org.spongepowered.include.com.google.common.collect.TransformedListIterator
[15:50:49] [main/DEBUG] (cpw.mods.modlauncher.LaunchPluginHandler) Final flags state for org.spongepowered.include.com.google.common.collect.TransformedListIterator is 0
[15:50:49] [main/DEBUG] (cpw.mods.modlauncher.LaunchPluginHandler) LaunchPluginService {AFTER=[org.spongepowered.asm.launch.MixinLaunchPlugin@7ce85af2, net.neoforged.fml.common.asm.RuntimeDistCleaner@41b13f3d]}
[15:50:49] [main/DEBUG] (cpw.mods.modlauncher.LaunchPluginHandler) Final flags state for org.spongepowered.include.com.google.common.collect.TransformedIterator is 0
[15:50:49] [main/DEBUG] (cpw.mods.modlauncher.LaunchPluginHandler) LauncherPluginService mixin offering transform org.spongepowered.include.com.google.common.collect.TransformedIterator
[15:50:49] [main/DEBUG] (cpw.mods.modlauncher.LaunchPluginHandler) LauncherPluginService runtimedistcleaner offering transform org.spongepowered.include.com.google.common.collect.TransformedIterator
[15:50:49] [main/DEBUG] (cpw.mods.modlauncher.LaunchPluginHandler) Final flags state for org.spongepowered.include.com.google.common.collect.TransformedIterator is 0
[15:50:49] [main/DEBUG] (cpw.mods.modlauncher.LaunchPluginHandler) LaunchPluginService {AFTER=[org.spongepowered.asm.launch.MixinLaunchPlugin@7ce85af2, net.neoforged.fml.common.asm.RuntimeDistCleaner@41b13f3d]}
[15:50:49] [main/DEBUG] (cpw.mods.modlauncher.LaunchPluginHandler) Final flags state for org.spongepowered.asm.mixin.transformer.MixinConfig$1 is 0
[15:50:49] [main/DEBUG] (cpw.mods.modlauncher.LaunchPluginHandler) LauncherPluginService mixin offering transform org.spongepowered.asm.mixin.transformer.MixinConfig$1
[15:50:49] [main/DEBUG] (cpw.mods.modlauncher.LaunchPluginHandler) LauncherPluginService runtimedistcleaner offering transform org.spongepowered.asm.mixin.transformer.MixinConfig$1
[15:50:49] [main/DEBUG] (cpw.mods.modlauncher.LaunchPluginHandler) Final flags state for org.spongepowered.asm.mixin.transformer.MixinConfig$1 is 0
[15:50:49] [main/DEBUG] (mixin) Preparing neoforge.mixins.json (2)
[15:50:49] [main/DEBUG] (cpw.mods.modlauncher.LaunchPluginHandler) LaunchPluginService {AFTER=[net.neoforged.fml.common.asm.RuntimeDistCleaner@41b13f3d]}
[15:50:49] [main/DEBUG] (cpw.mods.modlauncher.LaunchPluginHandler) Final flags state for net.neoforged.neoforge.mixins.BlockEntityTypeAccessor is 0
[15:50:49] [main/DEBUG] (cpw.mods.modlauncher.LaunchPluginHandler) LauncherPluginService runtimedistcleaner offering transform net.neoforged.neoforge.mixins.BlockEntityTypeAccessor
[15:50:49] [main/DEBUG] (cpw.mods.modlauncher.LaunchPluginHandler) Final flags state for net.neoforged.neoforge.mixins.BlockEntityTypeAccessor is 0
[15:50:49] [main/DEBUG] (cpw.mods.modlauncher.LaunchPluginHandler) LaunchPluginService {AFTER=[org.spongepowered.asm.launch.MixinLaunchPlugin@7ce85af2, net.neoforged.fml.common.asm.RuntimeDistCleaner@41b13f3d]}
[15:50:49] [main/DEBUG] (cpw.mods.modlauncher.LaunchPluginHandler) Final flags state for org.spongepowered.asm.mixin.transformer.MixinPreProcessorStandard is 0
[15:50:49] [main/DEBUG] (cpw.mods.modlauncher.LaunchPluginHandler) LauncherPluginService mixin offering transform org.spongepowered.asm.mixin.transformer.MixinPreProcessorStandard
[15:50:49] [main/DEBUG] (cpw.mods.modlauncher.LaunchPluginHandler) LauncherPluginService runtimedistcleaner offering transform org.spongepowered.asm.mixin.transformer.MixinPreProcessorStandard
[15:50:49] [main/DEBUG] (cpw.mods.modlauncher.LaunchPluginHandler) Final flags state for org.spongepowered.asm.mixin.transformer.MixinPreProcessorStandard is 0
[15:50:49] [main/DEBUG] (cpw.mods.modlauncher.LaunchPluginHandler) LaunchPluginService {AFTER=[org.spongepowered.asm.launch.MixinLaunchPlugin@7ce85af2, net.neoforged.fml.common.asm.RuntimeDistCleaner@41b13f3d]}
[15:50:49] [main/DEBUG] (cpw.mods.modlauncher.LaunchPluginHandler) Final flags state for org.spongepowered.asm.mixin.transformer.MixinPreProcessorAccessor is 0
[15:50:49] [main/DEBUG] (cpw.mods.modlauncher.LaunchPluginHandler) LauncherPluginService mixin offering transform org.spongepowered.asm.mixin.transformer.MixinPreProcessorAccessor
[15:50:49] [main/DEBUG] (cpw.mods.modlauncher.LaunchPluginHandler) LauncherPluginService runtimedistcleaner offering transform org.spongepowered.asm.mixin.transformer.MixinPreProcessorAccessor
[15:50:49] [main/DEBUG] (cpw.mods.modlauncher.LaunchPluginHandler) Final flags state for org.spongepowered.asm.mixin.transformer.MixinPreProcessorAccessor is 0
[15:50:49] [main/DEBUG] (cpw.mods.modlauncher.LaunchPluginHandler) LaunchPluginService {AFTER=[org.spongepowered.asm.launch.MixinLaunchPlugin@7ce85af2, net.neoforged.fml.common.asm.RuntimeDistCleaner@41b13f3d]}
[15:50:49] [main/DEBUG] (cpw.mods.modlauncher.LaunchPluginHandler) Final flags state for org.spongepowered.asm.mixin.transformer.MixinPreProcessorInterface is 0
[15:50:49] [main/DEBUG] (cpw.mods.modlauncher.LaunchPluginHandler) LauncherPluginService mixin offering transform org.spongepowered.asm.mixin.transformer.MixinPreProcessorInterface
[15:50:49] [main/DEBUG] (cpw.mods.modlauncher.LaunchPluginHandler) LauncherPluginService runtimedistcleaner offering transform org.spongepowered.asm.mixin.transformer.MixinPreProcessorInterface
[15:50:49] [main/DEBUG] (cpw.mods.modlauncher.LaunchPluginHandler) Final flags state for org.spongepowered.asm.mixin.transformer.MixinPreProcessorInterface is 0
[15:50:49] [main/DEBUG] (cpw.mods.modlauncher.LaunchPluginHandler) LaunchPluginService {AFTER=[net.neoforged.fml.common.asm.RuntimeDistCleaner@41b13f3d]}
[15:50:49] [main/DEBUG] (cpw.mods.modlauncher.LaunchPluginHandler) Final flags state for net.neoforged.neoforge.mixins.MappedRegistryAccessor is 0
[15:50:49] [main/DEBUG] (cpw.mods.modlauncher.LaunchPluginHandler) LauncherPluginService runtimedistcleaner offering transform net.neoforged.neoforge.mixins.MappedRegistryAccessor
[15:50:49] [main/DEBUG] (cpw.mods.modlauncher.LaunchPluginHandler) Final flags state for net.neoforged.neoforge.mixins.MappedRegistryAccessor is 0
[15:50:49] [main/DEBUG] (cpw.mods.modlauncher.LaunchPluginHandler) LaunchPluginService {BEFORE=[net.neoforged.accesstransformer.ml.AccessTransformerService@52ea0269], AFTER=[juuxel.unprotect.modlauncher.UnprotectLaunchPlugin@32d418a9, net.neoforged.fml.common.asm.RuntimeDistCleaner@41b13f3d]}
[15:50:49] [main/DEBUG] (cpw.mods.modlauncher.LaunchPluginHandler) LauncherPluginService accesstransformer offering transform net.minecraft.world.level.block.entity.BlockEntityType
[15:50:49] [main/DEBUG] (net.neoforged.accesstransformer.AccessTransformer) Transforming net.minecraft.world.level.block.entity.BlockEntityType INNERCLASS BlockEntitySupplier to access PUBLIC and LEAVE
[15:50:49] [main/DEBUG] (cpw.mods.modlauncher.LaunchPluginHandler) LauncherPluginService accesstransformer transformed net.minecraft.world.level.block.entity.BlockEntityType with class compute flags 256
[15:50:49] [main/DEBUG] (cpw.mods.modlauncher.LaunchPluginHandler) Final flags state for net.minecraft.world.level.block.entity.BlockEntityType is 256
[15:50:49] [main/DEBUG] (cpw.mods.modlauncher.LaunchPluginHandler) LauncherPluginService unprotect offering transform net.minecraft.world.level.block.entity.BlockEntityType
[15:50:49] [main/DEBUG] (cpw.mods.modlauncher.LaunchPluginHandler) LauncherPluginService unprotect transformed net.minecraft.world.level.block.entity.BlockEntityType with class compute flags 2
[15:50:49] [main/DEBUG] (cpw.mods.modlauncher.LaunchPluginHandler) LauncherPluginService runtimedistcleaner offering transform net.minecraft.world.level.block.entity.BlockEntityType
[15:50:49] [main/DEBUG] (cpw.mods.modlauncher.LaunchPluginHandler) Final flags state for net.minecraft.world.level.block.entity.BlockEntityType is 2
[15:50:49] [main/DEBUG] (cpw.mods.modlauncher.LaunchPluginHandler) LaunchPluginService {AFTER=[org.spongepowered.asm.launch.MixinLaunchPlugin@7ce85af2, net.neoforged.fml.common.asm.RuntimeDistCleaner@41b13f3d]}
[15:50:49] [main/DEBUG] (cpw.mods.modlauncher.LaunchPluginHandler) Final flags state for cpw.mods.modlauncher.TransformerClassWriter is 0
[15:50:49] [main/DEBUG] (cpw.mods.modlauncher.LaunchPluginHandler) LauncherPluginService mixin offering transform cpw.mods.modlauncher.TransformerClassWriter
[15:50:49] [main/DEBUG] (cpw.mods.modlauncher.LaunchPluginHandler) LauncherPluginService runtimedistcleaner offering transform cpw.mods.modlauncher.TransformerClassWriter
[15:50:49] [main/DEBUG] (cpw.mods.modlauncher.LaunchPluginHandler) Final flags state for cpw.mods.modlauncher.TransformerClassWriter is 0
[15:50:49] [main/DEBUG] (cpw.mods.modlauncher.LaunchPluginHandler) LaunchPluginService {AFTER=[org.spongepowered.asm.launch.MixinLaunchPlugin@7ce85af2, net.neoforged.fml.common.asm.RuntimeDistCleaner@41b13f3d]}
[15:50:49] [main/DEBUG] (cpw.mods.modlauncher.LaunchPluginHandler) Final flags state for cpw.mods.modlauncher.TransformerClassWriter$SuperCollectingVisitor is 0
[15:50:49] [main/DEBUG] (cpw.mods.modlauncher.LaunchPluginHandler) LauncherPluginService mixin offering transform cpw.mods.modlauncher.TransformerClassWriter$SuperCollectingVisitor
[15:50:49] [main/DEBUG] (cpw.mods.modlauncher.LaunchPluginHandler) LauncherPluginService runtimedistcleaner offering transform cpw.mods.modlauncher.TransformerClassWriter$SuperCollectingVisitor
[15:50:49] [main/DEBUG] (cpw.mods.modlauncher.LaunchPluginHandler) Final flags state for cpw.mods.modlauncher.TransformerClassWriter$SuperCollectingVisitor is 0
[15:50:49] [main/DEBUG] (cpw.mods.modlauncher.LaunchPluginHandler) LaunchPluginService {AFTER=[juuxel.unprotect.modlauncher.UnprotectLaunchPlugin@32d418a9, net.neoforged.fml.common.asm.RuntimeDistCleaner@41b13f3d]}
[15:50:49] [main/DEBUG] (cpw.mods.modlauncher.LaunchPluginHandler) Final flags state for net.minecraft.core.MappedRegistry is 0
[15:50:49] [main/DEBUG] (cpw.mods.modlauncher.LaunchPluginHandler) LauncherPluginService unprotect offering transform net.minecraft.core.MappedRegistry
[15:50:49] [main/DEBUG] (cpw.mods.modlauncher.LaunchPluginHandler) LauncherPluginService unprotect transformed net.minecraft.core.MappedRegistry with class compute flags 2
[15:50:49] [main/DEBUG] (cpw.mods.modlauncher.LaunchPluginHandler) LauncherPluginService runtimedistcleaner offering transform net.minecraft.core.MappedRegistry
[15:50:49] [main/DEBUG] (cpw.mods.modlauncher.LaunchPluginHandler) Final flags state for net.minecraft.core.MappedRegistry is 2
[15:50:49] [main/DEBUG] (cpw.mods.modlauncher.LaunchPluginHandler) LaunchPluginService {AFTER=[org.spongepowered.asm.launch.MixinLaunchPlugin@7ce85af2, net.neoforged.fml.common.asm.RuntimeDistCleaner@41b13f3d]}
[15:50:49] [main/DEBUG] (cpw.mods.modlauncher.LaunchPluginHandler) Final flags state for net.neoforged.neoforge.registries.BaseMappedRegistry is 0
[15:50:49] [main/DEBUG] (cpw.mods.modlauncher.LaunchPluginHandler) LauncherPluginService mixin offering transform net.neoforged.neoforge.registries.BaseMappedRegistry
[15:50:49] [main/DEBUG] (cpw.mods.modlauncher.LaunchPluginHandler) LauncherPluginService runtimedistcleaner offering transform net.neoforged.neoforge.registries.BaseMappedRegistry
[15:50:49] [main/DEBUG] (cpw.mods.modlauncher.LaunchPluginHandler) Final flags state for net.neoforged.neoforge.registries.BaseMappedRegistry is 0
[15:50:49] [main/DEBUG] (cpw.mods.modlauncher.LaunchPluginHandler) LaunchPluginService {AFTER=[org.spongepowered.asm.launch.MixinLaunchPlugin@7ce85af2, juuxel.unprotect.modlauncher.UnprotectLaunchPlugin@32d418a9, net.neoforged.fml.common.asm.RuntimeDistCleaner@41b13f3d]}
[15:50:49] [main/DEBUG] (cpw.mods.modlauncher.LaunchPluginHandler) Final flags state for net.minecraft.core.Registry is 0
[15:50:49] [main/DEBUG] (cpw.mods.modlauncher.LaunchPluginHandler) LauncherPluginService mixin offering transform net.minecraft.core.Registry
[15:50:49] [main/DEBUG] (cpw.mods.modlauncher.LaunchPluginHandler) LauncherPluginService unprotect offering transform net.minecraft.core.Registry
[15:50:49] [main/DEBUG] (cpw.mods.modlauncher.LaunchPluginHandler) LauncherPluginService unprotect transformed net.minecraft.core.Registry with class compute flags 2
[15:50:49] [main/DEBUG] (cpw.mods.modlauncher.LaunchPluginHandler) LauncherPluginService runtimedistcleaner offering transform net.minecraft.core.Registry
[15:50:49] [main/DEBUG] (cpw.mods.modlauncher.LaunchPluginHandler) Final flags state for net.minecraft.core.Registry is 2
[15:50:49] [main/DEBUG] (cpw.mods.modlauncher.LaunchPluginHandler) LaunchPluginService {AFTER=[org.spongepowered.asm.launch.MixinLaunchPlugin@7ce85af2, net.neoforged.fml.common.asm.RuntimeDistCleaner@41b13f3d]}
[15:50:49] [main/DEBUG] (cpw.mods.modlauncher.LaunchPluginHandler) Final flags state for com.mojang.serialization.Keyable is 0
[15:50:49] [main/DEBUG] (cpw.mods.modlauncher.LaunchPluginHandler) LauncherPluginService mixin offering transform com.mojang.serialization.Keyable
[15:50:49] [main/DEBUG] (cpw.mods.modlauncher.LaunchPluginHandler) LauncherPluginService runtimedistcleaner offering transform com.mojang.serialization.Keyable
[15:50:49] [main/DEBUG] (cpw.mods.modlauncher.LaunchPluginHandler) Final flags state for com.mojang.serialization.Keyable is 0
[15:50:49] [main/DEBUG] (cpw.mods.modlauncher.LaunchPluginHandler) LaunchPluginService {AFTER=[org.spongepowered.asm.launch.MixinLaunchPlugin@7ce85af2, juuxel.unprotect.modlauncher.UnprotectLaunchPlugin@32d418a9, net.neoforged.fml.common.asm.RuntimeDistCleaner@41b13f3d]}
[15:50:49] [main/DEBUG] (cpw.mods.modlauncher.LaunchPluginHandler) Final flags state for net.minecraft.core.IdMap is 0
[15:50:49] [main/DEBUG] (cpw.mods.modlauncher.LaunchPluginHandler) LauncherPluginService mixin offering transform net.minecraft.core.IdMap
[15:50:49] [main/DEBUG] (cpw.mods.modlauncher.LaunchPluginHandler) LauncherPluginService unprotect offering transform net.minecraft.core.IdMap
[15:50:49] [main/DEBUG] (cpw.mods.modlauncher.LaunchPluginHandler) LauncherPluginService runtimedistcleaner offering transform net.minecraft.core.IdMap
[15:50:49] [main/DEBUG] (cpw.mods.modlauncher.LaunchPluginHandler) Final flags state for net.minecraft.core.IdMap is 0
[15:50:49] [main/DEBUG] (cpw.mods.modlauncher.LaunchPluginHandler) LaunchPluginService {AFTER=[org.spongepowered.asm.launch.MixinLaunchPlugin@7ce85af2, net.neoforged.fml.common.asm.RuntimeDistCleaner@41b13f3d]}
[15:50:49] [main/DEBUG] (cpw.mods.modlauncher.LaunchPluginHandler) Final flags state for java.lang.Iterable is 0
[15:50:49] [main/DEBUG] (cpw.mods.modlauncher.LaunchPluginHandler) LauncherPluginService mixin offering transform java.lang.Iterable
[15:50:49] [main/DEBUG] (cpw.mods.modlauncher.LaunchPluginHandler) LauncherPluginService runtimedistcleaner offering transform java.lang.Iterable
[15:50:49] [main/DEBUG] (cpw.mods.modlauncher.LaunchPluginHandler) Final flags state for java.lang.Iterable is 0
[15:50:49] [main/DEBUG] (cpw.mods.modlauncher.LaunchPluginHandler) LaunchPluginService {AFTER=[org.spongepowered.asm.launch.MixinLaunchPlugin@7ce85af2, net.neoforged.fml.common.asm.RuntimeDistCleaner@41b13f3d]}
[15:50:49] [main/DEBUG] (cpw.mods.modlauncher.LaunchPluginHandler) Final flags state for net.neoforged.neoforge.registries.IRegistryExtension is 0
[15:50:49] [main/DEBUG] (cpw.mods.modlauncher.LaunchPluginHandler) LauncherPluginService mixin offering transform net.neoforged.neoforge.registries.IRegistryExtension
[15:50:49] [main/DEBUG] (cpw.mods.modlauncher.LaunchPluginHandler) LauncherPluginService runtimedistcleaner offering transform net.neoforged.neoforge.registries.IRegistryExtension
[15:50:49] [main/DEBUG] (cpw.mods.modlauncher.LaunchPluginHandler) Final flags state for net.neoforged.neoforge.registries.IRegistryExtension is 0
[15:50:49] [main/DEBUG] (cpw.mods.modlauncher.LaunchPluginHandler) LaunchPluginService {AFTER=[org.spongepowered.asm.launch.MixinLaunchPlugin@7ce85af2, juuxel.unprotect.modlauncher.UnprotectLaunchPlugin@32d418a9, net.neoforged.fml.common.asm.RuntimeDistCleaner@41b13f3d]}
[15:50:49] [main/DEBUG] (cpw.mods.modlauncher.LaunchPluginHandler) Final flags state for net.minecraft.core.WritableRegistry is 0
[15:50:49] [main/DEBUG] (cpw.mods.modlauncher.LaunchPluginHandler) LauncherPluginService mixin offering transform net.minecraft.core.WritableRegistry
[15:50:49] [main/DEBUG] (cpw.mods.modlauncher.LaunchPluginHandler) LauncherPluginService unprotect offering transform net.minecraft.core.WritableRegistry
[15:50:49] [main/DEBUG] (cpw.mods.modlauncher.LaunchPluginHandler) LauncherPluginService runtimedistcleaner offering transform net.minecraft.core.WritableRegistry
[15:50:49] [main/DEBUG] (cpw.mods.modlauncher.LaunchPluginHandler) Final flags state for net.minecraft.core.WritableRegistry is 0
[15:50:49] [main/DEBUG] (cpw.mods.modlauncher.LaunchPluginHandler) LaunchPluginService {AFTER=[org.spongepowered.asm.launch.MixinLaunchPlugin@7ce85af2, juuxel.unprotect.modlauncher.UnprotectLaunchPlugin@32d418a9, net.neoforged.fml.common.asm.RuntimeDistCleaner@41b13f3d]}
[15:50:49] [main/DEBUG] (cpw.mods.modlauncher.LaunchPluginHandler) Final flags state for net.minecraft.core.Holder is 0
[15:50:49] [main/DEBUG] (cpw.mods.modlauncher.LaunchPluginHandler) LauncherPluginService mixin offering transform net.minecraft.core.Holder
[15:50:49] [main/DEBUG] (cpw.mods.modlauncher.LaunchPluginHandler) LauncherPluginService unprotect offering transform net.minecraft.core.Holder
[15:50:49] [main/DEBUG] (cpw.mods.modlauncher.LaunchPluginHandler) LauncherPluginService unprotect transformed net.minecraft.core.Holder with class compute flags 2
[15:50:49] [main/DEBUG] (cpw.mods.modlauncher.LaunchPluginHandler) LauncherPluginService runtimedistcleaner offering transform net.minecraft.core.Holder
[15:50:49] [main/DEBUG] (cpw.mods.modlauncher.LaunchPluginHandler) Final flags state for net.minecraft.core.Holder is 2
[15:50:49] [main/DEBUG] (cpw.mods.modlauncher.LaunchPluginHandler) LaunchPluginService {AFTER=[org.spongepowered.asm.launch.MixinLaunchPlugin@7ce85af2, net.neoforged.fml.common.asm.RuntimeDistCleaner@41b13f3d]}
[15:50:49] [main/DEBUG] (cpw.mods.modlauncher.LaunchPluginHandler) Final flags state for net.neoforged.neoforge.common.extensions.IHolderExtension is 0
[15:50:49] [main/DEBUG] (cpw.mods.modlauncher.LaunchPluginHandler) LauncherPluginService mixin offering transform net.neoforged.neoforge.common.extensions.IHolderExtension
[15:50:49] [main/DEBUG] (cpw.mods.modlauncher.LaunchPluginHandler) LauncherPluginService runtimedistcleaner offering transform net.neoforged.neoforge.common.extensions.IHolderExtension
[15:50:49] [main/DEBUG] (cpw.mods.modlauncher.LaunchPluginHandler) Final flags state for net.neoforged.neoforge.common.extensions.IHolderExtension is 0
[15:50:49] [main/DEBUG] (cpw.mods.modlauncher.LaunchPluginHandler) LaunchPluginService {AFTER=[org.spongepowered.asm.launch.MixinLaunchPlugin@7ce85af2, net.neoforged.fml.common.asm.RuntimeDistCleaner@41b13f3d]}
[15:50:49] [main/DEBUG] (cpw.mods.modlauncher.LaunchPluginHandler) Final flags state for net.neoforged.neoforge.registries.datamaps.IWithData is 0
[15:50:49] [main/DEBUG] (cpw.mods.modlauncher.LaunchPluginHandler) LauncherPluginService mixin offering transform net.neoforged.neoforge.registries.datamaps.IWithData
[15:50:49] [main/DEBUG] (cpw.mods.modlauncher.LaunchPluginHandler) LauncherPluginService runtimedistcleaner offering transform net.neoforged.neoforge.registries.datamaps.IWithData
[15:50:49] [main/DEBUG] (cpw.mods.modlauncher.LaunchPluginHandler) Final flags state for net.neoforged.neoforge.registries.datamaps.IWithData is 0
[15:50:49] [main/DEBUG] (cpw.mods.modlauncher.LaunchPluginHandler) LaunchPluginService {AFTER=[org.spongepowered.asm.launch.MixinLaunchPlugin@7ce85af2, juuxel.unprotect.modlauncher.UnprotectLaunchPlugin@32d418a9, net.neoforged.fml.common.asm.RuntimeDistCleaner@41b13f3d]}
[15:50:49] [main/DEBUG] (cpw.mods.modlauncher.LaunchPluginHandler) Final flags state for net.minecraft.core.Holder$Reference is 0
[15:50:49] [main/DEBUG] (cpw.mods.modlauncher.LaunchPluginHandler) LauncherPluginService mixin offering transform net.minecraft.core.Holder$Reference
[15:50:49] [main/DEBUG] (cpw.mods.modlauncher.LaunchPluginHandler) LauncherPluginService unprotect offering transform net.minecraft.core.Holder$Reference
[15:50:49] [main/DEBUG] (cpw.mods.modlauncher.LaunchPluginHandler) LauncherPluginService unprotect transformed net.minecraft.core.Holder$Reference with class compute flags 2
[15:50:49] [main/DEBUG] (cpw.mods.modlauncher.LaunchPluginHandler) LauncherPluginService runtimedistcleaner offering transform net.minecraft.core.Holder$Reference
[15:50:49] [main/DEBUG] (cpw.mods.modlauncher.LaunchPluginHandler) Final flags state for net.minecraft.core.Holder$Reference is 2
[15:50:50] [main/DEBUG] (mixin) Preparing mixinextras.init.mixins.json (0)
[15:50:50] [main/DEBUG] (cpw.mods.modlauncher.LaunchPluginHandler) LaunchPluginService {AFTER=[org.spongepowered.asm.launch.MixinLaunchPlugin@7ce85af2, net.neoforged.fml.common.asm.RuntimeDistCleaner@41b13f3d]}
[15:50:50] [main/DEBUG] (cpw.mods.modlauncher.LaunchPluginHandler) Final flags state for org.spongepowered.asm.mixin.transformer.throwables.MixinPreProcessorException is 0
[15:50:50] [main/DEBUG] (cpw.mods.modlauncher.LaunchPluginHandler) LauncherPluginService mixin offering transform org.spongepowered.asm.mixin.transformer.throwables.MixinPreProcessorException
[15:50:50] [main/DEBUG] (cpw.mods.modlauncher.LaunchPluginHandler) LauncherPluginService runtimedistcleaner offering transform org.spongepowered.asm.mixin.transformer.throwables.MixinPreProcessorException
[15:50:50] [main/DEBUG] (cpw.mods.modlauncher.LaunchPluginHandler) Final flags state for org.spongepowered.asm.mixin.transformer.throwables.MixinPreProcessorException is 0
[15:50:50] [main/DEBUG] (cpw.mods.modlauncher.LaunchPluginHandler) LaunchPluginService {AFTER=[org.spongepowered.asm.launch.MixinLaunchPlugin@7ce85af2, net.neoforged.fml.common.asm.RuntimeDistCleaner@41b13f3d]}
[15:50:50] [main/DEBUG] (cpw.mods.modlauncher.LaunchPluginHandler) Final flags state for org.spongepowered.asm.mixin.gen.throwables.InvalidAccessorException is 0
[15:50:50] [main/DEBUG] (cpw.mods.modlauncher.LaunchPluginHandler) LauncherPluginService mixin offering transform org.spongepowered.asm.mixin.gen.throwables.InvalidAccessorException
[15:50:50] [main/DEBUG] (cpw.mods.modlauncher.LaunchPluginHandler) LauncherPluginService runtimedistcleaner offering transform org.spongepowered.asm.mixin.gen.throwables.InvalidAccessorException
[15:50:50] [main/DEBUG] (cpw.mods.modlauncher.LaunchPluginHandler) Final flags state for org.spongepowered.asm.mixin.gen.throwables.InvalidAccessorException is 0
[15:50:50] [main/DEBUG] (cpw.mods.modlauncher.LaunchPluginHandler) LaunchPluginService {AFTER=[org.spongepowered.asm.launch.MixinLaunchPlugin@7ce85af2, net.neoforged.fml.common.asm.RuntimeDistCleaner@41b13f3d]}
[15:50:50] [main/DEBUG] (cpw.mods.modlauncher.LaunchPluginHandler) Final flags state for org.spongepowered.asm.mixin.struct.MemberRef$Handle is 0
[15:50:50] [main/DEBUG] (cpw.mods.modlauncher.LaunchPluginHandler) LauncherPluginService mixin offering transform org.spongepowered.asm.mixin.struct.MemberRef$Handle
[15:50:50] [main/DEBUG] (cpw.mods.modlauncher.LaunchPluginHandler) LauncherPluginService runtimedistcleaner offering transform org.spongepowered.asm.mixin.struct.MemberRef$Handle
[15:50:50] [main/DEBUG] (cpw.mods.modlauncher.LaunchPluginHandler) Final flags state for org.spongepowered.asm.mixin.struct.MemberRef$Handle is 0
[15:50:50] [main/DEBUG] (cpw.mods.modlauncher.LaunchPluginHandler) LaunchPluginService {AFTER=[org.spongepowered.asm.launch.MixinLaunchPlugin@7ce85af2, net.neoforged.fml.common.asm.RuntimeDistCleaner@41b13f3d]}
[15:50:50] [main/DEBUG] (cpw.mods.modlauncher.LaunchPluginHandler) Final flags state for org.spongepowered.asm.mixin.struct.MemberRef$Field is 0
[15:50:50] [main/DEBUG] (cpw.mods.modlauncher.LaunchPluginHandler) LauncherPluginService mixin offering transform org.spongepowered.asm.mixin.struct.MemberRef$Field
[15:50:50] [main/DEBUG] (cpw.mods.modlauncher.LaunchPluginHandler) LauncherPluginService runtimedistcleaner offering transform org.spongepowered.asm.mixin.struct.MemberRef$Field
[15:50:50] [main/DEBUG] (cpw.mods.modlauncher.LaunchPluginHandler) Final flags state for org.spongepowered.asm.mixin.struct.MemberRef$Field is 0
[15:50:50] [main/DEBUG] (cpw.mods.modlauncher.LaunchPluginHandler) LaunchPluginService {AFTER=[org.spongepowered.asm.launch.MixinLaunchPlugin@7ce85af2, net.neoforged.fml.common.asm.RuntimeDistCleaner@41b13f3d]}
[15:50:50] [main/DEBUG] (cpw.mods.modlauncher.LaunchPluginHandler) Final flags state for org.spongepowered.asm.mixin.extensibility.IActivityContext$IActivity is 0
[15:50:50] [main/DEBUG] (cpw.mods.modlauncher.LaunchPluginHandler) LauncherPluginService mixin offering transform org.spongepowered.asm.mixin.extensibility.IActivityContext$IActivity
[15:50:50] [main/DEBUG] (cpw.mods.modlauncher.LaunchPluginHandler) LauncherPluginService runtimedistcleaner offering transform org.spongepowered.asm.mixin.extensibility.IActivityContext$IActivity
[15:50:50] [main/DEBUG] (cpw.mods.modlauncher.LaunchPluginHandler) Final flags state for org.spongepowered.asm.mixin.extensibility.IActivityContext$IActivity is 0
[15:50:50] [main/DEBUG] (cpw.mods.modlauncher.LaunchPluginHandler) LaunchPluginService {AFTER=[org.spongepowered.asm.launch.MixinLaunchPlugin@7ce85af2, net.neoforged.fml.common.asm.RuntimeDistCleaner@41b13f3d]}
[15:50:50] [main/DEBUG] (cpw.mods.modlauncher.LaunchPluginHandler) Final flags state for org.spongepowered.asm.mixin.transformer.ActivityStack$Activity is 0
[15:50:50] [main/DEBUG] (cpw.mods.modlauncher.LaunchPluginHandler) LauncherPluginService mixin offering transform org.spongepowered.asm.mixin.transformer.ActivityStack$Activity
[15:50:50] [main/DEBUG] (cpw.mods.modlauncher.LaunchPluginHandler) LauncherPluginService runtimedistcleaner offering transform org.spongepowered.asm.mixin.transformer.ActivityStack$Activity
[15:50:50] [main/DEBUG] (cpw.mods.modlauncher.LaunchPluginHandler) Final flags state for org.spongepowered.asm.mixin.transformer.ActivityStack$Activity is 0
[15:50:50] [main/DEBUG] (cpw.mods.modlauncher.LaunchPluginHandler) LaunchPluginService {AFTER=[org.spongepowered.asm.launch.MixinLaunchPlugin@7ce85af2, net.neoforged.fml.common.asm.RuntimeDistCleaner@41b13f3d]}
[15:50:50] [main/DEBUG] (cpw.mods.modlauncher.LaunchPluginHandler) Final flags state for org.spongepowered.asm.mixin.injection.Surrogate is 0
[15:50:50] [main/DEBUG] (cpw.mods.modlauncher.LaunchPluginHandler) LauncherPluginService mixin offering transform org.spongepowered.asm.mixin.injection.Surrogate
[15:50:50] [main/DEBUG] (cpw.mods.modlauncher.LaunchPluginHandler) LauncherPluginService runtimedistcleaner offering transform org.spongepowered.asm.mixin.injection.Surrogate
[15:50:50] [main/DEBUG] (cpw.mods.modlauncher.LaunchPluginHandler) Final flags state for org.spongepowered.asm.mixin.injection.Surrogate is 0
[15:50:50] [main/DEBUG] (cpw.mods.modlauncher.LaunchPluginHandler) LaunchPluginService {AFTER=[org.spongepowered.asm.launch.MixinLaunchPlugin@7ce85af2, net.neoforged.fml.common.asm.RuntimeDistCleaner@41b13f3d]}
[15:50:50] [main/DEBUG] (cpw.mods.modlauncher.LaunchPluginHandler) Final flags state for org.spongepowered.asm.util.LanguageFeatures is 0
[15:50:50] [main/DEBUG] (cpw.mods.modlauncher.LaunchPluginHandler) LauncherPluginService mixin offering transform org.spongepowered.asm.util.LanguageFeatures
[15:50:50] [main/DEBUG] (cpw.mods.modlauncher.LaunchPluginHandler) LauncherPluginService runtimedistcleaner offering transform org.spongepowered.asm.util.LanguageFeatures
[15:50:50] [main/DEBUG] (cpw.mods.modlauncher.LaunchPluginHandler) Final flags state for org.spongepowered.asm.util.LanguageFeatures is 0
[15:50:50] [main/DEBUG] (cpw.mods.modlauncher.LaunchPluginHandler) LaunchPluginService {AFTER=[org.spongepowered.asm.launch.MixinLaunchPlugin@7ce85af2, net.neoforged.fml.common.asm.RuntimeDistCleaner@41b13f3d]}
[15:50:50] [main/DEBUG] (cpw.mods.modlauncher.LaunchPluginHandler) Final flags state for org.spongepowered.asm.mixin.Implements is 0
[15:50:50] [main/DEBUG] (cpw.mods.modlauncher.LaunchPluginHandler) LauncherPluginService mixin offering transform org.spongepowered.asm.mixin.Implements
[15:50:50] [main/DEBUG] (cpw.mods.modlauncher.LaunchPluginHandler) LauncherPluginService runtimedistcleaner offering transform org.spongepowered.asm.mixin.Implements
[15:50:50] [main/DEBUG] (cpw.mods.modlauncher.LaunchPluginHandler) Final flags state for org.spongepowered.asm.mixin.Implements is 0
[15:50:50] [main/DEBUG] (cpw.mods.modlauncher.LaunchPluginHandler) LaunchPluginService {AFTER=[org.spongepowered.asm.launch.MixinLaunchPlugin@7ce85af2, net.neoforged.fml.common.asm.RuntimeDistCleaner@41b13f3d]}
[15:50:50] [main/DEBUG] (cpw.mods.modlauncher.LaunchPluginHandler) Final flags state for org.spongepowered.asm.mixin.transformer.throwables.InvalidInterfaceMixinException is 0
[15:50:50] [main/DEBUG] (cpw.mods.modlauncher.LaunchPluginHandler) LauncherPluginService mixin offering transform org.spongepowered.asm.mixin.transformer.throwables.InvalidInterfaceMixinException
[15:50:50] [main/DEBUG] (cpw.mods.modlauncher.LaunchPluginHandler) LauncherPluginService runtimedistcleaner offering transform org.spongepowered.asm.mixin.transformer.throwables.InvalidInterfaceMixinException
[15:50:50] [main/DEBUG] (cpw.mods.modlauncher.LaunchPluginHandler) Final flags state for org.spongepowered.asm.mixin.transformer.throwables.InvalidInterfaceMixinException is 0
[15:50:50] [main/DEBUG] (cpw.mods.modlauncher.LaunchPluginHandler) LaunchPluginService {AFTER=[org.spongepowered.asm.launch.MixinLaunchPlugin@7ce85af2, net.neoforged.fml.common.asm.RuntimeDistCleaner@41b13f3d]}
[15:50:50] [main/DEBUG] (cpw.mods.modlauncher.LaunchPluginHandler) Final flags state for org.spongepowered.asm.mixin.MixinEnvironment$Feature is 0
[15:50:50] [main/DEBUG] (cpw.mods.modlauncher.LaunchPluginHandler) LauncherPluginService mixin offering transform org.spongepowered.asm.mixin.MixinEnvironment$Feature
[15:50:50] [main/DEBUG] (cpw.mods.modlauncher.LaunchPluginHandler) LauncherPluginService runtimedistcleaner offering transform org.spongepowered.asm.mixin.MixinEnvironment$Feature
[15:50:50] [main/DEBUG] (cpw.mods.modlauncher.LaunchPluginHandler) Final flags state for org.spongepowered.asm.mixin.MixinEnvironment$Feature is 0
[15:50:50] [main/DEBUG] (cpw.mods.modlauncher.LaunchPluginHandler) LaunchPluginService {AFTER=[org.spongepowered.asm.launch.MixinLaunchPlugin@7ce85af2, net.neoforged.fml.common.asm.RuntimeDistCleaner@41b13f3d]}
[15:50:50] [main/DEBUG] (cpw.mods.modlauncher.LaunchPluginHandler) Final flags state for org.spongepowered.asm.mixin.MixinEnvironment$Feature$1 is 0
[15:50:50] [main/DEBUG] (cpw.mods.modlauncher.LaunchPluginHandler) LauncherPluginService mixin offering transform org.spongepowered.asm.mixin.MixinEnvironment$Feature$1
[15:50:50] [main/DEBUG] (cpw.mods.modlauncher.LaunchPluginHandler) LauncherPluginService runtimedistcleaner offering transform org.spongepowered.asm.mixin.MixinEnvironment$Feature$1
[15:50:50] [main/DEBUG] (cpw.mods.modlauncher.LaunchPluginHandler) Final flags state for org.spongepowered.asm.mixin.MixinEnvironment$Feature$1 is 0
[15:50:50] [main/DEBUG] (cpw.mods.modlauncher.LaunchPluginHandler) LaunchPluginService {AFTER=[org.spongepowered.asm.launch.MixinLaunchPlugin@7ce85af2, net.neoforged.fml.common.asm.RuntimeDistCleaner@41b13f3d]}
[15:50:50] [main/DEBUG] (cpw.mods.modlauncher.LaunchPluginHandler) Final flags state for org.spongepowered.asm.util.Bytecode$Visibility is 0
[15:50:50] [main/DEBUG] (cpw.mods.modlauncher.LaunchPluginHandler) LauncherPluginService mixin offering transform org.spongepowered.asm.util.Bytecode$Visibility
[15:50:50] [main/DEBUG] (cpw.mods.modlauncher.LaunchPluginHandler) LauncherPluginService runtimedistcleaner offering transform org.spongepowered.asm.util.Bytecode$Visibility
[15:50:50] [main/DEBUG] (cpw.mods.modlauncher.LaunchPluginHandler) Final flags state for org.spongepowered.asm.util.Bytecode$Visibility is 0
[15:50:50] [main/DEBUG] (mixin) Prepared 3 mixins in 2.360 sec (786.7ms avg) (0ms load, 0ms transform, 0ms plugin)
[15:50:50] [main/DEBUG] (cpw.mods.modlauncher.LaunchPluginHandler) LauncherPluginService runtimedistcleaner offering transform net.neoforged.neoforge.client.loading.NeoForgeLoadingOverlay
[15:50:50] [main/DEBUG] (cpw.mods.modlauncher.LaunchPluginHandler) Final flags state for net.neoforged.neoforge.client.loading.NeoForgeLoadingOverlay is 0
[15:50:50] [main/DEBUG] (cpw.mods.modlauncher.LaunchPluginHandler) LaunchPluginService {AFTER=[org.spongepowered.asm.launch.MixinLaunchPlugin@7ce85af2, juuxel.unprotect.modlauncher.UnprotectLaunchPlugin@32d418a9, net.neoforged.fml.common.asm.RuntimeDistCleaner@41b13f3d]}
[15:50:50] [main/DEBUG] (cpw.mods.modlauncher.LaunchPluginHandler) Final flags state for net.minecraft.client.gui.screens.LoadingOverlay is 0
[15:50:50] [main/DEBUG] (cpw.mods.modlauncher.LaunchPluginHandler) LauncherPluginService mixin offering transform net.minecraft.client.gui.screens.LoadingOverlay
[15:50:50] [main/DEBUG] (cpw.mods.modlauncher.LaunchPluginHandler) LauncherPluginService unprotect offering transform net.minecraft.client.gui.screens.LoadingOverlay
[15:50:50] [main/DEBUG] (cpw.mods.modlauncher.LaunchPluginHandler) LauncherPluginService unprotect transformed net.minecraft.client.gui.screens.LoadingOverlay with class compute flags 2
[15:50:50] [main/DEBUG] (cpw.mods.modlauncher.LaunchPluginHandler) LauncherPluginService runtimedistcleaner offering transform net.minecraft.client.gui.screens.LoadingOverlay
[15:50:50] [main/DEBUG] (net.neoforged.fml.common.asm.RuntimeDistCleaner) Removing Class Annotation: net/minecraft/client/gui/screens/LoadingOverlay @Lnet/neoforged/api/distmarker/OnlyIn;
[15:50:50] [main/DEBUG] (cpw.mods.modlauncher.LaunchPluginHandler) LauncherPluginService runtimedistcleaner transformed net.minecraft.client.gui.screens.LoadingOverlay with class compute flags 256
[15:50:50] [main/DEBUG] (cpw.mods.modlauncher.LaunchPluginHandler) Final flags state for net.minecraft.client.gui.screens.LoadingOverlay is 258
[15:50:50] [main/DEBUG] (cpw.mods.modlauncher.LaunchPluginHandler) LaunchPluginService {AFTER=[org.spongepowered.asm.launch.MixinLaunchPlugin@7ce85af2, juuxel.unprotect.modlauncher.UnprotectLaunchPlugin@32d418a9, net.neoforged.fml.common.asm.RuntimeDistCleaner@41b13f3d]}
[15:50:50] [main/DEBUG] (cpw.mods.modlauncher.LaunchPluginHandler) Final flags state for net.minecraft.client.gui.screens.Overlay is 0
[15:50:50] [main/DEBUG] (cpw.mods.modlauncher.LaunchPluginHandler) LauncherPluginService mixin offering transform net.minecraft.client.gui.screens.Overlay
[15:50:50] [main/DEBUG] (cpw.mods.modlauncher.LaunchPluginHandler) LauncherPluginService unprotect offering transform net.minecraft.client.gui.screens.Overlay
[15:50:50] [main/DEBUG] (cpw.mods.modlauncher.LaunchPluginHandler) LauncherPluginService runtimedistcleaner offering transform net.minecraft.client.gui.screens.Overlay
[15:50:50] [main/DEBUG] (net.neoforged.fml.common.asm.RuntimeDistCleaner) Removing Class Annotation: net/minecraft/client/gui/screens/Overlay @Lnet/neoforged/api/distmarker/OnlyIn;
[15:50:50] [main/DEBUG] (cpw.mods.modlauncher.LaunchPluginHandler) LauncherPluginService runtimedistcleaner transformed net.minecraft.client.gui.screens.Overlay with class compute flags 256
[15:50:50] [main/DEBUG] (cpw.mods.modlauncher.LaunchPluginHandler) Final flags state for net.minecraft.client.gui.screens.Overlay is 256
[15:50:50] [main/DEBUG] (cpw.mods.modlauncher.LaunchPluginHandler) LaunchPluginService {AFTER=[org.spongepowered.asm.launch.MixinLaunchPlugin@7ce85af2, juuxel.unprotect.modlauncher.UnprotectLaunchPlugin@32d418a9, net.neoforged.fml.common.asm.RuntimeDistCleaner@41b13f3d]}
[15:50:50] [main/DEBUG] (cpw.mods.modlauncher.LaunchPluginHandler) Final flags state for net.minecraft.client.gui.components.Renderable is 0
[15:50:50] [main/DEBUG] (cpw.mods.modlauncher.LaunchPluginHandler) LauncherPluginService mixin offering transform net.minecraft.client.gui.components.Renderable
[15:50:50] [main/DEBUG] (cpw.mods.modlauncher.LaunchPluginHandler) LauncherPluginService unprotect offering transform net.minecraft.client.gui.components.Renderable
[15:50:50] [main/DEBUG] (cpw.mods.modlauncher.LaunchPluginHandler) LauncherPluginService runtimedistcleaner offering transform net.minecraft.client.gui.components.Renderable
[15:50:50] [main/DEBUG] (net.neoforged.fml.common.asm.RuntimeDistCleaner) Removing Class Annotation: net/minecraft/client/gui/components/Renderable @Lnet/neoforged/api/distmarker/OnlyIn;
[15:50:50] [main/DEBUG] (cpw.mods.modlauncher.LaunchPluginHandler) LauncherPluginService runtimedistcleaner transformed net.minecraft.client.gui.components.Renderable with class compute flags 256
[15:50:50] [main/DEBUG] (cpw.mods.modlauncher.LaunchPluginHandler) Final flags state for net.minecraft.client.gui.components.Renderable is 256
[15:50:50] [main/DEBUG] (cpw.mods.modlauncher.LaunchPluginHandler) LaunchPluginService {AFTER=[org.spongepowered.asm.launch.MixinLaunchPlugin@7ce85af2, juuxel.unprotect.modlauncher.UnprotectLaunchPlugin@32d418a9, net.neoforged.fml.common.asm.RuntimeDistCleaner@41b13f3d]}
[15:50:50] [main/DEBUG] (cpw.mods.modlauncher.LaunchPluginHandler) Final flags state for net.minecraft.client.renderer.texture.AbstractTexture is 0
[15:50:50] [main/DEBUG] (cpw.mods.modlauncher.LaunchPluginHandler) LauncherPluginService mixin offering transform net.minecraft.client.renderer.texture.AbstractTexture
[15:50:50] [main/DEBUG] (cpw.mods.modlauncher.LaunchPluginHandler) LauncherPluginService unprotect offering transform net.minecraft.client.renderer.texture.AbstractTexture
[15:50:50] [main/DEBUG] (cpw.mods.modlauncher.LaunchPluginHandler) LauncherPluginService unprotect transformed net.minecraft.client.renderer.texture.AbstractTexture with class compute flags 2
[15:50:50] [main/DEBUG] (cpw.mods.modlauncher.LaunchPluginHandler) LauncherPluginService runtimedistcleaner offering transform net.minecraft.client.renderer.texture.AbstractTexture
[15:50:50] [main/DEBUG] (net.neoforged.fml.common.asm.RuntimeDistCleaner) Removing Class Annotation: net/minecraft/client/renderer/texture/AbstractTexture @Lnet/neoforged/api/distmarker/OnlyIn;
[15:50:50] [main/DEBUG] (cpw.mods.modlauncher.LaunchPluginHandler) LauncherPluginService runtimedistcleaner transformed net.minecraft.client.renderer.texture.AbstractTexture with class compute flags 256
[15:50:50] [main/DEBUG] (cpw.mods.modlauncher.LaunchPluginHandler) Final flags state for net.minecraft.client.renderer.texture.AbstractTexture is 258
[15:50:50] [main/DEBUG] (cpw.mods.modlauncher.LaunchPluginHandler) LaunchPluginService {AFTER=[org.spongepowered.asm.launch.MixinLaunchPlugin@7ce85af2, juuxel.unprotect.modlauncher.UnprotectLaunchPlugin@32d418a9, net.neoforged.fml.common.asm.RuntimeDistCleaner@41b13f3d]}
[15:50:50] [main/DEBUG] (cpw.mods.modlauncher.LaunchPluginHandler) Final flags state for net.minecraft.client.gui.screens.LoadingOverlay$LogoTexture is 0
[15:50:50] [main/DEBUG] (cpw.mods.modlauncher.LaunchPluginHandler) LauncherPluginService mixin offering transform net.minecraft.client.gui.screens.LoadingOverlay$LogoTexture
[15:50:50] [main/DEBUG] (cpw.mods.modlauncher.LaunchPluginHandler) LauncherPluginService unprotect offering transform net.minecraft.client.gui.screens.LoadingOverlay$LogoTexture
[15:50:50] [main/DEBUG] (cpw.mods.modlauncher.LaunchPluginHandler) LauncherPluginService unprotect transformed net.minecraft.client.gui.screens.LoadingOverlay$LogoTexture with class compute flags 2
[15:50:50] [main/DEBUG] (cpw.mods.modlauncher.LaunchPluginHandler) LauncherPluginService runtimedistcleaner offering transform net.minecraft.client.gui.screens.LoadingOverlay$LogoTexture
[15:50:50] [main/DEBUG] (net.neoforged.fml.common.asm.RuntimeDistCleaner) Removing Class Annotation: net/minecraft/client/gui/screens/LoadingOverlay$LogoTexture @Lnet/neoforged/api/distmarker/OnlyIn;
[15:50:50] [main/DEBUG] (cpw.mods.modlauncher.LaunchPluginHandler) LauncherPluginService runtimedistcleaner transformed net.minecraft.client.gui.screens.LoadingOverlay$LogoTexture with class compute flags 256
[15:50:50] [main/DEBUG] (cpw.mods.modlauncher.LaunchPluginHandler) Final flags state for net.minecraft.client.gui.screens.LoadingOverlay$LogoTexture is 258
[15:50:50] [main/DEBUG] (cpw.mods.modlauncher.LaunchPluginHandler) LaunchPluginService {AFTER=[org.spongepowered.asm.launch.MixinLaunchPlugin@7ce85af2, juuxel.unprotect.modlauncher.UnprotectLaunchPlugin@32d418a9, net.neoforged.fml.common.asm.RuntimeDistCleaner@41b13f3d]}
[15:50:50] [main/DEBUG] (cpw.mods.modlauncher.LaunchPluginHandler) Final flags state for net.minecraft.client.renderer.texture.SimpleTexture is 0
[15:50:50] [main/DEBUG] (cpw.mods.modlauncher.LaunchPluginHandler) LauncherPluginService mixin offering transform net.minecraft.client.renderer.texture.SimpleTexture
[15:50:50] [main/DEBUG] (cpw.mods.modlauncher.LaunchPluginHandler) LauncherPluginService unprotect offering transform net.minecraft.client.renderer.texture.SimpleTexture
[15:50:50] [main/DEBUG] (cpw.mods.modlauncher.LaunchPluginHandler) LauncherPluginService unprotect transformed net.minecraft.client.renderer.texture.SimpleTexture with class compute flags 2
[15:50:50] [main/DEBUG] (cpw.mods.modlauncher.LaunchPluginHandler) LauncherPluginService runtimedistcleaner offering transform net.minecraft.client.renderer.texture.SimpleTexture
[15:50:50] [main/DEBUG] (net.neoforged.fml.common.asm.RuntimeDistCleaner) Removing Class Annotation: net/minecraft/client/renderer/texture/SimpleTexture @Lnet/neoforged/api/distmarker/OnlyIn;
[15:50:50] [main/DEBUG] (cpw.mods.modlauncher.LaunchPluginHandler) LauncherPluginService runtimedistcleaner transformed net.minecraft.client.renderer.texture.SimpleTexture with class compute flags 256
[15:50:50] [main/DEBUG] (cpw.mods.modlauncher.LaunchPluginHandler) Final flags state for net.minecraft.client.renderer.texture.SimpleTexture is 258
[15:50:50] [main/DEBUG] (cpw.mods.modlauncher.LaunchPluginHandler) LaunchPluginService {AFTER=[org.spongepowered.asm.launch.MixinLaunchPlugin@7ce85af2, juuxel.unprotect.modlauncher.UnprotectLaunchPlugin@32d418a9, net.neoforged.fml.common.asm.RuntimeDistCleaner@41b13f3d]}
[15:50:50] [main/DEBUG] (cpw.mods.modlauncher.LaunchPluginHandler) Final flags state for com.mojang.blaze3d.vertex.VertexConsumer is 0
[15:50:50] [main/DEBUG] (cpw.mods.modlauncher.LaunchPluginHandler) LauncherPluginService mixin offering transform com.mojang.blaze3d.vertex.VertexConsumer
[15:50:50] [main/DEBUG] (cpw.mods.modlauncher.LaunchPluginHandler) LauncherPluginService unprotect offering transform com.mojang.blaze3d.vertex.VertexConsumer
[15:50:50] [main/DEBUG] (cpw.mods.modlauncher.LaunchPluginHandler) LauncherPluginService runtimedistcleaner offering transform com.mojang.blaze3d.vertex.VertexConsumer
[15:50:50] [main/DEBUG] (net.neoforged.fml.common.asm.RuntimeDistCleaner) Removing Class Annotation: com/mojang/blaze3d/vertex/VertexConsumer @Lnet/neoforged/api/distmarker/OnlyIn;
[15:50:50] [main/DEBUG] (cpw.mods.modlauncher.LaunchPluginHandler) LauncherPluginService runtimedistcleaner transformed com.mojang.blaze3d.vertex.VertexConsumer with class compute flags 256
[15:50:50] [main/DEBUG] (cpw.mods.modlauncher.LaunchPluginHandler) Final flags state for com.mojang.blaze3d.vertex.VertexConsumer is 256
[15:50:50] [main/DEBUG] (cpw.mods.modlauncher.LaunchPluginHandler) LaunchPluginService {AFTER=[org.spongepowered.asm.launch.MixinLaunchPlugin@7ce85af2, net.neoforged.fml.common.asm.RuntimeDistCleaner@41b13f3d]}
[15:50:50] [main/DEBUG] (cpw.mods.modlauncher.LaunchPluginHandler) Final flags state for net.neoforged.neoforge.client.extensions.IVertexConsumerExtension is 0
[15:50:50] [main/DEBUG] (cpw.mods.modlauncher.LaunchPluginHandler) LauncherPluginService mixin offering transform net.neoforged.neoforge.client.extensions.IVertexConsumerExtension
[15:50:50] [main/DEBUG] (cpw.mods.modlauncher.LaunchPluginHandler) LauncherPluginService runtimedistcleaner offering transform net.neoforged.neoforge.client.extensions.IVertexConsumerExtension
[15:50:50] [main/DEBUG] (cpw.mods.modlauncher.LaunchPluginHandler) Final flags state for net.neoforged.neoforge.client.extensions.IVertexConsumerExtension is 0
[15:50:50] [main/DEBUG] (cpw.mods.modlauncher.LaunchPluginHandler) LaunchPluginService {AFTER=[org.spongepowered.asm.launch.MixinLaunchPlugin@7ce85af2, juuxel.unprotect.modlauncher.UnprotectLaunchPlugin@32d418a9, net.neoforged.fml.common.asm.RuntimeDistCleaner@41b13f3d]}
[15:50:50] [main/DEBUG] (cpw.mods.modlauncher.LaunchPluginHandler) Final flags state for net.minecraft.client.gui.GuiGraphics is 0
[15:50:50] [main/DEBUG] (cpw.mods.modlauncher.LaunchPluginHandler) LauncherPluginService mixin offering transform net.minecraft.client.gui.GuiGraphics
[15:50:50] [main/DEBUG] (cpw.mods.modlauncher.LaunchPluginHandler) LauncherPluginService unprotect offering transform net.minecraft.client.gui.GuiGraphics
[15:50:50] [main/DEBUG] (cpw.mods.modlauncher.LaunchPluginHandler) LauncherPluginService unprotect transformed net.minecraft.client.gui.GuiGraphics with class compute flags 2
[15:50:50] [main/DEBUG] (cpw.mods.modlauncher.LaunchPluginHandler) LauncherPluginService runtimedistcleaner offering transform net.minecraft.client.gui.GuiGraphics
[15:50:50] [main/DEBUG] (net.neoforged.fml.common.asm.RuntimeDistCleaner) Removing Class Annotation: net/minecraft/client/gui/GuiGraphics @Lnet/neoforged/api/distmarker/OnlyIn;
[15:50:50] [main/DEBUG] (cpw.mods.modlauncher.LaunchPluginHandler) LauncherPluginService runtimedistcleaner transformed net.minecraft.client.gui.GuiGraphics with class compute flags 256
[15:50:50] [main/DEBUG] (cpw.mods.modlauncher.LaunchPluginHandler) Final flags state for net.minecraft.client.gui.GuiGraphics is 258
[15:50:50] [main/DEBUG] (cpw.mods.modlauncher.LaunchPluginHandler) LaunchPluginService {AFTER=[org.spongepowered.asm.launch.MixinLaunchPlugin@7ce85af2, net.neoforged.fml.common.asm.RuntimeDistCleaner@41b13f3d]}
[15:50:50] [main/DEBUG] (cpw.mods.modlauncher.LaunchPluginHandler) Final flags state for net.neoforged.neoforge.client.extensions.IGuiGraphicsExtension is 0
[15:50:50] [main/DEBUG] (cpw.mods.modlauncher.LaunchPluginHandler) LauncherPluginService mixin offering transform net.neoforged.neoforge.client.extensions.IGuiGraphicsExtension
[15:50:50] [main/DEBUG] (cpw.mods.modlauncher.LaunchPluginHandler) LauncherPluginService runtimedistcleaner offering transform net.neoforged.neoforge.client.extensions.IGuiGraphicsExtension
[15:50:50] [main/DEBUG] (cpw.mods.modlauncher.LaunchPluginHandler) Final flags state for net.neoforged.neoforge.client.extensions.IGuiGraphicsExtension is 0
[15:50:50] [main/DEBUG] (cpw.mods.modlauncher.LaunchPluginHandler) LaunchPluginService {AFTER=[org.spongepowered.asm.launch.MixinLaunchPlugin@7ce85af2, juuxel.unprotect.modlauncher.UnprotectLaunchPlugin@32d418a9, net.neoforged.fml.common.asm.RuntimeDistCleaner@41b13f3d]}
[15:50:50] [main/DEBUG] (cpw.mods.modlauncher.LaunchPluginHandler) Final flags state for net.minecraft.client.Minecraft is 0
[15:50:50] [main/DEBUG] (cpw.mods.modlauncher.LaunchPluginHandler) LauncherPluginService mixin offering transform net.minecraft.client.Minecraft
[15:50:50] [main/DEBUG] (cpw.mods.modlauncher.LaunchPluginHandler) LauncherPluginService unprotect offering transform net.minecraft.client.Minecraft
[15:50:50] [main/DEBUG] (cpw.mods.modlauncher.LaunchPluginHandler) LauncherPluginService unprotect transformed net.minecraft.client.Minecraft with class compute flags 2
[15:50:50] [main/DEBUG] (cpw.mods.modlauncher.LaunchPluginHandler) LauncherPluginService runtimedistcleaner offering transform net.minecraft.client.Minecraft
[15:50:50] [main/DEBUG] (net.neoforged.fml.common.asm.RuntimeDistCleaner) Removing Class Annotation: net/minecraft/client/Minecraft @Lnet/neoforged/api/distmarker/OnlyIn;
[15:50:50] [main/DEBUG] (cpw.mods.modlauncher.LaunchPluginHandler) LauncherPluginService runtimedistcleaner transformed net.minecraft.client.Minecraft with class compute flags 256
[15:50:50] [main/DEBUG] (cpw.mods.modlauncher.LaunchPluginHandler) Final flags state for net.minecraft.client.Minecraft is 258
[15:50:50] [main/DEBUG] (cpw.mods.modlauncher.LaunchPluginHandler) LaunchPluginService {AFTER=[org.spongepowered.asm.launch.MixinLaunchPlugin@7ce85af2, juuxel.unprotect.modlauncher.UnprotectLaunchPlugin@32d418a9, net.neoforged.fml.common.asm.RuntimeDistCleaner@41b13f3d]}
[15:50:50] [main/DEBUG] (cpw.mods.modlauncher.LaunchPluginHandler) Final flags state for net.minecraft.util.thread.ReentrantBlockableEventLoop is 0
[15:50:50] [main/DEBUG] (cpw.mods.modlauncher.LaunchPluginHandler) LauncherPluginService mixin offering transform net.minecraft.util.thread.ReentrantBlockableEventLoop
[15:50:50] [main/DEBUG] (cpw.mods.modlauncher.LaunchPluginHandler) LauncherPluginService unprotect offering transform net.minecraft.util.thread.ReentrantBlockableEventLoop
[15:50:50] [main/DEBUG] (cpw.mods.modlauncher.LaunchPluginHandler) LauncherPluginService unprotect transformed net.minecraft.util.thread.ReentrantBlockableEventLoop with class compute flags 2
[15:50:50] [main/DEBUG] (cpw.mods.modlauncher.LaunchPluginHandler) LauncherPluginService runtimedistcleaner offering transform net.minecraft.util.thread.ReentrantBlockableEventLoop
[15:50:50] [main/DEBUG] (cpw.mods.modlauncher.LaunchPluginHandler) Final flags state for net.minecraft.util.thread.ReentrantBlockableEventLoop is 2
[15:50:50] [main/DEBUG] (cpw.mods.modlauncher.LaunchPluginHandler) LaunchPluginService {BEFORE=[net.neoforged.accesstransformer.ml.AccessTransformerService@52ea0269], AFTER=[org.spongepowered.asm.launch.MixinLaunchPlugin@7ce85af2, juuxel.unprotect.modlauncher.UnprotectLaunchPlugin@32d418a9, net.neoforged.fml.common.asm.RuntimeDistCleaner@41b13f3d]}
[15:50:50] [main/DEBUG] (cpw.mods.modlauncher.LaunchPluginHandler) LauncherPluginService accesstransformer offering transform net.minecraft.util.thread.BlockableEventLoop
[15:50:50] [main/DEBUG] (net.neoforged.accesstransformer.AccessTransformer) Transforming net.minecraft.util.thread.BlockableEventLoop METHOD submitAsync(Ljava/lang/Runnable;)Ljava/util/concurrent/CompletableFuture; to access PUBLIC and LEAVE
[15:50:50] [main/DEBUG] (cpw.mods.modlauncher.LaunchPluginHandler) LauncherPluginService accesstransformer transformed net.minecraft.util.thread.BlockableEventLoop with class compute flags 256
[15:50:50] [main/DEBUG] (cpw.mods.modlauncher.LaunchPluginHandler) Final flags state for net.minecraft.util.thread.BlockableEventLoop is 256
[15:50:50] [main/DEBUG] (cpw.mods.modlauncher.LaunchPluginHandler) LauncherPluginService mixin offering transform net.minecraft.util.thread.BlockableEventLoop
[15:50:50] [main/DEBUG] (cpw.mods.modlauncher.LaunchPluginHandler) LauncherPluginService unprotect offering transform net.minecraft.util.thread.BlockableEventLoop
[15:50:50] [main/DEBUG] (cpw.mods.modlauncher.LaunchPluginHandler) LauncherPluginService unprotect transformed net.minecraft.util.thread.BlockableEventLoop with class compute flags 2
[15:50:50] [main/DEBUG] (cpw.mods.modlauncher.LaunchPluginHandler) LauncherPluginService runtimedistcleaner offering transform net.minecraft.util.thread.BlockableEventLoop
[15:50:50] [main/DEBUG] (cpw.mods.modlauncher.LaunchPluginHandler) Final flags state for net.minecraft.util.thread.BlockableEventLoop is 2
[15:50:50] [main/DEBUG] (cpw.mods.modlauncher.LaunchPluginHandler) LaunchPluginService {AFTER=[org.spongepowered.asm.launch.MixinLaunchPlugin@7ce85af2, juuxel.unprotect.modlauncher.UnprotectLaunchPlugin@32d418a9, net.neoforged.fml.common.asm.RuntimeDistCleaner@41b13f3d]}
[15:50:50] [main/DEBUG] (cpw.mods.modlauncher.LaunchPluginHandler) Final flags state for net.minecraft.util.profiling.metrics.ProfilerMeasured is 0
[15:50:50] [main/DEBUG] (cpw.mods.modlauncher.LaunchPluginHandler) LauncherPluginService mixin offering transform net.minecraft.util.profiling.metrics.ProfilerMeasured
[15:50:50] [main/DEBUG] (cpw.mods.modlauncher.LaunchPluginHandler) LauncherPluginService unprotect offering transform net.minecraft.util.profiling.metrics.ProfilerMeasured
[15:50:50] [main/DEBUG] (cpw.mods.modlauncher.LaunchPluginHandler) LauncherPluginService runtimedistcleaner offering transform net.minecraft.util.profiling.metrics.ProfilerMeasured
[15:50:50] [main/DEBUG] (cpw.mods.modlauncher.LaunchPluginHandler) Final flags state for net.minecraft.util.profiling.metrics.ProfilerMeasured is 0
[15:50:50] [main/DEBUG] (cpw.mods.modlauncher.LaunchPluginHandler) LaunchPluginService {AFTER=[org.spongepowered.asm.launch.MixinLaunchPlugin@7ce85af2, juuxel.unprotect.modlauncher.UnprotectLaunchPlugin@32d418a9, net.neoforged.fml.common.asm.RuntimeDistCleaner@41b13f3d]}
[15:50:50] [main/DEBUG] (cpw.mods.modlauncher.LaunchPluginHandler) Final flags state for net.minecraft.util.thread.ProcessorHandle is 0
[15:50:50] [main/DEBUG] (cpw.mods.modlauncher.LaunchPluginHandler) LauncherPluginService mixin offering transform net.minecraft.util.thread.ProcessorHandle
[15:50:50] [main/DEBUG] (cpw.mods.modlauncher.LaunchPluginHandler) LauncherPluginService unprotect offering transform net.minecraft.util.thread.ProcessorHandle
[15:50:50] [main/DEBUG] (cpw.mods.modlauncher.LaunchPluginHandler) LauncherPluginService unprotect transformed net.minecraft.util.thread.ProcessorHandle with class compute flags 2
[15:50:50] [main/DEBUG] (cpw.mods.modlauncher.LaunchPluginHandler) LauncherPluginService runtimedistcleaner offering transform net.minecraft.util.thread.ProcessorHandle
[15:50:50] [main/DEBUG] (cpw.mods.modlauncher.LaunchPluginHandler) Final flags state for net.minecraft.util.thread.ProcessorHandle is 2
[15:50:50] [main/DEBUG] (cpw.mods.modlauncher.LaunchPluginHandler) LaunchPluginService {AFTER=[org.spongepowered.asm.launch.MixinLaunchPlugin@7ce85af2, net.neoforged.fml.common.asm.RuntimeDistCleaner@41b13f3d]}
[15:50:50] [main/DEBUG] (cpw.mods.modlauncher.LaunchPluginHandler) Final flags state for java.util.concurrent.Executor is 0
[15:50:50] [main/DEBUG] (cpw.mods.modlauncher.LaunchPluginHandler) LauncherPluginService mixin offering transform java.util.concurrent.Executor
[15:50:50] [main/DEBUG] (cpw.mods.modlauncher.LaunchPluginHandler) LauncherPluginService runtimedistcleaner offering transform java.util.concurrent.Executor
[15:50:50] [main/DEBUG] (cpw.mods.modlauncher.LaunchPluginHandler) Final flags state for java.util.concurrent.Executor is 0
[15:50:50] [main/DEBUG] (cpw.mods.modlauncher.LaunchPluginHandler) LaunchPluginService {AFTER=[org.spongepowered.asm.launch.MixinLaunchPlugin@7ce85af2, juuxel.unprotect.modlauncher.UnprotectLaunchPlugin@32d418a9, net.neoforged.fml.common.asm.RuntimeDistCleaner@41b13f3d]}
[15:50:50] [main/DEBUG] (cpw.mods.modlauncher.LaunchPluginHandler) Final flags state for com.mojang.blaze3d.platform.WindowEventHandler is 0
[15:50:50] [main/DEBUG] (cpw.mods.modlauncher.LaunchPluginHandler) LauncherPluginService mixin offering transform com.mojang.blaze3d.platform.WindowEventHandler
[15:50:50] [main/DEBUG] (cpw.mods.modlauncher.LaunchPluginHandler) LauncherPluginService unprotect offering transform com.mojang.blaze3d.platform.WindowEventHandler
[15:50:50] [main/DEBUG] (cpw.mods.modlauncher.LaunchPluginHandler) LauncherPluginService runtimedistcleaner offering transform com.mojang.blaze3d.platform.WindowEventHandler
[15:50:50] [main/DEBUG] (net.neoforged.fml.common.asm.RuntimeDistCleaner) Removing Class Annotation: com/mojang/blaze3d/platform/WindowEventHandler @Lnet/neoforged/api/distmarker/OnlyIn;
[15:50:50] [main/DEBUG] (cpw.mods.modlauncher.LaunchPluginHandler) LauncherPluginService runtimedistcleaner transformed com.mojang.blaze3d.platform.WindowEventHandler with class compute flags 256
[15:50:50] [main/DEBUG] (cpw.mods.modlauncher.LaunchPluginHandler) Final flags state for com.mojang.blaze3d.platform.WindowEventHandler is 256
[15:50:50] [main/DEBUG] (cpw.mods.modlauncher.LaunchPluginHandler) LaunchPluginService {AFTER=[org.spongepowered.asm.launch.MixinLaunchPlugin@7ce85af2, net.neoforged.fml.common.asm.RuntimeDistCleaner@41b13f3d]}
[15:50:50] [main/DEBUG] (cpw.mods.modlauncher.LaunchPluginHandler) Final flags state for net.neoforged.neoforge.client.extensions.IMinecraftExtension is 0
[15:50:50] [main/DEBUG] (cpw.mods.modlauncher.LaunchPluginHandler) LauncherPluginService mixin offering transform net.neoforged.neoforge.client.extensions.IMinecraftExtension
[15:50:50] [main/DEBUG] (cpw.mods.modlauncher.LaunchPluginHandler) LauncherPluginService runtimedistcleaner offering transform net.neoforged.neoforge.client.extensions.IMinecraftExtension
[15:50:50] [main/DEBUG] (cpw.mods.modlauncher.LaunchPluginHandler) Final flags state for net.neoforged.neoforge.client.extensions.IMinecraftExtension is 0
[15:50:50] [main/DEBUG] (cpw.mods.modlauncher.LaunchPluginHandler) LaunchPluginService {BEFORE=[net.neoforged.accesstransformer.ml.AccessTransformerService@52ea0269], AFTER=[org.spongepowered.asm.launch.MixinLaunchPlugin@7ce85af2, juuxel.unprotect.modlauncher.UnprotectLaunchPlugin@32d418a9, net.neoforged.fml.common.asm.RuntimeDistCleaner@41b13f3d]}
[15:50:50] [main/DEBUG] (cpw.mods.modlauncher.LaunchPluginHandler) LauncherPluginService accesstransformer offering transform net.minecraft.client.gui.screens.Screen
[15:50:50] [main/DEBUG] (net.neoforged.accesstransformer.AccessTransformer) Transforming net.minecraft.client.gui.screens.Screen FIELD renderables to access PUBLIC and LEAVE
[15:50:50] [main/DEBUG] (cpw.mods.modlauncher.LaunchPluginHandler) LauncherPluginService accesstransformer transformed net.minecraft.client.gui.screens.Screen with class compute flags 256
[15:50:50] [main/DEBUG] (cpw.mods.modlauncher.LaunchPluginHandler) Final flags state for net.minecraft.client.gui.screens.Screen is 256
[15:50:50] [main/DEBUG] (cpw.mods.modlauncher.LaunchPluginHandler) LauncherPluginService mixin offering transform net.minecraft.client.gui.screens.Screen
[15:50:50] [main/DEBUG] (cpw.mods.modlauncher.LaunchPluginHandler) LauncherPluginService unprotect offering transform net.minecraft.client.gui.screens.Screen
[15:50:50] [main/DEBUG] (cpw.mods.modlauncher.LaunchPluginHandler) LauncherPluginService unprotect transformed net.minecraft.client.gui.screens.Screen with class compute flags 2
[15:50:50] [main/DEBUG] (cpw.mods.modlauncher.LaunchPluginHandler) LauncherPluginService runtimedistcleaner offering transform net.minecraft.client.gui.screens.Screen
[15:50:50] [main/DEBUG] (net.neoforged.fml.common.asm.RuntimeDistCleaner) Removing Class Annotation: net/minecraft/client/gui/screens/Screen @Lnet/neoforged/api/distmarker/OnlyIn;
[15:50:50] [main/DEBUG] (cpw.mods.modlauncher.LaunchPluginHandler) LauncherPluginService runtimedistcleaner transformed net.minecraft.client.gui.screens.Screen with class compute flags 256
[15:50:50] [main/DEBUG] (cpw.mods.modlauncher.LaunchPluginHandler) Final flags state for net.minecraft.client.gui.screens.Screen is 258
[15:50:50] [main/DEBUG] (cpw.mods.modlauncher.LaunchPluginHandler) LaunchPluginService {AFTER=[org.spongepowered.asm.launch.MixinLaunchPlugin@7ce85af2, juuxel.unprotect.modlauncher.UnprotectLaunchPlugin@32d418a9, net.neoforged.fml.common.asm.RuntimeDistCleaner@41b13f3d]}
[15:50:50] [main/DEBUG] (cpw.mods.modlauncher.LaunchPluginHandler) Final flags state for net.minecraft.client.gui.components.events.AbstractContainerEventHandler is 0
[15:50:50] [main/DEBUG] (cpw.mods.modlauncher.LaunchPluginHandler) LauncherPluginService mixin offering transform net.minecraft.client.gui.components.events.AbstractContainerEventHandler
[15:50:50] [main/DEBUG] (cpw.mods.modlauncher.LaunchPluginHandler) LauncherPluginService unprotect offering transform net.minecraft.client.gui.components.events.AbstractContainerEventHandler
[15:50:50] [main/DEBUG] (cpw.mods.modlauncher.LaunchPluginHandler) LauncherPluginService runtimedistcleaner offering transform net.minecraft.client.gui.components.events.AbstractContainerEventHandler
[15:50:50] [main/DEBUG] (net.neoforged.fml.common.asm.RuntimeDistCleaner) Removing Class Annotation: net/minecraft/client/gui/components/events/AbstractContainerEventHandler @Lnet/neoforged/api/distmarker/OnlyIn;
[15:50:50] [main/DEBUG] (cpw.mods.modlauncher.LaunchPluginHandler) LauncherPluginService runtimedistcleaner transformed net.minecraft.client.gui.components.events.AbstractContainerEventHandler with class compute flags 256
[15:50:50] [main/DEBUG] (cpw.mods.modlauncher.LaunchPluginHandler) Final flags state for net.minecraft.client.gui.components.events.AbstractContainerEventHandler is 256
[15:50:50] [main/DEBUG] (cpw.mods.modlauncher.LaunchPluginHandler) LaunchPluginService {AFTER=[org.spongepowered.asm.launch.MixinLaunchPlugin@7ce85af2, juuxel.unprotect.modlauncher.UnprotectLaunchPlugin@32d418a9, net.neoforged.fml.common.asm.RuntimeDistCleaner@41b13f3d]}
[15:50:50] [main/DEBUG] (cpw.mods.modlauncher.LaunchPluginHandler) Final flags state for net.minecraft.client.gui.components.events.ContainerEventHandler is 0
[15:50:50] [main/DEBUG] (cpw.mods.modlauncher.LaunchPluginHandler) LauncherPluginService mixin offering transform net.minecraft.client.gui.components.events.ContainerEventHandler
[15:50:50] [main/DEBUG] (cpw.mods.modlauncher.LaunchPluginHandler) LauncherPluginService unprotect offering transform net.minecraft.client.gui.components.events.ContainerEventHandler
[15:50:50] [main/DEBUG] (cpw.mods.modlauncher.LaunchPluginHandler) LauncherPluginService runtimedistcleaner offering transform net.minecraft.client.gui.components.events.ContainerEventHandler
[15:50:50] [main/DEBUG] (net.neoforged.fml.common.asm.RuntimeDistCleaner) Removing Class Annotation: net/minecraft/client/gui/components/events/ContainerEventHandler @Lnet/neoforged/api/distmarker/OnlyIn;
[15:50:50] [main/DEBUG] (cpw.mods.modlauncher.LaunchPluginHandler) LauncherPluginService runtimedistcleaner transformed net.minecraft.client.gui.components.events.ContainerEventHandler with class compute flags 256
[15:50:50] [main/DEBUG] (cpw.mods.modlauncher.LaunchPluginHandler) Final flags state for net.minecraft.client.gui.components.events.ContainerEventHandler is 256
[15:50:50] [main/DEBUG] (cpw.mods.modlauncher.LaunchPluginHandler) LaunchPluginService {AFTER=[org.spongepowered.asm.launch.MixinLaunchPlugin@7ce85af2, juuxel.unprotect.modlauncher.UnprotectLaunchPlugin@32d418a9, net.neoforged.fml.common.asm.RuntimeDistCleaner@41b13f3d]}
[15:50:50] [main/DEBUG] (cpw.mods.modlauncher.LaunchPluginHandler) Final flags state for net.minecraft.client.gui.components.events.GuiEventListener is 0
[15:50:50] [main/DEBUG] (cpw.mods.modlauncher.LaunchPluginHandler) LauncherPluginService mixin offering transform net.minecraft.client.gui.components.events.GuiEventListener
[15:50:50] [main/DEBUG] (cpw.mods.modlauncher.LaunchPluginHandler) LauncherPluginService unprotect offering transform net.minecraft.client.gui.components.events.GuiEventListener
[15:50:50] [main/DEBUG] (cpw.mods.modlauncher.LaunchPluginHandler) LauncherPluginService runtimedistcleaner offering transform net.minecraft.client.gui.components.events.GuiEventListener
[15:50:50] [main/DEBUG] (net.neoforged.fml.common.asm.RuntimeDistCleaner) Removing Class Annotation: net/minecraft/client/gui/components/events/GuiEventListener @Lnet/neoforged/api/distmarker/OnlyIn;
[15:50:50] [main/DEBUG] (cpw.mods.modlauncher.LaunchPluginHandler) LauncherPluginService runtimedistcleaner transformed net.minecraft.client.gui.components.events.GuiEventListener with class compute flags 256
[15:50:50] [main/DEBUG] (cpw.mods.modlauncher.LaunchPluginHandler) Final flags state for net.minecraft.client.gui.components.events.GuiEventListener is 256
[15:50:50] [main/DEBUG] (cpw.mods.modlauncher.LaunchPluginHandler) LaunchPluginService {AFTER=[org.spongepowered.asm.launch.MixinLaunchPlugin@7ce85af2, juuxel.unprotect.modlauncher.UnprotectLaunchPlugin@32d418a9, net.neoforged.fml.common.asm.RuntimeDistCleaner@41b13f3d]}
[15:50:50] [main/DEBUG] (cpw.mods.modlauncher.LaunchPluginHandler) Final flags state for net.minecraft.client.gui.components.TabOrderedElement is 0
[15:50:50] [main/DEBUG] (cpw.mods.modlauncher.LaunchPluginHandler) LauncherPluginService mixin offering transform net.minecraft.client.gui.components.TabOrderedElement
[15:50:50] [main/DEBUG] (cpw.mods.modlauncher.LaunchPluginHandler) LauncherPluginService unprotect offering transform net.minecraft.client.gui.components.TabOrderedElement
[15:50:50] [main/DEBUG] (cpw.mods.modlauncher.LaunchPluginHandler) LauncherPluginService runtimedistcleaner offering transform net.minecraft.client.gui.components.TabOrderedElement
[15:50:50] [main/DEBUG] (net.neoforged.fml.common.asm.RuntimeDistCleaner) Removing Class Annotation: net/minecraft/client/gui/components/TabOrderedElement @Lnet/neoforged/api/distmarker/OnlyIn;
[15:50:50] [main/DEBUG] (cpw.mods.modlauncher.LaunchPluginHandler) LauncherPluginService runtimedistcleaner transformed net.minecraft.client.gui.components.TabOrderedElement with class compute flags 256
[15:50:50] [main/DEBUG] (cpw.mods.modlauncher.LaunchPluginHandler) Final flags state for net.minecraft.client.gui.components.TabOrderedElement is 256
[15:50:50] [main/DEBUG] (cpw.mods.modlauncher.LaunchPluginHandler) LaunchPluginService {AFTER=[org.spongepowered.asm.launch.MixinLaunchPlugin@7ce85af2, juuxel.unprotect.modlauncher.UnprotectLaunchPlugin@32d418a9, net.neoforged.fml.common.asm.RuntimeDistCleaner@41b13f3d]}
[15:50:50] [main/DEBUG] (cpw.mods.modlauncher.LaunchPluginHandler) Final flags state for net.minecraft.client.gui.screens.DeathScreen is 0
[15:50:50] [main/DEBUG] (cpw.mods.modlauncher.LaunchPluginHandler) LauncherPluginService mixin offering transform net.minecraft.client.gui.screens.DeathScreen
[15:50:50] [main/DEBUG] (cpw.mods.modlauncher.LaunchPluginHandler) LauncherPluginService unprotect offering transform net.minecraft.client.gui.screens.DeathScreen
[15:50:50] [main/DEBUG] (cpw.mods.modlauncher.LaunchPluginHandler) LauncherPluginService unprotect transformed net.minecraft.client.gui.screens.DeathScreen with class compute flags 2
[15:50:50] [main/DEBUG] (cpw.mods.modlauncher.LaunchPluginHandler) LauncherPluginService runtimedistcleaner offering transform net.minecraft.client.gui.screens.DeathScreen
[15:50:50] [main/DEBUG] (net.neoforged.fml.common.asm.RuntimeDistCleaner) Removing Class Annotation: net/minecraft/client/gui/screens/DeathScreen @Lnet/neoforged/api/distmarker/OnlyIn;
[15:50:50] [main/DEBUG] (cpw.mods.modlauncher.LaunchPluginHandler) LauncherPluginService runtimedistcleaner transformed net.minecraft.client.gui.screens.DeathScreen with class compute flags 256
[15:50:50] [main/DEBUG] (cpw.mods.modlauncher.LaunchPluginHandler) Final flags state for net.minecraft.client.gui.screens.DeathScreen is 258
[15:50:50] [main/DEBUG] (cpw.mods.modlauncher.LaunchPluginHandler) LaunchPluginService {AFTER=[org.spongepowered.asm.launch.MixinLaunchPlugin@7ce85af2, juuxel.unprotect.modlauncher.UnprotectLaunchPlugin@32d418a9, net.neoforged.fml.common.asm.RuntimeDistCleaner@41b13f3d]}
[15:50:50] [main/DEBUG] (cpw.mods.modlauncher.LaunchPluginHandler) Final flags state for net.minecraft.client.gui.screens.TitleScreen is 0
[15:50:50] [main/DEBUG] (cpw.mods.modlauncher.LaunchPluginHandler) LauncherPluginService mixin offering transform net.minecraft.client.gui.screens.TitleScreen
[15:50:50] [main/DEBUG] (cpw.mods.modlauncher.LaunchPluginHandler) LauncherPluginService unprotect offering transform net.minecraft.client.gui.screens.TitleScreen
[15:50:50] [main/DEBUG] (cpw.mods.modlauncher.LaunchPluginHandler) LauncherPluginService unprotect transformed net.minecraft.client.gui.screens.TitleScreen with class compute flags 2
[15:50:50] [main/DEBUG] (cpw.mods.modlauncher.LaunchPluginHandler) LauncherPluginService runtimedistcleaner offering transform net.minecraft.client.gui.screens.TitleScreen
[15:50:50] [main/DEBUG] (net.neoforged.fml.common.asm.RuntimeDistCleaner) Removing Class Annotation: net/minecraft/client/gui/screens/TitleScreen @Lnet/neoforged/api/distmarker/OnlyIn;
[15:50:50] [main/DEBUG] (cpw.mods.modlauncher.LaunchPluginHandler) LauncherPluginService runtimedistcleaner transformed net.minecraft.client.gui.screens.TitleScreen with class compute flags 256
[15:50:50] [main/DEBUG] (cpw.mods.modlauncher.LaunchPluginHandler) Final flags state for net.minecraft.client.gui.screens.TitleScreen is 258
[15:50:50] [main/DEBUG] (cpw.mods.modlauncher.LaunchPluginHandler) LaunchPluginService {AFTER=[org.spongepowered.asm.launch.MixinLaunchPlugin@7ce85af2, net.neoforged.fml.common.asm.RuntimeDistCleaner@41b13f3d]}
[15:50:50] [main/DEBUG] (cpw.mods.modlauncher.LaunchPluginHandler) Final flags state for java.lang.Integer is 0
[15:50:50] [main/DEBUG] (cpw.mods.modlauncher.LaunchPluginHandler) LauncherPluginService mixin offering transform java.lang.Integer
[15:50:50] [main/DEBUG] (cpw.mods.modlauncher.LaunchPluginHandler) LauncherPluginService runtimedistcleaner offering transform java.lang.Integer
[15:50:50] [main/DEBUG] (cpw.mods.modlauncher.LaunchPluginHandler) Final flags state for java.lang.Integer is 0
[15:50:50] [main/DEBUG] (cpw.mods.modlauncher.LaunchPluginHandler) LaunchPluginService {AFTER=[org.spongepowered.asm.launch.MixinLaunchPlugin@7ce85af2, net.neoforged.fml.common.asm.RuntimeDistCleaner@41b13f3d]}
[15:50:50] [main/DEBUG] (cpw.mods.modlauncher.LaunchPluginHandler) Final flags state for java.lang.Number is 0
[15:50:50] [main/DEBUG] (cpw.mods.modlauncher.LaunchPluginHandler) LauncherPluginService mixin offering transform java.lang.Number
[15:50:50] [main/DEBUG] (cpw.mods.modlauncher.LaunchPluginHandler) LauncherPluginService runtimedistcleaner offering transform java.lang.Number
[15:50:50] [main/DEBUG] (cpw.mods.modlauncher.LaunchPluginHandler) Final flags state for java.lang.Number is 0
[15:50:50] [main/DEBUG] (cpw.mods.modlauncher.LaunchPluginHandler) LaunchPluginService {AFTER=[org.spongepowered.asm.launch.MixinLaunchPlugin@7ce85af2, net.neoforged.fml.common.asm.RuntimeDistCleaner@41b13f3d]}
[15:50:50] [main/DEBUG] (cpw.mods.modlauncher.LaunchPluginHandler) Final flags state for java.io.Serializable is 0
[15:50:50] [main/DEBUG] (cpw.mods.modlauncher.LaunchPluginHandler) LauncherPluginService mixin offering transform java.io.Serializable
[15:50:50] [main/DEBUG] (cpw.mods.modlauncher.LaunchPluginHandler) LauncherPluginService runtimedistcleaner offering transform java.io.Serializable
[15:50:50] [main/DEBUG] (cpw.mods.modlauncher.LaunchPluginHandler) Final flags state for java.io.Serializable is 0
[15:50:50] [main/DEBUG] (cpw.mods.modlauncher.LaunchPluginHandler) LaunchPluginService {AFTER=[org.spongepowered.asm.launch.MixinLaunchPlugin@7ce85af2, net.neoforged.fml.common.asm.RuntimeDistCleaner@41b13f3d]}
[15:50:50] [main/DEBUG] (cpw.mods.modlauncher.LaunchPluginHandler) Final flags state for java.lang.Comparable is 0
[15:50:50] [main/DEBUG] (cpw.mods.modlauncher.LaunchPluginHandler) LauncherPluginService mixin offering transform java.lang.Comparable
[15:50:50] [main/DEBUG] (cpw.mods.modlauncher.LaunchPluginHandler) LauncherPluginService runtimedistcleaner offering transform java.lang.Comparable
[15:50:50] [main/DEBUG] (cpw.mods.modlauncher.LaunchPluginHandler) Final flags state for java.lang.Comparable is 0
[15:50:50] [main/DEBUG] (cpw.mods.modlauncher.LaunchPluginHandler) LaunchPluginService {AFTER=[org.spongepowered.asm.launch.MixinLaunchPlugin@7ce85af2, net.neoforged.fml.common.asm.RuntimeDistCleaner@41b13f3d]}
[15:50:50] [main/DEBUG] (cpw.mods.modlauncher.LaunchPluginHandler) Final flags state for java.lang.constant.Constable is 0
[15:50:50] [main/DEBUG] (cpw.mods.modlauncher.LaunchPluginHandler) LauncherPluginService mixin offering transform java.lang.constant.Constable
[15:50:50] [main/DEBUG] (cpw.mods.modlauncher.LaunchPluginHandler) LauncherPluginService runtimedistcleaner offering transform java.lang.constant.Constable
[15:50:50] [main/DEBUG] (cpw.mods.modlauncher.LaunchPluginHandler) Final flags state for java.lang.constant.Constable is 0
[15:50:50] [main/DEBUG] (cpw.mods.modlauncher.LaunchPluginHandler) LaunchPluginService {AFTER=[org.spongepowered.asm.launch.MixinLaunchPlugin@7ce85af2, net.neoforged.fml.common.asm.RuntimeDistCleaner@41b13f3d]}
[15:50:50] [main/DEBUG] (cpw.mods.modlauncher.LaunchPluginHandler) Final flags state for java.lang.constant.ConstantDesc is 0
[15:50:50] [main/DEBUG] (cpw.mods.modlauncher.LaunchPluginHandler) LauncherPluginService mixin offering transform java.lang.constant.ConstantDesc
[15:50:50] [main/DEBUG] (cpw.mods.modlauncher.LaunchPluginHandler) LauncherPluginService runtimedistcleaner offering transform java.lang.constant.ConstantDesc
[15:50:50] [main/DEBUG] (cpw.mods.modlauncher.LaunchPluginHandler) Final flags state for java.lang.constant.ConstantDesc is 0
[15:50:50] [main/DEBUG] (cpw.mods.modlauncher.LaunchPluginHandler) LaunchPluginService {AFTER=[org.spongepowered.asm.launch.MixinLaunchPlugin@7ce85af2, juuxel.unprotect.modlauncher.UnprotectLaunchPlugin@32d418a9, net.neoforged.fml.common.asm.RuntimeDistCleaner@41b13f3d]}
[15:50:50] [main/DEBUG] (cpw.mods.modlauncher.LaunchPluginHandler) Final flags state for net.minecraft.util.profiling.InactiveProfiler is 0
[15:50:50] [main/DEBUG] (cpw.mods.modlauncher.LaunchPluginHandler) LauncherPluginService mixin offering transform net.minecraft.util.profiling.InactiveProfiler
[15:50:50] [main/DEBUG] (cpw.mods.modlauncher.LaunchPluginHandler) LauncherPluginService unprotect offering transform net.minecraft.util.profiling.InactiveProfiler
[15:50:50] [main/DEBUG] (cpw.mods.modlauncher.LaunchPluginHandler) LauncherPluginService unprotect transformed net.minecraft.util.profiling.InactiveProfiler with class compute flags 2
[15:50:50] [main/DEBUG] (cpw.mods.modlauncher.LaunchPluginHandler) LauncherPluginService runtimedistcleaner offering transform net.minecraft.util.profiling.InactiveProfiler
[15:50:50] [main/DEBUG] (cpw.mods.modlauncher.LaunchPluginHandler) Final flags state for net.minecraft.util.profiling.InactiveProfiler is 2
[15:50:50] [main/DEBUG] (cpw.mods.modlauncher.LaunchPluginHandler) LaunchPluginService {AFTER=[org.spongepowered.asm.launch.MixinLaunchPlugin@7ce85af2, juuxel.unprotect.modlauncher.UnprotectLaunchPlugin@32d418a9, net.neoforged.fml.common.asm.RuntimeDistCleaner@41b13f3d]}
[15:50:50] [main/DEBUG] (cpw.mods.modlauncher.LaunchPluginHandler) Final flags state for net.minecraft.util.profiling.ProfileCollector is 0
[15:50:50] [main/DEBUG] (cpw.mods.modlauncher.LaunchPluginHandler) LauncherPluginService mixin offering transform net.minecraft.util.profiling.ProfileCollector
[15:50:50] [main/DEBUG] (cpw.mods.modlauncher.LaunchPluginHandler) LauncherPluginService unprotect offering transform net.minecraft.util.profiling.ProfileCollector
[15:50:50] [main/DEBUG] (cpw.mods.modlauncher.LaunchPluginHandler) LauncherPluginService runtimedistcleaner offering transform net.minecraft.util.profiling.ProfileCollector
[15:50:50] [main/DEBUG] (cpw.mods.modlauncher.LaunchPluginHandler) Final flags state for net.minecraft.util.profiling.ProfileCollector is 0
[15:50:50] [main/DEBUG] (cpw.mods.modlauncher.LaunchPluginHandler) LaunchPluginService {AFTER=[org.spongepowered.asm.launch.MixinLaunchPlugin@7ce85af2, juuxel.unprotect.modlauncher.UnprotectLaunchPlugin@32d418a9, net.neoforged.fml.common.asm.RuntimeDistCleaner@41b13f3d]}
[15:50:50] [main/DEBUG] (cpw.mods.modlauncher.LaunchPluginHandler) Final flags state for net.minecraft.util.profiling.ProfilerFiller is 0
[15:50:50] [main/DEBUG] (cpw.mods.modlauncher.LaunchPluginHandler) LauncherPluginService mixin offering transform net.minecraft.util.profiling.ProfilerFiller
[15:50:50] [main/DEBUG] (cpw.mods.modlauncher.LaunchPluginHandler) LauncherPluginService unprotect offering transform net.minecraft.util.profiling.ProfilerFiller
[15:50:50] [main/DEBUG] (cpw.mods.modlauncher.LaunchPluginHandler) LauncherPluginService unprotect transformed net.minecraft.util.profiling.ProfilerFiller with class compute flags 2
[15:50:50] [main/DEBUG] (cpw.mods.modlauncher.LaunchPluginHandler) LauncherPluginService runtimedistcleaner offering transform net.minecraft.util.profiling.ProfilerFiller
[15:50:50] [main/DEBUG] (cpw.mods.modlauncher.LaunchPluginHandler) Final flags state for net.minecraft.util.profiling.ProfilerFiller is 2
[15:50:50] [main/DEBUG] (cpw.mods.modlauncher.LaunchPluginHandler) LaunchPluginService {AFTER=[org.spongepowered.asm.launch.MixinLaunchPlugin@7ce85af2, juuxel.unprotect.modlauncher.UnprotectLaunchPlugin@32d418a9, net.neoforged.fml.common.asm.RuntimeDistCleaner@41b13f3d]}
[15:50:50] [main/DEBUG] (cpw.mods.modlauncher.LaunchPluginHandler) Final flags state for net.minecraft.client.multiplayer.ServerData is 0
[15:50:50] [main/DEBUG] (cpw.mods.modlauncher.LaunchPluginHandler) LauncherPluginService mixin offering transform net.minecraft.client.multiplayer.ServerData
[15:50:50] [main/DEBUG] (cpw.mods.modlauncher.LaunchPluginHandler) LauncherPluginService unprotect offering transform net.minecraft.client.multiplayer.ServerData
[15:50:50] [main/DEBUG] (cpw.mods.modlauncher.LaunchPluginHandler) LauncherPluginService unprotect transformed net.minecraft.client.multiplayer.ServerData with class compute flags 2
[15:50:50] [main/DEBUG] (cpw.mods.modlauncher.LaunchPluginHandler) LauncherPluginService runtimedistcleaner offering transform net.minecraft.client.multiplayer.ServerData
[15:50:50] [main/DEBUG] (net.neoforged.fml.common.asm.RuntimeDistCleaner) Removing Class Annotation: net/minecraft/client/multiplayer/ServerData @Lnet/neoforged/api/distmarker/OnlyIn;
[15:50:50] [main/DEBUG] (cpw.mods.modlauncher.LaunchPluginHandler) LauncherPluginService runtimedistcleaner transformed net.minecraft.client.multiplayer.ServerData with class compute flags 256
[15:50:50] [main/DEBUG] (cpw.mods.modlauncher.LaunchPluginHandler) Final flags state for net.minecraft.client.multiplayer.ServerData is 258
[15:50:50] [main/DEBUG] (cpw.mods.modlauncher.LaunchPluginHandler) LaunchPluginService {AFTER=[org.spongepowered.asm.launch.MixinLaunchPlugin@7ce85af2, net.neoforged.fml.common.asm.RuntimeDistCleaner@41b13f3d]}
[15:50:50] [main/DEBUG] (cpw.mods.modlauncher.LaunchPluginHandler) Final flags state for java.nio.file.Path is 0
[15:50:50] [main/DEBUG] (cpw.mods.modlauncher.LaunchPluginHandler) LauncherPluginService mixin offering transform java.nio.file.Path
[15:50:50] [main/DEBUG] (cpw.mods.modlauncher.LaunchPluginHandler) LauncherPluginService runtimedistcleaner offering transform java.nio.file.Path
[15:50:50] [main/DEBUG] (cpw.mods.modlauncher.LaunchPluginHandler) Final flags state for java.nio.file.Path is 0
[15:50:50] [main/DEBUG] (cpw.mods.modlauncher.LaunchPluginHandler) LaunchPluginService {AFTER=[org.spongepowered.asm.launch.MixinLaunchPlugin@7ce85af2, net.neoforged.fml.common.asm.RuntimeDistCleaner@41b13f3d]}
[15:50:50] [main/DEBUG] (cpw.mods.modlauncher.LaunchPluginHandler) Final flags state for java.nio.file.Watchable is 0
[15:50:50] [main/DEBUG] (cpw.mods.modlauncher.LaunchPluginHandler) LauncherPluginService mixin offering transform java.nio.file.Watchable
[15:50:50] [main/DEBUG] (cpw.mods.modlauncher.LaunchPluginHandler) LauncherPluginService runtimedistcleaner offering transform java.nio.file.Watchable
[15:50:50] [main/DEBUG] (cpw.mods.modlauncher.LaunchPluginHandler) Final flags state for java.nio.file.Watchable is 0
[15:50:50] [main/DEBUG] (cpw.mods.modlauncher.LaunchPluginHandler) LaunchPluginService {AFTER=[org.spongepowered.asm.launch.MixinLaunchPlugin@7ce85af2, juuxel.unprotect.modlauncher.UnprotectLaunchPlugin@32d418a9, net.neoforged.fml.common.asm.RuntimeDistCleaner@41b13f3d]}
[15:50:50] [main/DEBUG] (cpw.mods.modlauncher.LaunchPluginHandler) Final flags state for net.minecraft.util.FileZipper is 0
[15:50:50] [main/DEBUG] (cpw.mods.modlauncher.LaunchPluginHandler) LauncherPluginService mixin offering transform net.minecraft.util.FileZipper
[15:50:50] [main/DEBUG] (cpw.mods.modlauncher.LaunchPluginHandler) LauncherPluginService unprotect offering transform net.minecraft.util.FileZipper
[15:50:50] [main/DEBUG] (cpw.mods.modlauncher.LaunchPluginHandler) LauncherPluginService unprotect transformed net.minecraft.util.FileZipper with class compute flags 2
[15:50:50] [main/DEBUG] (cpw.mods.modlauncher.LaunchPluginHandler) LauncherPluginService runtimedistcleaner offering transform net.minecraft.util.FileZipper
[15:50:50] [main/DEBUG] (cpw.mods.modlauncher.LaunchPluginHandler) Final flags state for net.minecraft.util.FileZipper is 2
[15:50:50] [main/DEBUG] (cpw.mods.modlauncher.LaunchPluginHandler) LaunchPluginService {AFTER=[org.spongepowered.asm.launch.MixinLaunchPlugin@7ce85af2, net.neoforged.fml.common.asm.RuntimeDistCleaner@41b13f3d]}
[15:50:50] [main/DEBUG] (cpw.mods.modlauncher.LaunchPluginHandler) Final flags state for java.io.Closeable is 0
[15:50:50] [main/DEBUG] (cpw.mods.modlauncher.LaunchPluginHandler) LauncherPluginService mixin offering transform java.io.Closeable
[15:50:50] [main/DEBUG] (cpw.mods.modlauncher.LaunchPluginHandler) LauncherPluginService runtimedistcleaner offering transform java.io.Closeable
[15:50:50] [main/DEBUG] (cpw.mods.modlauncher.LaunchPluginHandler) Final flags state for java.io.Closeable is 0
[15:50:50] [main/DEBUG] (cpw.mods.modlauncher.LaunchPluginHandler) LaunchPluginService {AFTER=[org.spongepowered.asm.launch.MixinLaunchPlugin@7ce85af2, juuxel.unprotect.modlauncher.UnprotectLaunchPlugin@32d418a9, net.neoforged.fml.common.asm.RuntimeDistCleaner@41b13f3d]}
[15:50:50] [main/DEBUG] (cpw.mods.modlauncher.LaunchPluginHandler) Final flags state for net.minecraft.network.chat.MutableComponent is 0
[15:50:50] [main/DEBUG] (cpw.mods.modlauncher.LaunchPluginHandler) LauncherPluginService mixin offering transform net.minecraft.network.chat.MutableComponent
[15:50:50] [main/DEBUG] (cpw.mods.modlauncher.LaunchPluginHandler) LauncherPluginService unprotect offering transform net.minecraft.network.chat.MutableComponent
[15:50:50] [main/DEBUG] (cpw.mods.modlauncher.LaunchPluginHandler) LauncherPluginService unprotect transformed net.minecraft.network.chat.MutableComponent with class compute flags 2
[15:50:50] [main/DEBUG] (cpw.mods.modlauncher.LaunchPluginHandler) LauncherPluginService runtimedistcleaner offering transform net.minecraft.network.chat.MutableComponent
[15:50:50] [main/DEBUG] (cpw.mods.modlauncher.LaunchPluginHandler) Final flags state for net.minecraft.network.chat.MutableComponent is 2
[15:50:50] [main/DEBUG] (cpw.mods.modlauncher.LaunchPluginHandler) LaunchPluginService {AFTER=[org.spongepowered.asm.launch.MixinLaunchPlugin@7ce85af2, juuxel.unprotect.modlauncher.UnprotectLaunchPlugin@32d418a9, net.neoforged.fml.common.asm.RuntimeDistCleaner@41b13f3d]}
[15:50:50] [main/DEBUG] (cpw.mods.modlauncher.LaunchPluginHandler) Final flags state for net.minecraft.network.chat.Component is 0
[15:50:50] [main/DEBUG] (cpw.mods.modlauncher.LaunchPluginHandler) LauncherPluginService mixin offering transform net.minecraft.network.chat.Component
[15:50:50] [main/DEBUG] (cpw.mods.modlauncher.LaunchPluginHandler) LauncherPluginService unprotect offering transform net.minecraft.network.chat.Component
[15:50:50] [main/DEBUG] (cpw.mods.modlauncher.LaunchPluginHandler) LauncherPluginService runtimedistcleaner offering transform net.minecraft.network.chat.Component
[15:50:50] [main/DEBUG] (cpw.mods.modlauncher.LaunchPluginHandler) Final flags state for net.minecraft.network.chat.Component is 0
[15:50:50] [main/DEBUG] (cpw.mods.modlauncher.LaunchPluginHandler) LaunchPluginService {AFTER=[org.spongepowered.asm.launch.MixinLaunchPlugin@7ce85af2, net.neoforged.fml.common.asm.RuntimeDistCleaner@41b13f3d]}
[15:50:50] [main/DEBUG] (cpw.mods.modlauncher.LaunchPluginHandler) Final flags state for com.mojang.brigadier.Message is 0
[15:50:50] [main/DEBUG] (cpw.mods.modlauncher.LaunchPluginHandler) LauncherPluginService mixin offering transform com.mojang.brigadier.Message
[15:50:50] [main/DEBUG] (cpw.mods.modlauncher.LaunchPluginHandler) LauncherPluginService runtimedistcleaner offering transform com.mojang.brigadier.Message
[15:50:50] [main/DEBUG] (cpw.mods.modlauncher.LaunchPluginHandler) Final flags state for com.mojang.brigadier.Message is 0
[15:50:50] [main/DEBUG] (cpw.mods.modlauncher.LaunchPluginHandler) LaunchPluginService {AFTER=[org.spongepowered.asm.launch.MixinLaunchPlugin@7ce85af2, juuxel.unprotect.modlauncher.UnprotectLaunchPlugin@32d418a9, net.neoforged.fml.common.asm.RuntimeDistCleaner@41b13f3d]}
[15:50:50] [main/DEBUG] (cpw.mods.modlauncher.LaunchPluginHandler) Final flags state for net.minecraft.network.chat.FormattedText is 0
[15:50:50] [main/DEBUG] (cpw.mods.modlauncher.LaunchPluginHandler) LauncherPluginService mixin offering transform net.minecraft.network.chat.FormattedText
[15:50:50] [main/DEBUG] (cpw.mods.modlauncher.LaunchPluginHandler) LauncherPluginService unprotect offering transform net.minecraft.network.chat.FormattedText
[15:50:50] [main/DEBUG] (cpw.mods.modlauncher.LaunchPluginHandler) LauncherPluginService unprotect transformed net.minecraft.network.chat.FormattedText with class compute flags 2
[15:50:50] [main/DEBUG] (cpw.mods.modlauncher.LaunchPluginHandler) LauncherPluginService runtimedistcleaner offering transform net.minecraft.network.chat.FormattedText
[15:50:50] [main/DEBUG] (cpw.mods.modlauncher.LaunchPluginHandler) Final flags state for net.minecraft.network.chat.FormattedText is 2
[15:50:50] [main/DEBUG] (cpw.mods.modlauncher.LaunchPluginHandler) LaunchPluginService {BEFORE=[net.neoforged.accesstransformer.ml.AccessTransformerService@52ea0269], AFTER=[org.spongepowered.asm.launch.MixinLaunchPlugin@7ce85af2, juuxel.unprotect.modlauncher.UnprotectLaunchPlugin@32d418a9, net.neoforged.fml.common.asm.RuntimeDistCleaner@41b13f3d]}
[15:50:50] [main/DEBUG] (cpw.mods.modlauncher.LaunchPluginHandler) LauncherPluginService accesstransformer offering transform net.minecraft.world.entity.Entity
[15:50:50] [main/DEBUG] (net.neoforged.accesstransformer.AccessTransformer) Transforming net.minecraft.world.entity.Entity FIELD ENTITY_COUNTER to access PROTECTED and LEAVE
[15:50:50] [main/DEBUG] (net.neoforged.accesstransformer.AccessTransformer) Transforming net.minecraft.world.entity.Entity METHOD getEncodeId()Ljava/lang/String; to access PUBLIC and LEAVE
[15:50:50] [main/DEBUG] (cpw.mods.modlauncher.LaunchPluginHandler) LauncherPluginService accesstransformer transformed net.minecraft.world.entity.Entity with class compute flags 256
[15:50:50] [main/DEBUG] (cpw.mods.modlauncher.LaunchPluginHandler) Final flags state for net.minecraft.world.entity.Entity is 256
[15:50:50] [main/DEBUG] (cpw.mods.modlauncher.LaunchPluginHandler) LauncherPluginService mixin offering transform net.minecraft.world.entity.Entity
[15:50:50] [main/DEBUG] (cpw.mods.modlauncher.LaunchPluginHandler) LauncherPluginService unprotect offering transform net.minecraft.world.entity.Entity
[15:50:50] [main/DEBUG] (cpw.mods.modlauncher.LaunchPluginHandler) LauncherPluginService unprotect transformed net.minecraft.world.entity.Entity with class compute flags 2
[15:50:50] [main/DEBUG] (cpw.mods.modlauncher.LaunchPluginHandler) LauncherPluginService runtimedistcleaner offering transform net.minecraft.world.entity.Entity
[15:50:50] [main/DEBUG] (cpw.mods.modlauncher.LaunchPluginHandler) Final flags state for net.minecraft.world.entity.Entity is 2
[15:50:50] [main/DEBUG] (cpw.mods.modlauncher.LaunchPluginHandler) LaunchPluginService {AFTER=[org.spongepowered.asm.launch.MixinLaunchPlugin@7ce85af2, net.neoforged.fml.common.asm.RuntimeDistCleaner@41b13f3d]}
[15:50:50] [main/DEBUG] (cpw.mods.modlauncher.LaunchPluginHandler) Final flags state for net.neoforged.neoforge.attachment.AttachmentHolder is 0
[15:50:50] [main/DEBUG] (cpw.mods.modlauncher.LaunchPluginHandler) LauncherPluginService mixin offering transform net.neoforged.neoforge.attachment.AttachmentHolder
[15:50:50] [main/DEBUG] (cpw.mods.modlauncher.LaunchPluginHandler) LauncherPluginService runtimedistcleaner offering transform net.neoforged.neoforge.attachment.AttachmentHolder
[15:50:50] [main/DEBUG] (cpw.mods.modlauncher.LaunchPluginHandler) Final flags state for net.neoforged.neoforge.attachment.AttachmentHolder is 0
[15:50:50] [main/DEBUG] (cpw.mods.modlauncher.LaunchPluginHandler) LaunchPluginService {AFTER=[org.spongepowered.asm.launch.MixinLaunchPlugin@7ce85af2, net.neoforged.fml.common.asm.RuntimeDistCleaner@41b13f3d]}
[15:50:50] [main/DEBUG] (cpw.mods.modlauncher.LaunchPluginHandler) Final flags state for net.neoforged.neoforge.attachment.IAttachmentHolder is 0
[15:50:50] [main/DEBUG] (cpw.mods.modlauncher.LaunchPluginHandler) LauncherPluginService mixin offering transform net.neoforged.neoforge.attachment.IAttachmentHolder
[15:50:50] [main/DEBUG] (cpw.mods.modlauncher.LaunchPluginHandler) LauncherPluginService runtimedistcleaner offering transform net.neoforged.neoforge.attachment.IAttachmentHolder
[15:50:50] [main/DEBUG] (cpw.mods.modlauncher.LaunchPluginHandler) Final flags state for net.neoforged.neoforge.attachment.IAttachmentHolder is 0
[15:50:50] [main/DEBUG] (cpw.mods.modlauncher.LaunchPluginHandler) LaunchPluginService {AFTER=[org.spongepowered.asm.launch.MixinLaunchPlugin@7ce85af2, juuxel.unprotect.modlauncher.UnprotectLaunchPlugin@32d418a9, net.neoforged.fml.common.asm.RuntimeDistCleaner@41b13f3d]}
[15:50:50] [main/DEBUG] (cpw.mods.modlauncher.LaunchPluginHandler) Final flags state for net.minecraft.network.syncher.SyncedDataHolder is 0
[15:50:50] [main/DEBUG] (cpw.mods.modlauncher.LaunchPluginHandler) LauncherPluginService mixin offering transform net.minecraft.network.syncher.SyncedDataHolder
[15:50:50] [main/DEBUG] (cpw.mods.modlauncher.LaunchPluginHandler) LauncherPluginService unprotect offering transform net.minecraft.network.syncher.SyncedDataHolder
[15:50:50] [main/DEBUG] (cpw.mods.modlauncher.LaunchPluginHandler) LauncherPluginService runtimedistcleaner offering transform net.minecraft.network.syncher.SyncedDataHolder
[15:50:50] [main/DEBUG] (cpw.mods.modlauncher.LaunchPluginHandler) Final flags state for net.minecraft.network.syncher.SyncedDataHolder is 0
[15:50:50] [main/DEBUG] (cpw.mods.modlauncher.LaunchPluginHandler) LaunchPluginService {AFTER=[org.spongepowered.asm.launch.MixinLaunchPlugin@7ce85af2, juuxel.unprotect.modlauncher.UnprotectLaunchPlugin@32d418a9, net.neoforged.fml.common.asm.RuntimeDistCleaner@41b13f3d]}
[15:50:50] [main/DEBUG] (cpw.mods.modlauncher.LaunchPluginHandler) Final flags state for net.minecraft.world.Nameable is 0
[15:50:50] [main/DEBUG] (cpw.mods.modlauncher.LaunchPluginHandler) LauncherPluginService mixin offering transform net.minecraft.world.Nameable
[15:50:50] [main/DEBUG] (cpw.mods.modlauncher.LaunchPluginHandler) LauncherPluginService unprotect offering transform net.minecraft.world.Nameable
[15:50:50] [main/DEBUG] (cpw.mods.modlauncher.LaunchPluginHandler) LauncherPluginService runtimedistcleaner offering transform net.minecraft.world.Nameable
[15:50:50] [main/DEBUG] (cpw.mods.modlauncher.LaunchPluginHandler) Final flags state for net.minecraft.world.Nameable is 0
[15:50:50] [main/DEBUG] (cpw.mods.modlauncher.LaunchPluginHandler) LaunchPluginService {AFTER=[org.spongepowered.asm.launch.MixinLaunchPlugin@7ce85af2, juuxel.unprotect.modlauncher.UnprotectLaunchPlugin@32d418a9, net.neoforged.fml.common.asm.RuntimeDistCleaner@41b13f3d]}
[15:50:50] [main/DEBUG] (cpw.mods.modlauncher.LaunchPluginHandler) Final flags state for net.minecraft.world.level.entity.EntityAccess is 0
[15:50:50] [main/DEBUG] (cpw.mods.modlauncher.LaunchPluginHandler) LauncherPluginService mixin offering transform net.minecraft.world.level.entity.EntityAccess
[15:50:50] [main/DEBUG] (cpw.mods.modlauncher.LaunchPluginHandler) LauncherPluginService unprotect offering transform net.minecraft.world.level.entity.EntityAccess
[15:50:50] [main/DEBUG] (cpw.mods.modlauncher.LaunchPluginHandler) LauncherPluginService runtimedistcleaner offering transform net.minecraft.world.level.entity.EntityAccess
[15:50:50] [main/DEBUG] (cpw.mods.modlauncher.LaunchPluginHandler) Final flags state for net.minecraft.world.level.entity.EntityAccess is 0
[15:50:50] [main/DEBUG] (cpw.mods.modlauncher.LaunchPluginHandler) LaunchPluginService {AFTER=[org.spongepowered.asm.launch.MixinLaunchPlugin@7ce85af2, juuxel.unprotect.modlauncher.UnprotectLaunchPlugin@32d418a9, net.neoforged.fml.common.asm.RuntimeDistCleaner@41b13f3d]}
[15:50:50] [main/DEBUG] (cpw.mods.modlauncher.LaunchPluginHandler) Final flags state for net.minecraft.commands.CommandSource is 0
[15:50:50] [main/DEBUG] (cpw.mods.modlauncher.LaunchPluginHandler) LauncherPluginService mixin offering transform net.minecraft.commands.CommandSource
[15:50:50] [main/DEBUG] (cpw.mods.modlauncher.LaunchPluginHandler) LauncherPluginService unprotect offering transform net.minecraft.commands.CommandSource
[15:50:50] [main/DEBUG] (cpw.mods.modlauncher.LaunchPluginHandler) LauncherPluginService unprotect transformed net.minecraft.commands.CommandSource with class compute flags 2
[15:50:50] [main/DEBUG] (cpw.mods.modlauncher.LaunchPluginHandler) LauncherPluginService runtimedistcleaner offering transform net.minecraft.commands.CommandSource
[15:50:50] [main/DEBUG] (cpw.mods.modlauncher.LaunchPluginHandler) Final flags state for net.minecraft.commands.CommandSource is 2
[15:50:50] [main/DEBUG] (cpw.mods.modlauncher.LaunchPluginHandler) LaunchPluginService {AFTER=[org.spongepowered.asm.launch.MixinLaunchPlugin@7ce85af2, juuxel.unprotect.modlauncher.UnprotectLaunchPlugin@32d418a9, net.neoforged.fml.common.asm.RuntimeDistCleaner@41b13f3d]}
[15:50:50] [main/DEBUG] (cpw.mods.modlauncher.LaunchPluginHandler) Final flags state for net.minecraft.world.scores.ScoreHolder is 0
[15:50:50] [main/DEBUG] (cpw.mods.modlauncher.LaunchPluginHandler) LauncherPluginService mixin offering transform net.minecraft.world.scores.ScoreHolder
[15:50:50] [main/DEBUG] (cpw.mods.modlauncher.LaunchPluginHandler) LauncherPluginService unprotect offering transform net.minecraft.world.scores.ScoreHolder
[15:50:50] [main/DEBUG] (cpw.mods.modlauncher.LaunchPluginHandler) LauncherPluginService unprotect transformed net.minecraft.world.scores.ScoreHolder with class compute flags 2
[15:50:50] [main/DEBUG] (cpw.mods.modlauncher.LaunchPluginHandler) LauncherPluginService runtimedistcleaner offering transform net.minecraft.world.scores.ScoreHolder
[15:50:50] [main/DEBUG] (cpw.mods.modlauncher.LaunchPluginHandler) Final flags state for net.minecraft.world.scores.ScoreHolder is 2
[15:50:50] [main/DEBUG] (cpw.mods.modlauncher.LaunchPluginHandler) LaunchPluginService {AFTER=[org.spongepowered.asm.launch.MixinLaunchPlugin@7ce85af2, net.neoforged.fml.common.asm.RuntimeDistCleaner@41b13f3d]}
[15:50:50] [main/DEBUG] (cpw.mods.modlauncher.LaunchPluginHandler) Final flags state for net.neoforged.neoforge.common.extensions.IEntityExtension is 0
[15:50:50] [main/DEBUG] (cpw.mods.modlauncher.LaunchPluginHandler) LauncherPluginService mixin offering transform net.neoforged.neoforge.common.extensions.IEntityExtension
[15:50:50] [main/DEBUG] (cpw.mods.modlauncher.LaunchPluginHandler) LauncherPluginService runtimedistcleaner offering transform net.neoforged.neoforge.common.extensions.IEntityExtension
[15:50:50] [main/DEBUG] (cpw.mods.modlauncher.LaunchPluginHandler) Final flags state for net.neoforged.neoforge.common.extensions.IEntityExtension is 0
[15:50:50] [main/DEBUG] (cpw.mods.modlauncher.LaunchPluginHandler) LaunchPluginService {AFTER=[org.spongepowered.asm.launch.MixinLaunchPlugin@7ce85af2, net.neoforged.fml.common.asm.RuntimeDistCleaner@41b13f3d]}
[15:50:50] [main/DEBUG] (cpw.mods.modlauncher.LaunchPluginHandler) Final flags state for net.neoforged.neoforge.common.util.INBTSerializable is 0
[15:50:50] [main/DEBUG] (cpw.mods.modlauncher.LaunchPluginHandler) LauncherPluginService mixin offering transform net.neoforged.neoforge.common.util.INBTSerializable
[15:50:50] [main/DEBUG] (cpw.mods.modlauncher.LaunchPluginHandler) LauncherPluginService runtimedistcleaner offering transform net.neoforged.neoforge.common.util.INBTSerializable
[15:50:50] [main/DEBUG] (cpw.mods.modlauncher.LaunchPluginHandler) Final flags state for net.neoforged.neoforge.common.util.INBTSerializable is 0
[15:50:50] [main/DEBUG] (cpw.mods.modlauncher.LaunchPluginHandler) LaunchPluginService {AFTER=[org.spongepowered.asm.launch.MixinLaunchPlugin@7ce85af2, juuxel.unprotect.modlauncher.UnprotectLaunchPlugin@32d418a9, net.neoforged.fml.common.asm.RuntimeDistCleaner@41b13f3d]}
[15:50:50] [main/DEBUG] (cpw.mods.modlauncher.LaunchPluginHandler) Final flags state for net.minecraft.core.BlockPos is 0
[15:50:50] [main/DEBUG] (cpw.mods.modlauncher.LaunchPluginHandler) LauncherPluginService mixin offering transform net.minecraft.core.BlockPos
[15:50:50] [main/DEBUG] (cpw.mods.modlauncher.LaunchPluginHandler) LauncherPluginService unprotect offering transform net.minecraft.core.BlockPos
[15:50:50] [main/DEBUG] (cpw.mods.modlauncher.LaunchPluginHandler) LauncherPluginService unprotect transformed net.minecraft.core.BlockPos with class compute flags 2
[15:50:50] [main/DEBUG] (cpw.mods.modlauncher.LaunchPluginHandler) LauncherPluginService runtimedistcleaner offering transform net.minecraft.core.BlockPos
[15:50:50] [main/DEBUG] (cpw.mods.modlauncher.LaunchPluginHandler) Final flags state for net.minecraft.core.BlockPos is 2
[15:50:50] [main/DEBUG] (cpw.mods.modlauncher.LaunchPluginHandler) LaunchPluginService {AFTER=[org.spongepowered.asm.launch.MixinLaunchPlugin@7ce85af2, juuxel.unprotect.modlauncher.UnprotectLaunchPlugin@32d418a9, net.neoforged.fml.common.asm.RuntimeDistCleaner@41b13f3d]}
[15:50:50] [main/DEBUG] (cpw.mods.modlauncher.LaunchPluginHandler) Final flags state for net.minecraft.core.Vec3i is 0
[15:50:50] [main/DEBUG] (cpw.mods.modlauncher.LaunchPluginHandler) LauncherPluginService mixin offering transform net.minecraft.core.Vec3i
[15:50:50] [main/DEBUG] (cpw.mods.modlauncher.LaunchPluginHandler) LauncherPluginService unprotect offering transform net.minecraft.core.Vec3i
[15:50:50] [main/DEBUG] (cpw.mods.modlauncher.LaunchPluginHandler) LauncherPluginService unprotect transformed net.minecraft.core.Vec3i with class compute flags 2
[15:50:50] [main/DEBUG] (cpw.mods.modlauncher.LaunchPluginHandler) LauncherPluginService runtimedistcleaner offering transform net.minecraft.core.Vec3i
[15:50:50] [main/DEBUG] (cpw.mods.modlauncher.LaunchPluginHandler) Final flags state for net.minecraft.core.Vec3i is 2
[15:50:50] [main/DEBUG] (cpw.mods.modlauncher.LaunchPluginHandler) LaunchPluginService {AFTER=[org.spongepowered.asm.launch.MixinLaunchPlugin@7ce85af2, juuxel.unprotect.modlauncher.UnprotectLaunchPlugin@32d418a9, net.neoforged.fml.common.asm.RuntimeDistCleaner@41b13f3d]}
[15:50:50] [main/DEBUG] (cpw.mods.modlauncher.LaunchPluginHandler) Final flags state for com.mojang.blaze3d.platform.WindowEventHandler is 0
[15:50:50] [main/DEBUG] (cpw.mods.modlauncher.LaunchPluginHandler) LauncherPluginService mixin offering transform com.mojang.blaze3d.platform.WindowEventHandler
[15:50:50] [main/DEBUG] (cpw.mods.modlauncher.LaunchPluginHandler) LauncherPluginService unprotect offering transform com.mojang.blaze3d.platform.WindowEventHandler
[15:50:50] [main/DEBUG] (cpw.mods.modlauncher.LaunchPluginHandler) LauncherPluginService runtimedistcleaner offering transform com.mojang.blaze3d.platform.WindowEventHandler
[15:50:50] [main/DEBUG] (net.neoforged.fml.common.asm.RuntimeDistCleaner) Removing Class Annotation: com/mojang/blaze3d/platform/WindowEventHandler @Lnet/neoforged/api/distmarker/OnlyIn;
[15:50:50] [main/DEBUG] (cpw.mods.modlauncher.LaunchPluginHandler) LauncherPluginService runtimedistcleaner transformed com.mojang.blaze3d.platform.WindowEventHandler with class compute flags 256
[15:50:50] [main/DEBUG] (cpw.mods.modlauncher.LaunchPluginHandler) Final flags state for com.mojang.blaze3d.platform.WindowEventHandler is 256
[15:50:50] [main/DEBUG] (cpw.mods.modlauncher.LaunchPluginHandler) LaunchPluginService {AFTER=[org.spongepowered.asm.launch.MixinLaunchPlugin@7ce85af2, net.neoforged.fml.common.asm.RuntimeDistCleaner@41b13f3d]}
[15:50:50] [main/DEBUG] (cpw.mods.modlauncher.LaunchPluginHandler) Final flags state for net.neoforged.neoforge.client.extensions.IMinecraftExtension is 0
[15:50:50] [main/DEBUG] (cpw.mods.modlauncher.LaunchPluginHandler) LauncherPluginService mixin offering transform net.neoforged.neoforge.client.extensions.IMinecraftExtension
[15:50:50] [main/DEBUG] (cpw.mods.modlauncher.LaunchPluginHandler) LauncherPluginService runtimedistcleaner offering transform net.neoforged.neoforge.client.extensions.IMinecraftExtension
[15:50:50] [main/DEBUG] (cpw.mods.modlauncher.LaunchPluginHandler) Final flags state for net.neoforged.neoforge.client.extensions.IMinecraftExtension is 0
[15:50:50] [main/DEBUG] (cpw.mods.modlauncher.LaunchPluginHandler) LaunchPluginService {AFTER=[org.spongepowered.asm.launch.MixinLaunchPlugin@7ce85af2, juuxel.unprotect.modlauncher.UnprotectLaunchPlugin@32d418a9, net.neoforged.fml.common.asm.RuntimeDistCleaner@41b13f3d]}
[15:50:50] [main/DEBUG] (cpw.mods.modlauncher.LaunchPluginHandler) Final flags state for net.minecraft.util.thread.ReentrantBlockableEventLoop is 0
[15:50:50] [main/DEBUG] (cpw.mods.modlauncher.LaunchPluginHandler) LauncherPluginService mixin offering transform net.minecraft.util.thread.ReentrantBlockableEventLoop
[15:50:50] [main/DEBUG] (cpw.mods.modlauncher.LaunchPluginHandler) LauncherPluginService unprotect offering transform net.minecraft.util.thread.ReentrantBlockableEventLoop
[15:50:50] [main/DEBUG] (cpw.mods.modlauncher.LaunchPluginHandler) LauncherPluginService unprotect transformed net.minecraft.util.thread.ReentrantBlockableEventLoop with class compute flags 2
[15:50:50] [main/DEBUG] (cpw.mods.modlauncher.LaunchPluginHandler) LauncherPluginService runtimedistcleaner offering transform net.minecraft.util.thread.ReentrantBlockableEventLoop
[15:50:50] [main/DEBUG] (cpw.mods.modlauncher.LaunchPluginHandler) Final flags state for net.minecraft.util.thread.ReentrantBlockableEventLoop is 2
[15:50:50] [main/DEBUG] (cpw.mods.modlauncher.LaunchPluginHandler) LaunchPluginService {BEFORE=[net.neoforged.accesstransformer.ml.AccessTransformerService@52ea0269], AFTER=[org.spongepowered.asm.launch.MixinLaunchPlugin@7ce85af2, juuxel.unprotect.modlauncher.UnprotectLaunchPlugin@32d418a9, net.neoforged.fml.common.asm.RuntimeDistCleaner@41b13f3d]}
[15:50:50] [main/DEBUG] (cpw.mods.modlauncher.LaunchPluginHandler) LauncherPluginService accesstransformer offering transform net.minecraft.util.thread.BlockableEventLoop
[15:50:50] [main/DEBUG] (net.neoforged.accesstransformer.AccessTransformer) Transforming net.minecraft.util.thread.BlockableEventLoop METHOD submitAsync(Ljava/lang/Runnable;)Ljava/util/concurrent/CompletableFuture; to access PUBLIC and LEAVE
[15:50:50] [main/DEBUG] (cpw.mods.modlauncher.LaunchPluginHandler) LauncherPluginService accesstransformer transformed net.minecraft.util.thread.BlockableEventLoop with class compute flags 256
[15:50:50] [main/DEBUG] (cpw.mods.modlauncher.LaunchPluginHandler) Final flags state for net.minecraft.util.thread.BlockableEventLoop is 256
[15:50:50] [main/DEBUG] (cpw.mods.modlauncher.LaunchPluginHandler) LauncherPluginService mixin offering transform net.minecraft.util.thread.BlockableEventLoop
[15:50:50] [main/DEBUG] (cpw.mods.modlauncher.LaunchPluginHandler) LauncherPluginService unprotect offering transform net.minecraft.util.thread.BlockableEventLoop
[15:50:50] [main/DEBUG] (cpw.mods.modlauncher.LaunchPluginHandler) LauncherPluginService unprotect transformed net.minecraft.util.thread.BlockableEventLoop with class compute flags 2
[15:50:50] [main/DEBUG] (cpw.mods.modlauncher.LaunchPluginHandler) LauncherPluginService runtimedistcleaner offering transform net.minecraft.util.thread.BlockableEventLoop
[15:50:50] [main/DEBUG] (cpw.mods.modlauncher.LaunchPluginHandler) Final flags state for net.minecraft.util.thread.BlockableEventLoop is 2
[15:50:50] [main/DEBUG] (cpw.mods.modlauncher.LaunchPluginHandler) LaunchPluginService {AFTER=[org.spongepowered.asm.launch.MixinLaunchPlugin@7ce85af2, juuxel.unprotect.modlauncher.UnprotectLaunchPlugin@32d418a9, net.neoforged.fml.common.asm.RuntimeDistCleaner@41b13f3d]}
[15:50:50] [main/DEBUG] (cpw.mods.modlauncher.LaunchPluginHandler) Final flags state for net.minecraft.util.profiling.metrics.ProfilerMeasured is 0
[15:50:50] [main/DEBUG] (cpw.mods.modlauncher.LaunchPluginHandler) LauncherPluginService mixin offering transform net.minecraft.util.profiling.metrics.ProfilerMeasured
[15:50:50] [main/DEBUG] (cpw.mods.modlauncher.LaunchPluginHandler) LauncherPluginService unprotect offering transform net.minecraft.util.profiling.metrics.ProfilerMeasured
[15:50:50] [main/DEBUG] (cpw.mods.modlauncher.LaunchPluginHandler) LauncherPluginService runtimedistcleaner offering transform net.minecraft.util.profiling.metrics.ProfilerMeasured
[15:50:50] [main/DEBUG] (cpw.mods.modlauncher.LaunchPluginHandler) Final flags state for net.minecraft.util.profiling.metrics.ProfilerMeasured is 0
[15:50:50] [main/DEBUG] (cpw.mods.modlauncher.LaunchPluginHandler) LaunchPluginService {AFTER=[org.spongepowered.asm.launch.MixinLaunchPlugin@7ce85af2, juuxel.unprotect.modlauncher.UnprotectLaunchPlugin@32d418a9, net.neoforged.fml.common.asm.RuntimeDistCleaner@41b13f3d]}
[15:50:50] [main/DEBUG] (cpw.mods.modlauncher.LaunchPluginHandler) Final flags state for net.minecraft.util.thread.ProcessorHandle is 0
[15:50:50] [main/DEBUG] (cpw.mods.modlauncher.LaunchPluginHandler) LauncherPluginService mixin offering transform net.minecraft.util.thread.ProcessorHandle
[15:50:50] [main/DEBUG] (cpw.mods.modlauncher.LaunchPluginHandler) LauncherPluginService unprotect offering transform net.minecraft.util.thread.ProcessorHandle
[15:50:50] [main/DEBUG] (cpw.mods.modlauncher.LaunchPluginHandler) LauncherPluginService unprotect transformed net.minecraft.util.thread.ProcessorHandle with class compute flags 2
[15:50:50] [main/DEBUG] (cpw.mods.modlauncher.LaunchPluginHandler) LauncherPluginService runtimedistcleaner offering transform net.minecraft.util.thread.ProcessorHandle
[15:50:50] [main/DEBUG] (cpw.mods.modlauncher.LaunchPluginHandler) Final flags state for net.minecraft.util.thread.ProcessorHandle is 2
[15:50:50] [main/DEBUG] (cpw.mods.modlauncher.LaunchPluginHandler) LaunchPluginService {AFTER=[org.spongepowered.asm.launch.MixinLaunchPlugin@7ce85af2, net.neoforged.fml.common.asm.RuntimeDistCleaner@41b13f3d]}
[15:50:50] [main/DEBUG] (cpw.mods.modlauncher.LaunchPluginHandler) Final flags state for org.apache.logging.log4j.core.impl.ContextAnchor is 0
[15:50:50] [main/DEBUG] (cpw.mods.modlauncher.LaunchPluginHandler) LauncherPluginService mixin offering transform org.apache.logging.log4j.core.impl.ContextAnchor
[15:50:50] [main/DEBUG] (cpw.mods.modlauncher.LaunchPluginHandler) LauncherPluginService runtimedistcleaner offering transform org.apache.logging.log4j.core.impl.ContextAnchor
[15:50:50] [main/DEBUG] (cpw.mods.modlauncher.LaunchPluginHandler) Final flags state for org.apache.logging.log4j.core.impl.ContextAnchor is 0
[15:50:50] [main/DEBUG] (cpw.mods.modlauncher.LaunchPluginHandler) LaunchPluginService {AFTER=[org.spongepowered.asm.launch.MixinLaunchPlugin@7ce85af2, net.neoforged.fml.common.asm.RuntimeDistCleaner@41b13f3d]}
[15:50:50] [main/DEBUG] (cpw.mods.modlauncher.LaunchPluginHandler) Final flags state for org.apache.logging.log4j.message.ParameterizedMessage is 0
[15:50:50] [main/DEBUG] (cpw.mods.modlauncher.LaunchPluginHandler) LauncherPluginService mixin offering transform org.apache.logging.log4j.message.ParameterizedMessage
[15:50:50] [main/DEBUG] (cpw.mods.modlauncher.LaunchPluginHandler) LauncherPluginService runtimedistcleaner offering transform org.apache.logging.log4j.message.ParameterizedMessage
[15:50:50] [main/DEBUG] (cpw.mods.modlauncher.LaunchPluginHandler) Final flags state for org.apache.logging.log4j.message.ParameterizedMessage is 0
[15:50:50] [main/DEBUG] (cpw.mods.modlauncher.LaunchPluginHandler) LaunchPluginService {AFTER=[org.spongepowered.asm.launch.MixinLaunchPlugin@7ce85af2, net.neoforged.fml.common.asm.RuntimeDistCleaner@41b13f3d]}
[15:50:50] [main/DEBUG] (cpw.mods.modlauncher.LaunchPluginHandler) Final flags state for org.apache.logging.log4j.message.ParameterizedNoReferenceMessageFactory$StatusMessage is 0
[15:50:50] [main/DEBUG] (cpw.mods.modlauncher.LaunchPluginHandler) LauncherPluginService mixin offering transform org.apache.logging.log4j.message.ParameterizedNoReferenceMessageFactory$StatusMessage
[15:50:50] [main/DEBUG] (cpw.mods.modlauncher.LaunchPluginHandler) LauncherPluginService runtimedistcleaner offering transform org.apache.logging.log4j.message.ParameterizedNoReferenceMessageFactory$StatusMessage
[15:50:50] [main/DEBUG] (cpw.mods.modlauncher.LaunchPluginHandler) Final flags state for org.apache.logging.log4j.message.ParameterizedNoReferenceMessageFactory$StatusMessage is 0
[15:50:50] [main/DEBUG] (cpw.mods.modlauncher.LaunchPluginHandler) LaunchPluginService {AFTER=[org.spongepowered.asm.launch.MixinLaunchPlugin@7ce85af2, net.neoforged.fml.common.asm.RuntimeDistCleaner@41b13f3d]}
[15:50:50] [main/DEBUG] (cpw.mods.modlauncher.LaunchPluginHandler) Final flags state for org.apache.logging.log4j.LogBuilder$1 is 0
[15:50:50] [main/DEBUG] (cpw.mods.modlauncher.LaunchPluginHandler) LauncherPluginService mixin offering transform org.apache.logging.log4j.LogBuilder$1
[15:50:50] [main/DEBUG] (cpw.mods.modlauncher.LaunchPluginHandler) LauncherPluginService runtimedistcleaner offering transform org.apache.logging.log4j.LogBuilder$1
[15:50:50] [main/DEBUG] (cpw.mods.modlauncher.LaunchPluginHandler) Final flags state for org.apache.logging.log4j.LogBuilder$1 is 0
[15:50:50] [main/DEBUG] (cpw.mods.modlauncher.LaunchPluginHandler) LaunchPluginService {AFTER=[org.spongepowered.asm.launch.MixinLaunchPlugin@7ce85af2, net.neoforged.fml.common.asm.RuntimeDistCleaner@41b13f3d]}
[15:50:50] [main/DEBUG] (cpw.mods.modlauncher.LaunchPluginHandler) Final flags state for org.apache.logging.log4j.core.net.UrlConnectionFactory is 0
[15:50:50] [main/DEBUG] (cpw.mods.modlauncher.LaunchPluginHandler) LauncherPluginService mixin offering transform org.apache.logging.log4j.core.net.UrlConnectionFactory
[15:50:50] [main/DEBUG] (cpw.mods.modlauncher.LaunchPluginHandler) LauncherPluginService runtimedistcleaner offering transform org.apache.logging.log4j.core.net.UrlConnectionFactory
[15:50:50] [main/DEBUG] (cpw.mods.modlauncher.LaunchPluginHandler) Final flags state for org.apache.logging.log4j.core.net.UrlConnectionFactory is 0
[15:50:50] [main/DEBUG] (cpw.mods.modlauncher.LaunchPluginHandler) LaunchPluginService {AFTER=[org.spongepowered.asm.launch.MixinLaunchPlugin@7ce85af2, net.neoforged.fml.common.asm.RuntimeDistCleaner@41b13f3d]}
[15:50:50] [main/DEBUG] (cpw.mods.modlauncher.LaunchPluginHandler) Final flags state for org.apache.logging.log4j.core.config.Configurator is 0
[15:50:50] [main/DEBUG] (cpw.mods.modlauncher.LaunchPluginHandler) LauncherPluginService mixin offering transform org.apache.logging.log4j.core.config.Configurator
[15:50:50] [main/DEBUG] (cpw.mods.modlauncher.LaunchPluginHandler) LauncherPluginService runtimedistcleaner offering transform org.apache.logging.log4j.core.config.Configurator
[15:50:50] [main/DEBUG] (cpw.mods.modlauncher.LaunchPluginHandler) Final flags state for org.apache.logging.log4j.core.config.Configurator is 0
[15:50:50] [main/DEBUG] (cpw.mods.modlauncher.LaunchPluginHandler) LaunchPluginService {AFTER=[org.spongepowered.asm.launch.MixinLaunchPlugin@7ce85af2, net.neoforged.fml.common.asm.RuntimeDistCleaner@41b13f3d]}
[15:50:50] [main/DEBUG] (cpw.mods.modlauncher.LaunchPluginHandler) Final flags state for org.jline.reader.LineReader is 0
[15:50:50] [main/DEBUG] (cpw.mods.modlauncher.LaunchPluginHandler) LauncherPluginService mixin offering transform org.jline.reader.LineReader
[15:50:50] [main/DEBUG] (cpw.mods.modlauncher.LaunchPluginHandler) LauncherPluginService runtimedistcleaner offering transform org.jline.reader.LineReader
[15:50:50] [main/DEBUG] (cpw.mods.modlauncher.LaunchPluginHandler) Final flags state for org.jline.reader.LineReader is 0
[15:50:50] [main/DEBUG] (cpw.mods.modlauncher.LaunchPluginHandler) LaunchPluginService {AFTER=[org.spongepowered.asm.launch.MixinLaunchPlugin@7ce85af2, net.neoforged.fml.common.asm.RuntimeDistCleaner@41b13f3d]}
[15:50:50] [main/DEBUG] (cpw.mods.modlauncher.LaunchPluginHandler) Final flags state for org.jline.terminal.Terminal is 0
[15:50:50] [main/DEBUG] (cpw.mods.modlauncher.LaunchPluginHandler) LauncherPluginService mixin offering transform org.jline.terminal.Terminal
[15:50:50] [main/DEBUG] (cpw.mods.modlauncher.LaunchPluginHandler) LauncherPluginService runtimedistcleaner offering transform org.jline.terminal.Terminal
[15:50:50] [main/DEBUG] (cpw.mods.modlauncher.LaunchPluginHandler) Final flags state for org.jline.terminal.Terminal is 0
[15:50:50] [main/DEBUG] (cpw.mods.modlauncher.LaunchPluginHandler) LaunchPluginService {AFTER=[org.spongepowered.asm.launch.MixinLaunchPlugin@7ce85af2, net.neoforged.fml.common.asm.RuntimeDistCleaner@41b13f3d]}
[15:50:50] [main/DEBUG] (cpw.mods.modlauncher.LaunchPluginHandler) Final flags state for org.jline.terminal.TerminalBuilder is 0
[15:50:50] [main/DEBUG] (cpw.mods.modlauncher.LaunchPluginHandler) LauncherPluginService mixin offering transform org.jline.terminal.TerminalBuilder
[15:50:50] [main/DEBUG] (cpw.mods.modlauncher.LaunchPluginHandler) LauncherPluginService runtimedistcleaner offering transform org.jline.terminal.TerminalBuilder
[15:50:50] [main/DEBUG] (cpw.mods.modlauncher.LaunchPluginHandler) Final flags state for org.jline.terminal.TerminalBuilder is 0
[15:50:50] [main/DEBUG] (cpw.mods.modlauncher.LaunchPluginHandler) LaunchPluginService {AFTER=[org.spongepowered.asm.launch.MixinLaunchPlugin@7ce85af2, net.neoforged.fml.common.asm.RuntimeDistCleaner@41b13f3d]}
[15:50:50] [main/DEBUG] (cpw.mods.modlauncher.LaunchPluginHandler) Final flags state for org.jline.terminal.Terminal$SignalHandler is 0
[15:50:50] [main/DEBUG] (cpw.mods.modlauncher.LaunchPluginHandler) LauncherPluginService mixin offering transform org.jline.terminal.Terminal$SignalHandler
[15:50:50] [main/DEBUG] (cpw.mods.modlauncher.LaunchPluginHandler) LauncherPluginService runtimedistcleaner offering transform org.jline.terminal.Terminal$SignalHandler
[15:50:50] [main/DEBUG] (cpw.mods.modlauncher.LaunchPluginHandler) Final flags state for org.jline.terminal.Terminal$SignalHandler is 0
[15:50:50] [main/DEBUG] (cpw.mods.modlauncher.LaunchPluginHandler) LaunchPluginService {AFTER=[org.spongepowered.asm.launch.MixinLaunchPlugin@7ce85af2, net.neoforged.fml.common.asm.RuntimeDistCleaner@41b13f3d]}
[15:50:50] [main/DEBUG] (cpw.mods.modlauncher.LaunchPluginHandler) Final flags state for org.jline.terminal.impl.NativeSignalHandler is 0
[15:50:50] [main/DEBUG] (cpw.mods.modlauncher.LaunchPluginHandler) LauncherPluginService mixin offering transform org.jline.terminal.impl.NativeSignalHandler
[15:50:50] [main/DEBUG] (cpw.mods.modlauncher.LaunchPluginHandler) LauncherPluginService runtimedistcleaner offering transform org.jline.terminal.impl.NativeSignalHandler
[15:50:50] [main/DEBUG] (cpw.mods.modlauncher.LaunchPluginHandler) Final flags state for org.jline.terminal.impl.NativeSignalHandler is 0
[15:50:50] [main/DEBUG] (cpw.mods.modlauncher.LaunchPluginHandler) LaunchPluginService {AFTER=[org.spongepowered.asm.launch.MixinLaunchPlugin@7ce85af2, net.neoforged.fml.common.asm.RuntimeDistCleaner@41b13f3d]}
[15:50:50] [main/DEBUG] (cpw.mods.modlauncher.LaunchPluginHandler) Final flags state for org.jline.terminal.TerminalBuilder$TerminalBuilderSupport is 0
[15:50:50] [main/DEBUG] (cpw.mods.modlauncher.LaunchPluginHandler) LauncherPluginService mixin offering transform org.jline.terminal.TerminalBuilder$TerminalBuilderSupport
[15:50:50] [main/DEBUG] (cpw.mods.modlauncher.LaunchPluginHandler) LauncherPluginService runtimedistcleaner offering transform org.jline.terminal.TerminalBuilder$TerminalBuilderSupport
[15:50:50] [main/DEBUG] (cpw.mods.modlauncher.LaunchPluginHandler) Final flags state for org.jline.terminal.TerminalBuilder$TerminalBuilderSupport is 0
[15:50:50] [main/DEBUG] (cpw.mods.modlauncher.LaunchPluginHandler) LaunchPluginService {AFTER=[org.spongepowered.asm.launch.MixinLaunchPlugin@7ce85af2, net.neoforged.fml.common.asm.RuntimeDistCleaner@41b13f3d]}
[15:50:50] [main/DEBUG] (cpw.mods.modlauncher.LaunchPluginHandler) Final flags state for org.jline.terminal.spi.JnaSupport is 0
[15:50:50] [main/DEBUG] (cpw.mods.modlauncher.LaunchPluginHandler) LauncherPluginService mixin offering transform org.jline.terminal.spi.JnaSupport
[15:50:50] [main/DEBUG] (cpw.mods.modlauncher.LaunchPluginHandler) LauncherPluginService runtimedistcleaner offering transform org.jline.terminal.spi.JnaSupport
[15:50:50] [main/DEBUG] (cpw.mods.modlauncher.LaunchPluginHandler) Final flags state for org.jline.terminal.spi.JnaSupport is 0
[15:50:50] [main/DEBUG] (cpw.mods.modlauncher.LaunchPluginHandler) LaunchPluginService {AFTER=[org.spongepowered.asm.launch.MixinLaunchPlugin@7ce85af2, net.neoforged.fml.common.asm.RuntimeDistCleaner@41b13f3d]}
[15:50:50] [main/DEBUG] (cpw.mods.modlauncher.LaunchPluginHandler) Final flags state for org.jline.utils.Log is 0
[15:50:50] [main/DEBUG] (cpw.mods.modlauncher.LaunchPluginHandler) LauncherPluginService mixin offering transform org.jline.utils.Log
[15:50:50] [main/DEBUG] (cpw.mods.modlauncher.LaunchPluginHandler) LauncherPluginService runtimedistcleaner offering transform org.jline.utils.Log
[15:50:50] [main/DEBUG] (cpw.mods.modlauncher.LaunchPluginHandler) Final flags state for org.jline.utils.Log is 0
[15:50:50] [main/DEBUG] (cpw.mods.modlauncher.LaunchPluginHandler) LaunchPluginService {AFTER=[org.spongepowered.asm.launch.MixinLaunchPlugin@7ce85af2, net.neoforged.fml.common.asm.RuntimeDistCleaner@41b13f3d]}
[15:50:50] [main/DEBUG] (cpw.mods.modlauncher.LaunchPluginHandler) Final flags state for org.jline.terminal.spi.JansiSupport is 0
[15:50:50] [main/DEBUG] (cpw.mods.modlauncher.LaunchPluginHandler) LauncherPluginService mixin offering transform org.jline.terminal.spi.JansiSupport
[15:50:50] [main/DEBUG] (cpw.mods.modlauncher.LaunchPluginHandler) LauncherPluginService runtimedistcleaner offering transform org.jline.terminal.spi.JansiSupport
[15:50:50] [main/DEBUG] (cpw.mods.modlauncher.LaunchPluginHandler) Final flags state for org.jline.terminal.spi.JansiSupport is 0
[15:50:50] [main/DEBUG] (cpw.mods.modlauncher.LaunchPluginHandler) LaunchPluginService {AFTER=[org.spongepowered.asm.launch.MixinLaunchPlugin@7ce85af2, net.neoforged.fml.common.asm.RuntimeDistCleaner@41b13f3d]}
[15:50:50] [main/DEBUG] (cpw.mods.modlauncher.LaunchPluginHandler) Final flags state for org.jline.terminal.impl.ExecPty is 0
[15:50:50] [main/DEBUG] (cpw.mods.modlauncher.LaunchPluginHandler) LauncherPluginService mixin offering transform org.jline.terminal.impl.ExecPty
[15:50:50] [main/DEBUG] (cpw.mods.modlauncher.LaunchPluginHandler) LauncherPluginService runtimedistcleaner offering transform org.jline.terminal.impl.ExecPty
[15:50:50] [main/DEBUG] (cpw.mods.modlauncher.LaunchPluginHandler) Final flags state for org.jline.terminal.impl.ExecPty is 0
[15:50:50] [main/DEBUG] (cpw.mods.modlauncher.LaunchPluginHandler) LaunchPluginService {AFTER=[org.spongepowered.asm.launch.MixinLaunchPlugin@7ce85af2, net.neoforged.fml.common.asm.RuntimeDistCleaner@41b13f3d]}
[15:50:50] [main/DEBUG] (cpw.mods.modlauncher.LaunchPluginHandler) Final flags state for org.jline.terminal.spi.Pty is 0
[15:50:50] [main/DEBUG] (cpw.mods.modlauncher.LaunchPluginHandler) LauncherPluginService mixin offering transform org.jline.terminal.spi.Pty
[15:50:50] [main/DEBUG] (cpw.mods.modlauncher.LaunchPluginHandler) LauncherPluginService runtimedistcleaner offering transform org.jline.terminal.spi.Pty
[15:50:50] [main/DEBUG] (cpw.mods.modlauncher.LaunchPluginHandler) Final flags state for org.jline.terminal.spi.Pty is 0
[15:50:50] [main/DEBUG] (cpw.mods.modlauncher.LaunchPluginHandler) LaunchPluginService {AFTER=[org.spongepowered.asm.launch.MixinLaunchPlugin@7ce85af2, net.neoforged.fml.common.asm.RuntimeDistCleaner@41b13f3d]}
[15:50:50] [main/DEBUG] (cpw.mods.modlauncher.LaunchPluginHandler) Final flags state for org.jline.terminal.impl.AbstractPty is 0
[15:50:50] [main/DEBUG] (cpw.mods.modlauncher.LaunchPluginHandler) LauncherPluginService mixin offering transform org.jline.terminal.impl.AbstractPty
[15:50:50] [main/DEBUG] (cpw.mods.modlauncher.LaunchPluginHandler) LauncherPluginService runtimedistcleaner offering transform org.jline.terminal.impl.AbstractPty
[15:50:50] [main/DEBUG] (cpw.mods.modlauncher.LaunchPluginHandler) Final flags state for org.jline.terminal.impl.AbstractPty is 0
[15:50:50] [main/DEBUG] (cpw.mods.modlauncher.LaunchPluginHandler) LaunchPluginService {AFTER=[org.spongepowered.asm.launch.MixinLaunchPlugin@7ce85af2, net.neoforged.fml.common.asm.RuntimeDistCleaner@41b13f3d]}
[15:50:50] [main/DEBUG] (cpw.mods.modlauncher.LaunchPluginHandler) Final flags state for org.jline.terminal.impl.AbstractPty$PtyInputStream is 0
[15:50:50] [main/DEBUG] (cpw.mods.modlauncher.LaunchPluginHandler) LauncherPluginService mixin offering transform org.jline.terminal.impl.AbstractPty$PtyInputStream
[15:50:50] [main/DEBUG] (cpw.mods.modlauncher.LaunchPluginHandler) LauncherPluginService runtimedistcleaner offering transform org.jline.terminal.impl.AbstractPty$PtyInputStream
[15:50:50] [main/DEBUG] (cpw.mods.modlauncher.LaunchPluginHandler) Final flags state for org.jline.terminal.impl.AbstractPty$PtyInputStream is 0
[15:50:50] [main/DEBUG] (cpw.mods.modlauncher.LaunchPluginHandler) LaunchPluginService {AFTER=[org.spongepowered.asm.launch.MixinLaunchPlugin@7ce85af2, net.neoforged.fml.common.asm.RuntimeDistCleaner@41b13f3d]}
[15:50:50] [main/DEBUG] (cpw.mods.modlauncher.LaunchPluginHandler) Final flags state for org.jline.utils.NonBlockingInputStream is 0
[15:50:50] [main/DEBUG] (cpw.mods.modlauncher.LaunchPluginHandler) LauncherPluginService mixin offering transform org.jline.utils.NonBlockingInputStream
[15:50:50] [main/DEBUG] (cpw.mods.modlauncher.LaunchPluginHandler) LauncherPluginService runtimedistcleaner offering transform org.jline.utils.NonBlockingInputStream
[15:50:50] [main/DEBUG] (cpw.mods.modlauncher.LaunchPluginHandler) Final flags state for org.jline.utils.NonBlockingInputStream is 0
[15:50:50] [main/DEBUG] (cpw.mods.modlauncher.LaunchPluginHandler) LaunchPluginService {AFTER=[org.spongepowered.asm.launch.MixinLaunchPlugin@7ce85af2, net.neoforged.fml.common.asm.RuntimeDistCleaner@41b13f3d]}
[15:50:50] [main/DEBUG] (cpw.mods.modlauncher.LaunchPluginHandler) Final flags state for org.jline.terminal.Attributes$InputFlag is 0
[15:50:50] [main/DEBUG] (cpw.mods.modlauncher.LaunchPluginHandler) LauncherPluginService mixin offering transform org.jline.terminal.Attributes$InputFlag
[15:50:50] [main/DEBUG] (cpw.mods.modlauncher.LaunchPluginHandler) LauncherPluginService runtimedistcleaner offering transform org.jline.terminal.Attributes$InputFlag
[15:50:50] [main/DEBUG] (cpw.mods.modlauncher.LaunchPluginHandler) Final flags state for org.jline.terminal.Attributes$InputFlag is 0
[15:50:50] [main/DEBUG] (cpw.mods.modlauncher.LaunchPluginHandler) LaunchPluginService {AFTER=[org.spongepowered.asm.launch.MixinLaunchPlugin@7ce85af2, net.neoforged.fml.common.asm.RuntimeDistCleaner@41b13f3d]}
[15:50:50] [main/DEBUG] (cpw.mods.modlauncher.LaunchPluginHandler) Final flags state for org.jline.terminal.Attributes$OutputFlag is 0
[15:50:50] [main/DEBUG] (cpw.mods.modlauncher.LaunchPluginHandler) LauncherPluginService mixin offering transform org.jline.terminal.Attributes$OutputFlag
[15:50:50] [main/DEBUG] (cpw.mods.modlauncher.LaunchPluginHandler) LauncherPluginService runtimedistcleaner offering transform org.jline.terminal.Attributes$OutputFlag
[15:50:50] [main/DEBUG] (cpw.mods.modlauncher.LaunchPluginHandler) Final flags state for org.jline.terminal.Attributes$OutputFlag is 0
[15:50:50] [main/DEBUG] (cpw.mods.modlauncher.LaunchPluginHandler) LaunchPluginService {AFTER=[org.spongepowered.asm.launch.MixinLaunchPlugin@7ce85af2, net.neoforged.fml.common.asm.RuntimeDistCleaner@41b13f3d]}
[15:50:50] [main/DEBUG] (cpw.mods.modlauncher.LaunchPluginHandler) Final flags state for org.jline.terminal.Attributes$ControlFlag is 0
[15:50:50] [main/DEBUG] (cpw.mods.modlauncher.LaunchPluginHandler) LauncherPluginService mixin offering transform org.jline.terminal.Attributes$ControlFlag
[15:50:50] [main/DEBUG] (cpw.mods.modlauncher.LaunchPluginHandler) LauncherPluginService runtimedistcleaner offering transform org.jline.terminal.Attributes$ControlFlag
[15:50:50] [main/DEBUG] (cpw.mods.modlauncher.LaunchPluginHandler) Final flags state for org.jline.terminal.Attributes$ControlFlag is 0
[15:50:50] [main/DEBUG] (cpw.mods.modlauncher.LaunchPluginHandler) LaunchPluginService {AFTER=[org.spongepowered.asm.launch.MixinLaunchPlugin@7ce85af2, net.neoforged.fml.common.asm.RuntimeDistCleaner@41b13f3d]}
[15:50:50] [main/DEBUG] (cpw.mods.modlauncher.LaunchPluginHandler) Final flags state for org.jline.terminal.Attributes$LocalFlag is 0
[15:50:50] [main/DEBUG] (cpw.mods.modlauncher.LaunchPluginHandler) LauncherPluginService mixin offering transform org.jline.terminal.Attributes$LocalFlag
[15:50:50] [main/DEBUG] (cpw.mods.modlauncher.LaunchPluginHandler) LauncherPluginService runtimedistcleaner offering transform org.jline.terminal.Attributes$LocalFlag
[15:50:50] [main/DEBUG] (cpw.mods.modlauncher.LaunchPluginHandler) Final flags state for org.jline.terminal.Attributes$LocalFlag is 0
[15:50:50] [main/DEBUG] (cpw.mods.modlauncher.LaunchPluginHandler) LaunchPluginService {AFTER=[org.spongepowered.asm.launch.MixinLaunchPlugin@7ce85af2, net.neoforged.fml.common.asm.RuntimeDistCleaner@41b13f3d]}
[15:50:50] [main/DEBUG] (cpw.mods.modlauncher.LaunchPluginHandler) Final flags state for org.jline.utils.OSUtils is 0
[15:50:50] [main/DEBUG] (cpw.mods.modlauncher.LaunchPluginHandler) LauncherPluginService mixin offering transform org.jline.utils.OSUtils
[15:50:50] [main/DEBUG] (cpw.mods.modlauncher.LaunchPluginHandler) LauncherPluginService runtimedistcleaner offering transform org.jline.utils.OSUtils
[15:50:50] [main/DEBUG] (cpw.mods.modlauncher.LaunchPluginHandler) Final flags state for org.jline.utils.OSUtils is 0
[15:50:50] [main/DEBUG] (cpw.mods.modlauncher.LaunchPluginHandler) LaunchPluginService {AFTER=[org.spongepowered.asm.launch.MixinLaunchPlugin@7ce85af2, net.neoforged.fml.common.asm.RuntimeDistCleaner@41b13f3d]}
[15:50:50] [main/DEBUG] (cpw.mods.modlauncher.LaunchPluginHandler) Final flags state for org.jline.utils.ExecHelper is 0
[15:50:50] [main/DEBUG] (cpw.mods.modlauncher.LaunchPluginHandler) LauncherPluginService mixin offering transform org.jline.utils.ExecHelper
[15:50:50] [main/DEBUG] (cpw.mods.modlauncher.LaunchPluginHandler) LauncherPluginService runtimedistcleaner offering transform org.jline.utils.ExecHelper
[15:50:50] [main/DEBUG] (cpw.mods.modlauncher.LaunchPluginHandler) Final flags state for org.jline.utils.ExecHelper is 0
[15:50:50] [main/DEBUG] (cpw.mods.modlauncher.LaunchPluginHandler) LaunchPluginService {AFTER=[org.spongepowered.asm.launch.MixinLaunchPlugin@7ce85af2, net.neoforged.fml.common.asm.RuntimeDistCleaner@41b13f3d]}
[15:50:50] [main/DEBUG] (cpw.mods.modlauncher.LaunchPluginHandler) Final flags state for org.apache.logging.log4j.core.pattern.NameAbbreviator$PatternAbbreviatorFragment is 0
[15:50:50] [main/DEBUG] (cpw.mods.modlauncher.LaunchPluginHandler) LauncherPluginService mixin offering transform org.apache.logging.log4j.core.pattern.NameAbbreviator$PatternAbbreviatorFragment
[15:50:50] [main/DEBUG] (cpw.mods.modlauncher.LaunchPluginHandler) LauncherPluginService runtimedistcleaner offering transform org.apache.logging.log4j.core.pattern.NameAbbreviator$PatternAbbreviatorFragment
[15:50:50] [main/DEBUG] (cpw.mods.modlauncher.LaunchPluginHandler) Final flags state for org.apache.logging.log4j.core.pattern.NameAbbreviator$PatternAbbreviatorFragment is 0
[15:50:50] [main/DEBUG] (cpw.mods.modlauncher.LaunchPluginHandler) LaunchPluginService {AFTER=[org.spongepowered.asm.launch.MixinLaunchPlugin@7ce85af2, net.neoforged.fml.common.asm.RuntimeDistCleaner@41b13f3d]}
[15:50:50] [main/DEBUG] (cpw.mods.modlauncher.LaunchPluginHandler) Final flags state for org.apache.logging.log4j.core.util.datetime.FastDatePrinter$TextField is 0
[15:50:50] [main/DEBUG] (cpw.mods.modlauncher.LaunchPluginHandler) LauncherPluginService mixin offering transform org.apache.logging.log4j.core.util.datetime.FastDatePrinter$TextField
[15:50:50] [main/DEBUG] (cpw.mods.modlauncher.LaunchPluginHandler) LauncherPluginService runtimedistcleaner offering transform org.apache.logging.log4j.core.util.datetime.FastDatePrinter$TextField
[15:50:50] [main/DEBUG] (cpw.mods.modlauncher.LaunchPluginHandler) Final flags state for org.apache.logging.log4j.core.util.datetime.FastDatePrinter$TextField is 0
[035月2026 15:50:51.724] [main/DEBUG] [io.netty.util.internal.logging.InternalLoggerFactory/]: Using SLF4J as the default logging framework
[035月2026 15:50:51.749] [main/DEBUG] [io.netty.util.ResourceLeakDetector/]: -Dio.netty.leakDetection.level: simple
[035月2026 15:50:51.750] [main/DEBUG] [io.netty.util.ResourceLeakDetector/]: -Dio.netty.leakDetection.targetRecords: 4
[035月2026 15:50:54.587] [main/DEBUG] [oshi.util.FileUtil/]: No oshi.properties file found from ClassLoader cpw.mods.modlauncher.TransformingClassLoader@107bfcb2
[035月2026 15:50:55.391] [Datafixer Bootstrap/INFO] [com.mojang.datafixers.DataFixerBuilder/]: 229 Datafixer optimizations took 872 milliseconds
[035月2026 15:50:55.841] [main/DEBUG] [oshi.util.FileUtil/]: No oshi.architecture.properties file found from ClassLoader cpw.mods.modlauncher.TransformingClassLoader@107bfcb2
[035月2026 15:50:56.278] [pool-7-thread-1/INFO] [MixinExtras|Service/]: Initializing MixinExtras via com.llamalad7.mixinextras.service.MixinExtrasServiceImpl(version=0.3.5).
[035月2026 15:50:56.283] [pool-7-thread-1/DEBUG] [mixin/]: Registering new injector for @SugarWrapper with com.llamalad7.mixinextras.sugar.impl.SugarWrapperInjectionInfo
[035月2026 15:50:56.286] [pool-7-thread-1/DEBUG] [mixin/]: Registering new injector for @FactoryRedirectWrapper with com.llamalad7.mixinextras.wrapper.factory.FactoryRedirectWrapperInjectionInfo
[035月2026 15:50:56.295] [pool-7-thread-1/DEBUG] [mixin/]: Mixing MappedRegistryAccessor from neoforge.mixins.json into net.minecraft.core.MappedRegistry
[035月2026 15:50:57.584] [pool-7-thread-1/DEBUG] [net.neoforged.coremod.transformer.CoreModBaseTransformer/COREMOD]: Transforming net/minecraft/world/level/block/FlowerPotBlock
[035月2026 15:50:58.101] [pool-7-thread-1/DEBUG] [net.neoforged.coremod.transformer.CoreModBaseTransformer/COREMOD]: Transforming net/minecraft/world/entity/EntityType
[035月2026 15:51:00.036] [pool-7-thread-1/DEBUG] [mixin/]: Mixing BlockEntityTypeAccessor from neoforge.mixins.json into net.minecraft.world.level.block.entity.BlockEntityType
[035月2026 15:51:00.601] [pool-7-thread-1/DEBUG] [net.neoforged.coremod.transformer.CoreModBaseTransformer/COREMOD]: Transforming net/minecraft/world/level/biome/Biome
[035月2026 15:51:01.829] [pool-7-thread-1/DEBUG] [net.neoforged.coremod.transformer.CoreModBaseTransformer/COREMOD]: Transforming net/minecraft/world/entity/animal/frog/Tadpole
[035月2026 15:51:03.535] [pool-7-thread-1/DEBUG] [io.netty.util.internal.PlatformDependent0/]: -Dio.netty.noUnsafe: false
[035月2026 15:51:03.535] [pool-7-thread-1/DEBUG] [io.netty.util.internal.PlatformDependent0/]: Java version: 21
[035月2026 15:51:03.536] [pool-7-thread-1/DEBUG] [io.netty.util.internal.PlatformDependent0/]: sun.misc.Unsafe.theUnsafe: available
[035月2026 15:51:03.537] [pool-7-thread-1/DEBUG] [io.netty.util.internal.PlatformDependent0/]: sun.misc.Unsafe.copyMemory: available
[035月2026 15:51:03.537] [pool-7-thread-1/DEBUG] [io.netty.util.internal.PlatformDependent0/]: sun.misc.Unsafe.storeFence: available
[035月2026 15:51:03.538] [pool-7-thread-1/DEBUG] [io.netty.util.internal.PlatformDependent0/]: java.nio.Buffer.address: available
[035月2026 15:51:03.540] [pool-7-thread-1/DEBUG] [io.netty.util.internal.PlatformDependent0/]: java.nio.Bits.unaligned: available, true
[035月2026 15:51:03.544] [pool-7-thread-1/DEBUG] [io.netty.util.internal.PlatformDependent0/]: java.nio.DirectByteBuffer.<init>(long, {int,long}): unavailable
[035月2026 15:51:03.544] [pool-7-thread-1/DEBUG] [io.netty.util.internal.PlatformDependent/]: sun.misc.Unsafe: available
[035月2026 15:51:03.545] [pool-7-thread-1/DEBUG] [io.netty.util.internal.PlatformDependent/]: maxDirectMemory: 4223664128 bytes (maybe)
[035月2026 15:51:03.545] [pool-7-thread-1/DEBUG] [io.netty.util.internal.PlatformDependent/]: -Dio.netty.tmpdir: C:\Users\王浩然\AppData\Local\Temp (java.io.tmpdir)
[035月2026 15:51:03.545] [pool-7-thread-1/DEBUG] [io.netty.util.internal.PlatformDependent/]: -Dio.netty.bitMode: 64 (sun.arch.data.model)
[035月2026 15:51:03.546] [pool-7-thread-1/DEBUG] [io.netty.util.internal.PlatformDependent/]: Platform: Windows
[035月2026 15:51:03.548] [pool-7-thread-1/DEBUG] [io.netty.util.internal.PlatformDependent/]: -Dio.netty.maxDirectMemory: -1 bytes
[035月2026 15:51:03.548] [pool-7-thread-1/DEBUG] [io.netty.util.internal.PlatformDependent/]: -Dio.netty.uninitializedArrayAllocationThreshold: -1
[035月2026 15:51:03.552] [pool-7-thread-1/DEBUG] [io.netty.util.internal.CleanerJava9/]: java.nio.ByteBuffer.cleaner(): available
[035月2026 15:51:03.552] [pool-7-thread-1/DEBUG] [io.netty.util.internal.PlatformDependent/]: -Dio.netty.noPreferDirect: false
[035月2026 15:51:04.241] [pool-7-thread-1/DEBUG] [net.neoforged.coremod.transformer.CoreModBaseTransformer/COREMOD]: Transforming net/minecraft/world/entity/monster/Spider
[035月2026 15:51:04.339] [pool-7-thread-1/DEBUG] [net.neoforged.coremod.transformer.CoreModBaseTransformer/COREMOD]: Transforming net/minecraft/world/entity/monster/Zombie
[035月2026 15:51:04.419] [pool-7-thread-1/DEBUG] [net.neoforged.coremod.transformer.CoreModBaseTransformer/COREMOD]: Transforming net/minecraft/world/entity/monster/ZombieVillager
[035月2026 15:51:04.541] [pool-7-thread-1/DEBUG] [net.neoforged.coremod.transformer.CoreModBaseTransformer/COREMOD]: Transforming net/minecraft/world/entity/monster/Evoker$EvokerSummonSpellGoal
[035月2026 15:51:04.852] [pool-7-thread-1/DEBUG] [net.neoforged.coremod.transformer.CoreModBaseTransformer/COREMOD]: Transforming net/minecraft/world/entity/animal/horse/SkeletonTrapGoal
[035月2026 15:51:04.899] [pool-7-thread-1/DEBUG] [net.neoforged.coremod.transformer.CoreModBaseTransformer/COREMOD]: Transforming net/minecraft/world/entity/monster/Strider
[035月2026 15:51:05.028] [pool-7-thread-1/DEBUG] [net.neoforged.coremod.transformer.CoreModBaseTransformer/COREMOD]: Transforming net/minecraft/world/entity/npc/Villager
[035月2026 15:51:07.307] [pool-7-thread-1/DEBUG] [net.neoforged.coremod.transformer.CoreModBaseTransformer/COREMOD]: Transforming net/minecraft/world/level/levelgen/structure/Structure
[035月2026 15:51:07.372] [pool-7-thread-1/DEBUG] [net.neoforged.coremod.transformer.CoreModBaseTransformer/COREMOD]: Transforming net/minecraft/world/level/levelgen/structure/structures/OceanRuinPieces$OceanRuinPiece
[035月2026 15:51:07.400] [pool-7-thread-1/DEBUG] [net.neoforged.coremod.transformer.CoreModBaseTransformer/COREMOD]: Transforming net/minecraft/world/level/levelgen/structure/structures/SwampHutPiece
[035月2026 15:51:07.428] [pool-7-thread-1/DEBUG] [net.neoforged.coremod.transformer.CoreModBaseTransformer/COREMOD]: Transforming net/minecraft/world/level/levelgen/structure/structures/OceanMonumentPieces$OceanMonumentPiece
[035月2026 15:51:07.472] [pool-7-thread-1/DEBUG] [net.neoforged.coremod.transformer.CoreModBaseTransformer/COREMOD]: Transforming net/minecraft/world/level/levelgen/structure/structures/WoodlandMansionPieces$WoodlandMansionPiece
[035月2026 15:51:09.684] [main/DEBUG] [net.neoforged.coremod.transformer.CoreModBaseTransformer/COREMOD]: Transforming net/minecraft/server/commands/SummonCommand
[035月2026 15:51:09.928] [main/DEBUG] [net.neoforged.coremod.transformer.CoreModBaseTransformer/COREMOD]: Transforming net/minecraft/server/commands/RaidCommand
[035月2026 15:51:10.174] [main/WARN] [net.minecraft.commands.Commands/]: Ambiguity between arguments [teleport, location] and [teleport, destination] with inputs: [0.1 -0.5 .9, 0 0 0]
[035月2026 15:51:10.177] [main/WARN] [net.minecraft.commands.Commands/]: Ambiguity between arguments [teleport, location] and [teleport, targets] with inputs: [0.1 -0.5 .9, 0 0 0]
[035月2026 15:51:10.186] [main/WARN] [net.minecraft.commands.Commands/]: Ambiguity between arguments [teleport, destination] and [teleport, targets] with inputs: [Player, 0123, @e, dd12be42-52a9-4a91-a8a1-11c01849e498]
[035月2026 15:51:10.189] [main/WARN] [net.minecraft.commands.Commands/]: Ambiguity between arguments [teleport, targets] and [teleport, destination] with inputs: [Player, 0123, dd12be42-52a9-4a91-a8a1-11c01849e498]
[035月2026 15:51:10.191] [main/WARN] [net.minecraft.commands.Commands/]: Ambiguity between arguments [teleport, targets, location] and [teleport, targets, destination] with inputs: [0.1 -0.5 .9, 0 0 0]
[035月2026 15:51:10.592] [Render thread/WARN] [net.minecraft.server.packs.VanillaPackResourcesBuilder/]: Assets URL 'union:/D:/.gradle/caches/fabric-loom/minecraftMaven/net/minecraft/neoforge-21.0.167-minecraft-merged/1.21-loom.mappings.1_21.layered+hash.40359-v2-neoforge-21.0.167/neoforge-21.0.167-minecraft-merged-1.21-loom.mappings.1_21.layered+hash.40359-v2-neoforge-21.0.167.jar%23193!/assets/.mcassetsroot' uses unexpected schema
[035月2026 15:51:10.593] [Render thread/WARN] [net.minecraft.server.packs.VanillaPackResourcesBuilder/]: Assets URL 'union:/D:/.gradle/caches/fabric-loom/minecraftMaven/net/minecraft/neoforge-21.0.167-minecraft-merged/1.21-loom.mappings.1_21.layered+hash.40359-v2-neoforge-21.0.167/neoforge-21.0.167-minecraft-merged-1.21-loom.mappings.1_21.layered+hash.40359-v2-neoforge-21.0.167.jar%23193!/data/.mcassetsroot' uses unexpected schema
[035月2026 15:51:10.653] [Render thread/INFO] [com.mojang.authlib.yggdrasil.YggdrasilAuthenticationService/]: Environment: Environment[sessionHost=https://sessionserver.mojang.com, servicesHost=https://api.minecraftservices.com, name=PROD]
[035月2026 15:51:10.675] [Render thread/INFO] [net.minecraft.client.Minecraft/]: Setting user: Dev
[035月2026 15:51:10.791] [Render thread/INFO] [net.minecraft.client.Minecraft/]: Backend library: LWJGL version 3.3.3+5
[035月2026 15:51:10.847] [Render thread/DEBUG] [mixin/]: Mixing test.GL11Mixin from mr.mixins.json into org.lwjgl.opengl.GL11
[035月2026 15:51:11.284] [Render thread/DEBUG] [net.neoforged.fml.ModWorkManager/LOADING]: Using 16 threads for parallel mod-loading
[035月2026 15:51:11.322] [Render thread/DEBUG] [net.neoforged.fml.javafmlmod.FMLModContainer/LOADING]: Creating FMLModContainer instance for [cn.ksmcbrigade.mr.MixinRuntimeMod]
[035月2026 15:51:11.326] [Render thread/DEBUG] [net.neoforged.fml.javafmlmod.FMLModContainer/LOADING]: Creating FMLModContainer instance for [net.neoforged.neoforge.common.NeoForgeMod, net.neoforged.neoforge.client.ClientNeoForgeMod]
[035月2026 15:51:11.351] [modloading-worker-0/WARN] [mixin/]: Reference map '' for mr.mixins.json could not be read. If this is a development environment you can ignore this message
[035月2026 15:51:11.357] [modloading-worker-0/INFO] [mixin.agent/]: Redefining class cn/ksmcbrigade/mr/mixin/test/GL11Mixin
[035月2026 15:51:11.391] [modloading-worker-0/INFO] [cn.ksmcbrigade.mr.MixinRuntimeMod/]: mixin utils redefining class org.lwjgl.opengl.GL11
[035月2026 15:51:11.393] [modloading-worker-0/INFO] [mixin.agent/]: Redefining class org/lwjgl/opengl/GL11
[035月2026 15:51:11.441] [modloading-worker-0/DEBUG] [mixin/]: Mixing test.GL11Mixin from mr.mixins.json into org.lwjgl.opengl.GL11
[035月2026 15:51:11.455] [modloading-worker-0/INFO] [mixin.agent/]: Redefining class org/lwjgl/opengl/GL11
[035月2026 15:51:11.457] [modloading-worker-0/DEBUG] [net.neoforged.neoforge.internal.versions.neoforge.NeoForgeVersion/CORE]: Found NeoForge version 21.0.167
[035月2026 15:51:11.459] [modloading-worker-0/DEBUG] [net.neoforged.neoforge.internal.versions.neoforge.NeoForgeVersion/CORE]: Found FML version 4.0.23
[035月2026 15:51:11.459] [modloading-worker-0/INFO] [net.neoforged.neoforge.common.NeoForgeMod/NEOFORGE-MOD]: NeoForge mod loading, version 21.0.167, for MC 1.21
[035月2026 15:51:11.504] [modloading-worker-0/INFO] [mixin.agent/]: Redefining class net/neoforged/neoforge/mixins/MappedRegistryAccessor
[035月2026 15:51:11.535] [modloading-worker-0/INFO] [cn.ksmcbrigade.mr.MixinRuntimeMod/]: mixin utils redefining class net.minecraft.core.MappedRegistry
[035月2026 15:51:11.535] [modloading-worker-0/INFO] [mixin.agent/]: Redefining class net/minecraft/core/MappedRegistry
[035月2026 15:51:11.589] [modloading-worker-0/DEBUG] [mixin/]: Mixing MappedRegistryAccessor from neoforge.mixins.json into net.minecraft.core.MappedRegistry
[035月2026 15:51:11.590] [modloading-worker-0/DEBUG] [mixin/]: Unexpected: Registered method neoforge$getRegistrationInfos()Ljava/util/Map; in net.minecraft.core.MappedRegistry was not merged
[035月2026 15:51:11.592] [modloading-worker-0/INFO] [mixin.agent/]: Redefining class net/minecraft/core/MappedRegistry
[035月2026 15:51:11.633] [modloading-worker-0/INFO] [mixin.agent/]: Redefining class net/neoforged/neoforge/mixins/BlockEntityTypeAccessor
[035月2026 15:51:11.663] [modloading-worker-0/INFO] [cn.ksmcbrigade.mr.MixinRuntimeMod/]: mixin utils redefining class net.minecraft.world.level.block.entity.BlockEntityType
[035月2026 15:51:11.663] [modloading-worker-0/INFO] [mixin.agent/]: Redefining class net/minecraft/world/level/block/entity/BlockEntityType
[035月2026 15:51:11.698] [modloading-worker-0/DEBUG] [mixin/]: Mixing BlockEntityTypeAccessor from neoforge.mixins.json into net.minecraft.world.level.block.entity.BlockEntityType
[035月2026 15:51:11.699] [modloading-worker-0/DEBUG] [mixin/]: Unexpected: Registered method neoforge$setValidBlocks(Ljava/util/Set;)V in net.minecraft.world.level.block.entity.BlockEntityType was not merged
[035月2026 15:51:11.700] [modloading-worker-0/INFO] [mixin.agent/]: Redefining class net/minecraft/world/level/block/entity/BlockEntityType
[035月2026 15:51:11.733] [modloading-worker-0/INFO] [cn.ksmcbrigade.mr.MixinRuntimeMod/]: MixinRuntimeMod Loaded.
[035月2026 15:51:11.734] [modloading-worker-0/DEBUG] [net.neoforged.fml.javafmlmod.AutomaticEventSubscriber/LOADING]: Attempting to inject @EventBusSubscriber classes into the eventbus for mr
[035月2026 15:51:11.786] [modloading-worker-0/DEBUG] [net.neoforged.fml.config.ConfigTracker/CONFIG]: Config file neoforge-client.toml for neoforge tracking
[035月2026 15:51:11.786] [modloading-worker-0/DEBUG] [net.neoforged.fml.config.ConfigTracker/CONFIG]: Config file neoforge-server.toml for neoforge tracking
[035月2026 15:51:11.786] [modloading-worker-0/DEBUG] [net.neoforged.fml.config.ConfigTracker/CONFIG]: Config file neoforge-common.toml for neoforge tracking
[035月2026 15:51:11.894] [modloading-worker-0/DEBUG] [net.neoforged.fml.javafmlmod.AutomaticEventSubscriber/LOADING]: Attempting to inject @EventBusSubscriber classes into the eventbus for neoforge
[035月2026 15:51:11.898] [modloading-worker-0/DEBUG] [net.neoforged.fml.javafmlmod.AutomaticEventSubscriber/LOADING]: Auto-subscribing net.neoforged.neoforge.attachment.AttachmentInternals to GAME
[035月2026 15:51:11.901] [modloading-worker-0/DEBUG] [net.neoforged.fml.javafmlmod.AutomaticEventSubscriber/LOADING]: Auto-subscribing net.neoforged.neoforge.server.command.ConfigCommand to GAME
[035月2026 15:51:11.902] [modloading-worker-0/DEBUG] [net.neoforged.fml.javafmlmod.AutomaticEventSubscriber/LOADING]: Auto-subscribing net.neoforged.neoforge.network.ConfigurationInitialization to MOD
[035月2026 15:51:11.907] [modloading-worker-0/DEBUG] [net.neoforged.fml.javafmlmod.AutomaticEventSubscriber/LOADING]: Auto-subscribing net.neoforged.neoforge.network.filters.GenericPacketSplitter to MOD
[035月2026 15:51:11.951] [modloading-worker-0/DEBUG] [io.netty.buffer.AbstractByteBuf/]: -Dio.netty.buffer.checkAccessible: true
[035月2026 15:51:11.951] [modloading-worker-0/DEBUG] [io.netty.buffer.AbstractByteBuf/]: -Dio.netty.buffer.checkBounds: true
[035月2026 15:51:11.952] [modloading-worker-0/DEBUG] [io.netty.util.ResourceLeakDetectorFactory/]: Loaded default ResourceLeakDetector: io.netty.util.ResourceLeakDetector@4b3a571e
[035月2026 15:51:11.964] [modloading-worker-0/DEBUG] [io.netty.util.internal.InternalThreadLocalMap/]: -Dio.netty.threadLocalMap.stringBuilder.initialSize: 1024
[035月2026 15:51:11.964] [modloading-worker-0/DEBUG] [io.netty.util.internal.InternalThreadLocalMap/]: -Dio.netty.threadLocalMap.stringBuilder.maxSize: 4096
[035月2026 15:51:11.969] [modloading-worker-0/DEBUG] [io.netty.buffer.PooledByteBufAllocator/]: -Dio.netty.allocator.numHeapArenas: 32
[035月2026 15:51:11.969] [modloading-worker-0/DEBUG] [io.netty.buffer.PooledByteBufAllocator/]: -Dio.netty.allocator.numDirectArenas: 32
[035月2026 15:51:11.970] [modloading-worker-0/DEBUG] [io.netty.buffer.PooledByteBufAllocator/]: -Dio.netty.allocator.pageSize: 8192
[035月2026 15:51:11.970] [modloading-worker-0/DEBUG] [io.netty.buffer.PooledByteBufAllocator/]: -Dio.netty.allocator.maxOrder: 9
[035月2026 15:51:11.970] [modloading-worker-0/DEBUG] [io.netty.buffer.PooledByteBufAllocator/]: -Dio.netty.allocator.chunkSize: 4194304
[035月2026 15:51:11.970] [modloading-worker-0/DEBUG] [io.netty.buffer.PooledByteBufAllocator/]: -Dio.netty.allocator.smallCacheSize: 256
[035月2026 15:51:11.970] [modloading-worker-0/DEBUG] [io.netty.buffer.PooledByteBufAllocator/]: -Dio.netty.allocator.normalCacheSize: 64
[035月2026 15:51:11.970] [modloading-worker-0/DEBUG] [io.netty.buffer.PooledByteBufAllocator/]: -Dio.netty.allocator.maxCachedBufferCapacity: 32768
[035月2026 15:51:11.970] [modloading-worker-0/DEBUG] [io.netty.buffer.PooledByteBufAllocator/]: -Dio.netty.allocator.cacheTrimInterval: 8192
[035月2026 15:51:11.970] [modloading-worker-0/DEBUG] [io.netty.buffer.PooledByteBufAllocator/]: -Dio.netty.allocator.cacheTrimIntervalMillis: 0
[035月2026 15:51:11.970] [modloading-worker-0/DEBUG] [io.netty.buffer.PooledByteBufAllocator/]: -Dio.netty.allocator.useCacheForAllThreads: false
[035月2026 15:51:11.970] [modloading-worker-0/DEBUG] [io.netty.buffer.PooledByteBufAllocator/]: -Dio.netty.allocator.maxCachedByteBuffersPerChunk: 1023
[035月2026 15:51:11.989] [modloading-worker-0/DEBUG] [io.netty.buffer.ByteBufUtil/]: -Dio.netty.allocator.type: pooled
[035月2026 15:51:11.989] [modloading-worker-0/DEBUG] [io.netty.buffer.ByteBufUtil/]: -Dio.netty.threadLocalDirectBufferSize: 0
[035月2026 15:51:11.989] [modloading-worker-0/DEBUG] [io.netty.buffer.ByteBufUtil/]: -Dio.netty.maxThreadLocalCharBufferSize: 16384
[035月2026 15:51:12.007] [modloading-worker-0/DEBUG] [net.neoforged.fml.javafmlmod.AutomaticEventSubscriber/LOADING]: Auto-subscribing net.neoforged.neoforge.network.NetworkInitialization to MOD
[035月2026 15:51:12.008] [modloading-worker-0/DEBUG] [net.neoforged.fml.javafmlmod.AutomaticEventSubscriber/LOADING]: Auto-subscribing net.neoforged.neoforge.client.ParticleBoundsDebugRenderer to GAME
[035月2026 15:51:12.012] [modloading-worker-0/DEBUG] [net.neoforged.fml.javafmlmod.AutomaticEventSubscriber/LOADING]: Auto-subscribing net.neoforged.neoforge.client.BlockEntityRenderBoundsDebugRenderer to GAME
[035月2026 15:51:12.015] [modloading-worker-0/DEBUG] [net.neoforged.fml.javafmlmod.AutomaticEventSubscriber/LOADING]: Auto-subscribing net.neoforged.neoforge.client.ClientHooks$ClientEvents to MOD
[035月2026 15:51:12.019] [modloading-worker-0/DEBUG] [net.neoforged.fml.javafmlmod.AutomaticEventSubscriber/LOADING]: Auto-subscribing net.neoforged.neoforge.client.model.data.ModelDataManager to GAME
[035月2026 15:51:12.021] [modloading-worker-0/DEBUG] [net.neoforged.fml.javafmlmod.AutomaticEventSubscriber/LOADING]: Auto-subscribing net.neoforged.neoforge.common.MonsterRoomHooks to GAME
[035月2026 15:51:12.023] [modloading-worker-0/DEBUG] [net.neoforged.fml.javafmlmod.AutomaticEventSubscriber/LOADING]: Auto-subscribing net.neoforged.neoforge.common.DeferredSpawnEggItem$CommonHandler to MOD
[035月2026 15:51:12.024] [modloading-worker-0/DEBUG] [net.neoforged.fml.javafmlmod.AutomaticEventSubscriber/LOADING]: Auto-subscribing net.neoforged.neoforge.common.DeferredSpawnEggItem$ColorRegisterHandler to MOD
[035月2026 15:51:12.189] [modloading-sync-worker/DEBUG] [net.neoforged.fml.config.ConfigTracker/CONFIG]: Loading configs type CLIENT
[035月2026 15:51:12.203] [modloading-sync-worker/DEBUG] [net.neoforged.neoforge.common.NeoForgeConfig/FORGEMOD]: Loaded NeoForge config file neoforge-client.toml
[035月2026 15:51:12.203] [modloading-sync-worker/DEBUG] [net.neoforged.fml.config.ConfigTracker/CONFIG]: Loaded TOML config file D:\MixinRuntime121\run\config\neoforge-client.toml
[035月2026 15:51:12.215] [modloading-sync-worker/DEBUG] [net.neoforged.fml.config.ConfigTracker/CONFIG]: Watching TOML config file D:\MixinRuntime121\run\config\neoforge-client.toml for changes
[035月2026 15:51:12.215] [modloading-sync-worker/DEBUG] [net.neoforged.fml.config.ConfigTracker/CONFIG]: Loading configs type COMMON
[035月2026 15:51:12.217] [modloading-sync-worker/DEBUG] [net.neoforged.neoforge.common.NeoForgeConfig/FORGEMOD]: Loaded NeoForge config file neoforge-common.toml
[035月2026 15:51:12.217] [modloading-sync-worker/DEBUG] [net.neoforged.fml.config.ConfigTracker/CONFIG]: Loaded TOML config file D:\MixinRuntime121\run\config\neoforge-common.toml
[035月2026 15:51:12.218] [modloading-sync-worker/DEBUG] [net.neoforged.fml.config.ConfigTracker/CONFIG]: Watching TOML config file D:\MixinRuntime121\run\config\neoforge-common.toml for changes
[035月2026 15:51:12.726] [Render thread/INFO] [net.neoforged.neoforge.gametest.GameTestHooks/]: Enabled Gametest Namespaces: []
[035月2026 15:51:12.849] [Render thread/INFO] [net.minecraft.server.packs.resources.ReloadableResourceManager/]: Reloading ResourceManager: vanilla, mod_resources, mod/mr, mod/neoforge
[035月2026 15:51:13.060] [Render thread/DEBUG] [net.neoforged.fml.DeferredWorkQueue/LOADING]: Dispatching synchronous work for work queue Common setup: 1 jobs
[035月2026 15:51:13.075] [Render thread/DEBUG] [net.neoforged.fml.DeferredWorkQueue/LOADING]: Synchronous work queue completed in 12.61 ms
[035月2026 15:51:13.082] [Worker-Main-12/INFO] [net.minecraft.client.gui.font.providers.UnihexProvider/]: Found unifont_all_no_pua-15.1.05.hex, loading
[035月2026 15:51:13.287] [Worker-Main-7/INFO] [net.minecraft.client.gui.font.providers.UnihexProvider/]: Found unifont_jp_patch-15.1.05.hex, loading
[035月2026 15:51:15.115] [Render thread/WARN] [net.minecraft.client.sounds.SoundEngine/]: Missing sound for event: minecraft:item.goat_horn.play
[035月2026 15:51:15.115] [Render thread/WARN] [net.minecraft.client.sounds.SoundEngine/]: Missing sound for event: minecraft:entity.goat.screaming.horn_break
[035月2026 15:51:15.224] [Render thread/INFO] [com.mojang.blaze3d.audio.Library/]: OpenAL initialized on device OpenAL Soft on 耳机 (LE206)
[035月2026 15:51:15.226] [Render thread/INFO] [net.minecraft.client.sounds.SoundEngine/SOUNDS]: Sound engine started
[035月2026 15:51:15.361] [Render thread/INFO] [net.minecraft.client.renderer.texture.TextureAtlas/]: Created: 1024x512x4 minecraft:textures/atlas/blocks.png-atlas
[035月2026 15:51:16.096] [Render thread/INFO] [net.minecraft.client.renderer.texture.TextureAtlas/]: Created: 256x256x4 minecraft:textures/atlas/signs.png-atlas
[035月2026 15:51:16.160] [Render thread/INFO] [net.minecraft.client.renderer.texture.TextureAtlas/]: Created: 512x512x4 minecraft:textures/atlas/shield_patterns.png-atlas
[035月2026 15:51:16.284] [Render thread/INFO] [net.minecraft.client.renderer.texture.TextureAtlas/]: Created: 512x512x4 minecraft:textures/atlas/banner_patterns.png-atlas
[035月2026 15:51:16.453] [Render thread/INFO] [net.minecraft.client.renderer.texture.TextureAtlas/]: Created: 1024x1024x4 minecraft:textures/atlas/armor_trims.png-atlas
[035月2026 15:51:18.796] [Render thread/INFO] [net.minecraft.client.renderer.texture.TextureAtlas/]: Created: 128x64x4 minecraft:textures/atlas/decorated_pot.png-atlas
[035月2026 15:51:18.935] [Render thread/INFO] [net.minecraft.client.renderer.texture.TextureAtlas/]: Created: 256x256x4 minecraft:textures/atlas/chest.png-atlas
[035月2026 15:51:19.007] [Render thread/INFO] [net.minecraft.client.renderer.texture.TextureAtlas/]: Created: 512x256x4 minecraft:textures/atlas/shulker_boxes.png-atlas
[035月2026 15:51:19.143] [Render thread/INFO] [net.minecraft.client.renderer.texture.TextureAtlas/]: Created: 512x256x4 minecraft:textures/atlas/beds.png-atlas
[035月2026 15:51:19.499] [Render thread/INFO] [net.minecraft.client.renderer.texture.TextureAtlas/]: Created: 512x256x0 minecraft:textures/atlas/particles.png-atlas
[035月2026 15:51:19.767] [Render thread/INFO] [net.minecraft.client.renderer.texture.TextureAtlas/]: Created: 512x256x0 minecraft:textures/atlas/paintings.png-atlas
[035月2026 15:51:19.770] [Render thread/INFO] [net.minecraft.client.renderer.texture.TextureAtlas/]: Created: 256x128x0 minecraft:textures/atlas/mob_effects.png-atlas
[035月2026 15:51:19.772] [Render thread/INFO] [net.minecraft.client.renderer.texture.TextureAtlas/]: Created: 64x64x0 minecraft:textures/atlas/map_decorations.png-atlas
[035月2026 15:51:19.773] [Render thread/INFO] [net.minecraft.client.renderer.texture.TextureAtlas/]: Created: 1024x512x0 minecraft:textures/atlas/gui.png-atlas
[035月2026 15:51:19.840] [Render thread/WARN] [net.minecraft.client.renderer.ShaderInstance/]: Shader rendertype_entity_translucent_emissive could not find sampler named Sampler2 in the specified shader program.
[035月2026 15:51:28.454] [Render thread/INFO] [net.minecraft.client.Minecraft/]: Stopping!
